{"sessionId":"536900","hypothesisId":"H9","location":"initCommandSurface","message":"before_gpu_probe","data":{"d0":0,"d1":0,"d2":0},"timestamp":59590960,"runId":"pre-fix"}
{"sessionId":"536900","hypothesisId":"H9","location":"initCommandSurface","message":"after_gpu_probe","data":{"d0":0,"d1":0,"d2":0},"timestamp":59590965,"runId":"pre-fix"}
{"sessionId":"536900","hypothesisId":"H10","location":"handleMessage","message":"after_wm_deferred_init","data":{"d0":0,"d1":0,"d2":0},"timestamp":59591349,"runId":"pre-fix"}
{"sessionId":"5daacc","hypothesisId":"H2","location":"P1PRA_Veh","message":"access_violation","data":{"rip":"00000000003A93C4","tid":22492,"stage":0,"telemetry_stage":0,"utc_stage":0},"timestamp":59591359,"runId":"pre-fix"}
{"sessionId":"536900","hypothesisId":"H9","location":"initCommandSurface","message":"before_gpu_probe","data":{"d0":0,"d1":0,"d2":0},"timestamp":60518392,"runId":"pre-fix"}
{"sessionId":"536900","hypothesisId":"H9","location":"initCommandSurface","message":"after_gpu_probe","data":{"d0":0,"d1":0,"d2":0},"timestamp":60518397,"runId":"pre-fix"}
{"sessionId":"536900","hypothesisId":"H10","location":"handleMessage","message":"after_wm_deferred_init","data":{"d0":0,"d1":0,"d2":0},"timestamp":60518758,"runId":"pre-fix"}
{"sessionId":"536900","hypothesisId":"H9","location":"initCommandSurface","message":"before_gpu_probe","data":{"d0":0,"d1":0,"d2":0},"timestamp":60588547,"runId":"pre-fix"}
{"sessionId":"536900","hypothesisId":"H9","location":"initCommandSurface","message":"after_gpu_probe","data":{"d0":0,"d1":0,"d2":0},"timestamp":60588552,"runId":"pre-fix"}
{"sessionId":"536900","hypothesisId":"H10","location":"handleMessage","message":"after_wm_deferred_init","data":{"d0":0,"d1":0,"d2":0},"timestamp":60588890,"runId":"pre-fix"}
{"sessionId":"536900","hypothesisId":"H9","location":"initCommandSurface","message":"before_gpu_probe","data":{"d0":0,"d1":0,"d2":0},"timestamp":60673484,"runId":"pre-fix"}
{"sessionId":"536900","hypothesisId":"H9","location":"initCommandSurface","message":"after_gpu_probe","data":{"d0":0,"d1":0,"d2":0},"timestamp":60673490,"runId":"pre-fix"}
{"sessionId":"536900","hypothesisId":"H10","location":"handleMessage","message":"after_wm_deferred_init","data":{"d0":0,"d1":0,"d2":0},"timestamp":60673833,"runId":"pre-fix"}
{"sessionId":"536900","hypothesisId":"H9","location":"initCommandSurface","message":"before_gpu_probe","data":{"d0":0,"d1":0,"d2":0},"timestamp":60850327,"runId":"pre-fix"}
{"sessionId":"536900","hypothesisId":"H9","location":"initCommandSurface","message":"after_gpu_probe","data":{"d0":0,"d1":0,"d2":0},"timestamp":60850331,"runId":"pre-fix"}
{"sessionId":"536900","hypothesisId":"H10","location":"handleMessage","message":"after_wm_deferred_init","data":{"d0":0,"d1":0,"d2":0},"timestamp":60850691,"runId":"pre-fix"}
{"sessionId":"5daacc","hypothesisId":"H2","location":"P1PRA_Veh","message":"access_violation","data":{"rip":"000000001D9C097D","tid":7508,"stage":0,"telemetry_stage":0,"utc_stage":0},"timestamp":60888052,"runId":"pre-fix"}
{"sessionId":"5daacc","hypothesisId":"H2","location":"P1PRA_Veh","message":"access_violation","data":{"rip":"0000000000B29304","tid":7508,"stage":0,"telemetry_stage":0,"utc_stage":0},"timestamp":60888097,"runId":"pre-fix"}
{"sessionId":"536900","hypothesisId":"H9","location":"initCommandSurface","message":"before_gpu_probe","data":{"d0":0,"d1":0,"d2":0},"timestamp":61223856,"runId":"pre-fix"}
{"sessionId":"536900","hypothesisId":"H9","location":"initCommandSurface","message":"after_gpu_probe","data":{"d0":0,"d1":0,"d2":0},"timestamp":61223860,"runId":"pre-fix"}
{"sessionId":"536900","hypothesisId":"H10","location":"handleMessage","message":"after_wm_deferred_init","data":{"d0":0,"d1":0,"d2":0},"timestamp":61224208,"runId":"pre-fix"}
{"sessionId":"5daacc","hypothesisId":"H2","location":"P1PRA_Veh","message":"access_violation","data":{"rip":"00000000005A93C4","tid":17976,"stage":0,"telemetry_stage":0,"utc_stage":0},"timestamp":61224217,"runId":"pre-fix"}
{"sessionId":"536900","hypothesisId":"H9","location":"initCommandSurface","message":"before_gpu_probe","data":{"d0":0,"d1":0,"d2":0},"timestamp":61262925,"runId":"pre-fix"}
{"sessionId":"536900","hypothesisId":"H9","location":"initCommandSurface","message":"after_gpu_probe","data":{"d0":0,"d1":0,"d2":0},"timestamp":61262929,"runId":"pre-fix"}
{"sessionId":"536900","hypothesisId":"H10","location":"handleMessage","message":"after_wm_deferred_init","data":{"d0":0,"d1":0,"d2":0},"timestamp":61263290,"runId":"pre-fix"}
{"sessionId":"5daacc","hypothesisId":"H2","location":"P1PRA_Veh","message":"access_violation","data":{"rip":"00000000005A93C4","tid":7156,"stage":0,"telemetry_stage":0,"utc_stage":0},"timestamp":61263299,"runId":"pre-fix"}
{"sessionId":"536900","timestamp":1788815128697,"location":"GpuDecodeEfficiency.cpp:BeginDecodeWindow","message":"decode_window_open","data":{"sensor_available":false,"sensor":"none"},"hypothesisId":"TPW"}
{"sessionId":"536900","timestamp":1788815199680,"location":"GpuDecodeEfficiency.cpp:BeginDecodeWindow","message":"decode_window_open","data":{"sensor_available":false,"sensor":"none"},"hypothesisId":"TPW"}
{"sessionId":"536900","timestamp":1788815204561,"location":"GpuDecodeEfficiency.cpp:Finalize","message":"gpu_decode_efficiency","data":{"power_valid":false,"sensor":"none","decode_tps":1.639146,"avg_w":0.000000,"tpw":0.000000,"samples":0},"hypothesisId":"TPW"}
{"sessionId":"536900","timestamp":1788815215250,"location":"GpuDecodeEfficiency.cpp:BeginDecodeWindow","message":"decode_window_open","data":{"sensor_available":false,"sensor":"none"},"hypothesisId":"TPW"}
{"sessionId":"536900","timestamp":1788815225585,"location":"GpuDecodeEfficiency.cpp:Finalize","message":"gpu_decode_efficiency","data":{"power_valid":false,"sensor":"none","decode_tps":0.774063,"avg_w":0.000000,"tpw":0.000000,"samples":0},"hypothesisId":"TPW"}
{"sessionId":"536900","timestamp":1788815244764,"location":"GpuDecodeEfficiency.cpp:BeginDecodeWindow","message":"decode_window_open","data":{"sensor_available":false,"sensor":"none"},"hypothesisId":"TPW"}
{"sessionId":"536900","timestamp":1788815254460,"location":"GpuDecodeEfficiency.cpp:BeginDecodeWindow","message":"decode_window_open","data":{"sensor_available":false,"sensor":"none"},"hypothesisId":"TPW"}
{"sessionId":"536900","timestamp":1788815294332,"location":"GpuDecodeEfficiency.cpp:BeginDecodeWindow","message":"decode_window_open","data":{"sensor_available":false,"sensor":"none"},"hypothesisId":"TPW"}
{"sessionId":"536900","timestamp":1788815334725,"location":"GpuDecodeEfficiency.cpp:BeginDecodeWindow","message":"decode_window_open","data":{"sensor_available":false,"sensor":"none"},"hypothesisId":"TPW"}
{"sessionId":"536900","timestamp":1788815340715,"location":"GpuDecodeEfficiency.cpp:Finalize","message":"gpu_decode_efficiency","data":{"power_valid":false,"sensor":"none","decode_tps":1.335378,"avg_w":0.000000,"tpw":0.000000,"samples":0},"hypothesisId":"TPW"}
{"sessionId":"536900","timestamp":1788815364036,"location":"GpuDecodeEfficiency.cpp:BeginDecodeWindow","message":"decode_window_open","data":{"sensor_available":false,"sensor":"none"},"hypothesisId":"TPW"}
{"sessionId":"536900","timestamp":1788815368440,"location":"GpuDecodeEfficiency.cpp:Finalize","message":"gpu_decode_efficiency","data":{"power_valid":false,"sensor":"none","decode_tps":1.816631,"avg_w":0.000000,"tpw":0.000000,"samples":0},"hypothesisId":"TPW"}
{"sessionId":"536900","timestamp":1788815442796,"location":"GpuDecodeEfficiency.cpp:BeginDecodeWindow","message":"decode_window_open","data":{"sensor_available":false,"sensor":"none"},"hypothesisId":"TPW"}
{"sessionId":"536900","timestamp":1788815459359,"location":"GpuDecodeEfficiency.cpp:BeginDecodeWindow","message":"decode_window_open","data":{"sensor_available":false,"sensor":"none"},"hypothesisId":"TPW"}
{"sessionId":"536900","timestamp":1788816350022,"location":"GpuDecodeEfficiency.cpp:Finalize","message":"gpu_decode_efficiency","data":{"power_valid":false,"sensor":"none","decode_tps":2.299411,"avg_w":0.000000,"tpw":0.000000,"samples":0},"hypothesisId":"TPW"}
{"sessionId":"536900","timestamp":1788816514998,"location":"GpuDecodeEfficiency.cpp:BeginDecodeWindow","message":"decode_window_open","data":{"sensor_available":false,"sensor":"none"},"hypothesisId":"TPW"}
{"sessionId":"536900","timestamp":1788816527019,"location":"GpuDecodeEfficiency.cpp:BeginDecodeWindow","message":"decode_window_open","data":{"sensor_available":false,"sensor":"none"},"hypothesisId":"TPW"}
{"sessionId":"536900","timestamp":1788816536959,"location":"GpuDecodeEfficiency.cpp:Finalize","message":"gpu_decode_efficiency","data":{"power_valid":false,"sensor":"none","decode_tps":2.914172,"avg_w":0.000000,"tpw":0.000000,"samples":0},"hypothesisId":"TPW"}
{"sessionId":"536900","timestamp":1788816569991,"location":"GpuDecodeEfficiency.cpp:BeginDecodeWindow","message":"decode_window_open","data":{"sensor_available":false,"sensor":"none"},"hypothesisId":"TPW"}
{"sessionId":"536900","timestamp":1788816591632,"location":"GpuDecodeEfficiency.cpp:BeginDecodeWindow","message":"decode_window_open","data":{"sensor_available":false,"sensor":"none"},"hypothesisId":"TPW"}
{"sessionId":"536900","timestamp":1788816601012,"location":"GpuDecodeEfficiency.cpp:BeginDecodeWindow","message":"decode_window_open","data":{"sensor_available":false,"sensor":"none"},"hypothesisId":"TPW"}
{"sessionId":"536900","timestamp":1788816616314,"location":"GpuDecodeEfficiency.cpp:BeginDecodeWindow","message":"decode_window_open","data":{"sensor_available":false,"sensor":"none"},"hypothesisId":"TPW"}
{"sessionId":"536900","timestamp":1788816631729,"location":"GpuDecodeEfficiency.cpp:Finalize","message":"gpu_decode_efficiency","data":{"power_valid":false,"sensor":"none","decode_tps":4.151900,"avg_w":0.000000,"tpw":0.000000,"samples":0},"hypothesisId":"TPW"}
{"sessionId":"536900","timestamp":1788816655277,"location":"GpuDecodeEfficiency.cpp:BeginDecodeWindow","message":"decode_window_open","data":{"sensor_available":false,"sensor":"none"},"hypothesisId":"TPW"}
{"sessionId":"536900","timestamp":1788816738008,"location":"GpuDecodeEfficiency.cpp:BeginDecodeWindow","message":"decode_window_open","data":{"sensor_available":false,"sensor":"none"},"hypothesisId":"TPW"}
{"sessionId":"536900","timestamp":1788816794923,"location":"GpuDecodeEfficiency.cpp:BeginDecodeWindow","message":"decode_window_open","data":{"sensor_available":false,"sensor":"none"},"hypothesisId":"TPW"}
{"sessionId":"536900","timestamp":1788816804703,"location":"GpuDecodeEfficiency.cpp:BeginDecodeWindow","message":"decode_window_open","data":{"sensor_available":false,"sensor":"none"},"hypothesisId":"TPW"}
{"sessionId":"536900","timestamp":1788816841788,"location":"GpuDecodeEfficiency.cpp:BeginDecodeWindow","message":"decode_window_open","data":{"sensor_available":false,"sensor":"none"},"hypothesisId":"TPW"}
{"sessionId":"536900","timestamp":1788816846265,"location":"GpuDecodeEfficiency.cpp:BeginDecodeWindow","message":"decode_window_open","data":{"sensor_available":false,"sensor":"none"},"hypothesisId":"TPW"}
{"sessionId":"536900","timestamp":1788816880368,"location":"GpuDecodeEfficiency.cpp:BeginDecodeWindow","message":"decode_window_open","data":{"sensor_available":false,"sensor":"none"},"hypothesisId":"TPW"}
{"sessionId":"536900","timestamp":1788817251028,"location":"GpuDecodeEfficiency.cpp:BeginDecodeWindow","message":"decode_window_open","data":{"sensor_available":false,"sensor":"none"},"hypothesisId":"TPW"}
{"sessionId":"536900","timestamp":1788817279578,"location":"GpuDecodeEfficiency.cpp:BeginDecodeWindow","message":"decode_window_open","data":{"sensor_available":false,"sensor":"none"},"hypothesisId":"TPW"}
{"sessionId":"536900","timestamp":1788817305319,"location":"GpuDecodeEfficiency.cpp:BeginDecodeWindow","message":"decode_window_open","data":{"sensor_available":false,"sensor":"none"},"hypothesisId":"TPW"}
{"sessionId":"536900","timestamp":1788817313781,"location":"GpuDecodeEfficiency.cpp:Finalize","message":"gpu_decode_efficiency","data":{"power_valid":false,"sensor":"none","decode_tps":1.890796,"avg_w":0.000000,"tpw":0.000000,"samples":0},"hypothesisId":"TPW"}
{"sessionId":"536900","timestamp":1788817339169,"location":"GpuDecodeEfficiency.cpp:BeginDecodeWindow","message":"decode_window_open","data":{"sensor_available":false,"sensor":"none"},"hypothesisId":"TPW"}
{"sessionId":"536900","timestamp":1788817347533,"location":"GpuDecodeEfficiency.cpp:Finalize","message":"gpu_decode_efficiency","data":{"power_valid":false,"sensor":"none","decode_tps":1.913052,"avg_w":0.000000,"tpw":0.000000,"samples":0},"hypothesisId":"TPW"}
{"sessionId":"536900","timestamp":1788817559263,"location":"GpuDecodeEfficiency.cpp:BeginDecodeWindow","message":"decode_window_open","data":{"sensor_available":false,"sensor":"none"},"hypothesisId":"TPW"}
{"sessionId":"536900","timestamp":1788817592686,"location":"GpuDecodeEfficiency.cpp:Finalize","message":"gpu_decode_efficiency","data":{"power_valid":false,"sensor":"none","decode_tps":1.914814,"avg_w":0.000000,"tpw":0.000000,"samples":0},"hypothesisId":"TPW"}
{"sessionId":"536900","timestamp":1788817702956,"location":"GpuDecodeEfficiency.cpp:BeginDecodeWindow","message":"decode_window_open","data":{"sensor_available":false,"sensor":"none"},"hypothesisId":"TPW"}
{"sessionId":"536900","timestamp":1788817707792,"location":"GpuDecodeEfficiency.cpp:BeginDecodeWindow","message":"decode_window_open","data":{"sensor_available":false,"sensor":"none"},"hypothesisId":"TPW"}
{"sessionId":"536900","timestamp":1788817746201,"location":"GpuDecodeEfficiency.cpp:BeginDecodeWindow","message":"decode_window_open","data":{"sensor_available":false,"sensor":"none"},"hypothesisId":"TPW"}
{"sessionId":"536900","timestamp":1788817761535,"location":"GpuDecodeEfficiency.cpp:BeginDecodeWindow","message":"decode_window_open","data":{"sensor_available":false,"sensor":"none"},"hypothesisId":"TPW"}
{"sessionId":"536900","timestamp":1788817780565,"location":"GpuDecodeEfficiency.cpp:Finalize","message":"gpu_decode_efficiency","data":{"power_valid":false,"sensor":"none","decode_tps":1.681511,"avg_w":0.000000,"tpw":0.000000,"samples":0},"hypothesisId":"TPW"}
{"sessionId":"536900","timestamp":1788817810014,"location":"GpuDecodeEfficiency.cpp:BeginDecodeWindow","message":"decode_window_open","data":{"sensor_available":false,"sensor":"none"},"hypothesisId":"TPW"}
{"sessionId":"536900","timestamp":1788817826278,"location":"GpuDecodeEfficiency.cpp:BeginDecodeWindow","message":"decode_window_open","data":{"sensor_available":false,"sensor":"none"},"hypothesisId":"TPW"}
{"sessionId":"536900","timestamp":1788817917544,"location":"GpuDecodeEfficiency.cpp:BeginDecodeWindow","message":"decode_window_open","data":{"sensor_available":false,"sensor":"none"},"hypothesisId":"TPW"}
{"sessionId":"536900","timestamp":1788817950528,"location":"GpuDecodeEfficiency.cpp:Finalize","message":"gpu_decode_efficiency","data":{"power_valid":false,"sensor":"none","decode_tps":1.940343,"avg_w":0.000000,"tpw":0.000000,"samples":0},"hypothesisId":"TPW"}
{"sessionId":"536900","timestamp":1788817992650,"location":"GpuDecodeEfficiency.cpp:BeginDecodeWindow","message":"decode_window_open","data":{"sensor_available":false,"sensor":"none"},"hypothesisId":"TPW"}
{"sessionId":"536900","timestamp":1788818001657,"location":"GpuDecodeEfficiency.cpp:Finalize","message":"gpu_decode_efficiency","data":{"power_valid":false,"sensor":"none","decode_tps":0.000000,"avg_w":0.000000,"tpw":0.000000,"samples":0},"hypothesisId":"TPW"}
{"sessionId":"536900","timestamp":1788818025444,"location":"GpuDecodeEfficiency.cpp:BeginDecodeWindow","message":"decode_window_open","data":{"sensor_available":false,"sensor":"none"},"hypothesisId":"TPW"}
{"sessionId":"536900","timestamp":1788818038971,"location":"GpuDecodeEfficiency.cpp:BeginDecodeWindow","message":"decode_window_open","data":{"sensor_available":false,"sensor":"none"},"hypothesisId":"TPW"}
{"sessionId":"536900","timestamp":1788818050444,"location":"GpuDecodeEfficiency.cpp:Finalize","message":"gpu_decode_efficiency","data":{"power_valid":false,"sensor":"none","decode_tps":1.394624,"avg_w":0.000000,"tpw":0.000000,"samples":0},"hypothesisId":"TPW"}
{"sessionId":"536900","timestamp":1788818082736,"location":"GpuDecodeEfficiency.cpp:BeginDecodeWindow","message":"decode_window_open","data":{"sensor_available":false,"sensor":"none"},"hypothesisId":"TPW"}
{"sessionId":"536900","timestamp":1788818099427,"location":"GpuDecodeEfficiency.cpp:BeginDecodeWindow","message":"decode_window_open","data":{"sensor_available":false,"sensor":"none"},"hypothesisId":"TPW"}
{"sessionId":"536900","timestamp":1788818099460,"location":"GpuDecodeEfficiency.cpp:BeginDecodeWindow","message":"decode_window_open","data":{"sensor_available":false,"sensor":"none"},"hypothesisId":"TPW"}
{"sessionId":"536900","timestamp":1788818111520,"location":"GpuDecodeEfficiency.cpp:Finalize","message":"gpu_decode_efficiency","data":{"power_valid":false,"sensor":"none","decode_tps":1.323126,"avg_w":0.000000,"tpw":0.000000,"samples":0},"hypothesisId":"TPW"}
{"sessionId":"536900","timestamp":1788818112551,"location":"GpuDecodeEfficiency.cpp:BeginDecodeWindow","message":"decode_window_open","data":{"sensor_available":false,"sensor":"none"},"hypothesisId":"TPW"}
{"sessionId":"536900","timestamp":1788818118914,"location":"GpuDecodeEfficiency.cpp:Finalize","message":"gpu_decode_efficiency","data":{"power_valid":false,"sensor":"none","decode_tps":3.289872,"avg_w":0.000000,"tpw":0.000000,"samples":0},"hypothesisId":"TPW"}
{"sessionId":"536900","timestamp":1788818133115,"location":"GpuDecodeEfficiency.cpp:BeginDecodeWindow","message":"decode_window_open","data":{"sensor_available":false,"sensor":"none"},"hypothesisId":"TPW"}
{"sessionId":"536900","timestamp":1788818173411,"location":"GpuDecodeEfficiency.cpp:Finalize","message":"gpu_decode_efficiency","data":{"power_valid":false,"sensor":"none","decode_tps":1.588249,"avg_w":0.000000,"tpw":0.000000,"samples":0},"hypothesisId":"TPW"}
{"sessionId":"536900","timestamp":1788818212594,"location":"GpuDecodeEfficiency.cpp:BeginDecodeWindow","message":"decode_window_open","data":{"sensor_available":false,"sensor":"none"},"hypothesisId":"TPW"}
{"sessionId":"536900","timestamp":1788818221719,"location":"GpuDecodeEfficiency.cpp:Finalize","message":"gpu_decode_efficiency","data":{"power_valid":false,"sensor":"none","decode_tps":1.753452,"avg_w":0.000000,"tpw":0.000000,"samples":0},"hypothesisId":"TPW"}
{"sessionId":"536900","timestamp":1788818224856,"location":"GpuDecodeEfficiency.cpp:BeginDecodeWindow","message":"decode_window_open","data":{"sensor_available":false,"sensor":"none"},"hypothesisId":"TPW"}
{"sessionId":"536900","timestamp":1788818264848,"location":"GpuDecodeEfficiency.cpp:Finalize","message":"gpu_decode_efficiency","data":{"power_valid":false,"sensor":"none","decode_tps":6.401228,"avg_w":0.000000,"tpw":0.000000,"samples":0},"hypothesisId":"TPW"}
{"sessionId":"536900","timestamp":1788818291832,"location":"GpuDecodeEfficiency.cpp:BeginDecodeWindow","message":"decode_window_open","data":{"sensor_available":false,"sensor":"none"},"hypothesisId":"TPW"}
{"sessionId":"536900","timestamp":1788818324981,"location":"GpuDecodeEfficiency.cpp:BeginDecodeWindow","message":"decode_window_open","data":{"sensor_available":false,"sensor":"none"},"hypothesisId":"TPW"}
{"sessionId":"536900","timestamp":1788818353570,"location":"GpuDecodeEfficiency.cpp:Finalize","message":"gpu_decode_efficiency","data":{"power_valid":false,"sensor":"none","decode_tps":2.238604,"avg_w":0.000000,"tpw":0.000000,"samples":0},"hypothesisId":"TPW"}
{"sessionId":"536900","timestamp":1788818365696,"location":"GpuDecodeEfficiency.cpp:BeginDecodeWindow","message":"decode_window_open","data":{"sensor_available":false,"sensor":"none"},"hypothesisId":"TPW"}
{"sessionId":"536900","timestamp":1788818408214,"location":"GpuDecodeEfficiency.cpp:BeginDecodeWindow","message":"decode_window_open","data":{"sensor_available":false,"sensor":"none"},"hypothesisId":"TPW"}
{"sessionId":"536900","timestamp":1788818420576,"location":"GpuDecodeEfficiency.cpp:Finalize","message":"gpu_decode_efficiency","data":{"power_valid":false,"sensor":"none","decode_tps":2.588494,"avg_w":0.000000,"tpw":0.000000,"samples":0},"hypothesisId":"TPW"}
{"sessionId":"536900","timestamp":1788818461993,"location":"GpuDecodeEfficiency.cpp:BeginDecodeWindow","message":"decode_window_open","data":{"sensor_available":false,"sensor":"none"},"hypothesisId":"TPW"}
{"sessionId":"536900","timestamp":1788818492768,"location":"GpuDecodeEfficiency.cpp:BeginDecodeWindow","message":"decode_window_open","data":{"sensor_available":false,"sensor":"none"},"hypothesisId":"TPW"}
{"sessionId":"536900","timestamp":1788818499230,"location":"GpuDecodeEfficiency.cpp:Finalize","message":"gpu_decode_efficiency","data":{"power_valid":false,"sensor":"none","decode_tps":2.578112,"avg_w":0.000000,"tpw":0.000000,"samples":0},"hypothesisId":"TPW"}
{"sessionId":"536900","timestamp":1788818514533,"location":"GpuDecodeEfficiency.cpp:Finalize","message":"gpu_decode_efficiency","data":{"power_valid":false,"sensor":"none","decode_tps":2.940464,"avg_w":0.000000,"tpw":0.000000,"samples":0},"hypothesisId":"TPW"}
{"sessionId":"536900","timestamp":1788818536509,"location":"GpuDecodeEfficiency.cpp:BeginDecodeWindow","message":"decode_window_open","data":{"sensor_available":false,"sensor":"none"},"hypothesisId":"TPW"}
{"sessionId":"536900","timestamp":1788818537556,"location":"GpuDecodeEfficiency.cpp:BeginDecodeWindow","message":"decode_window_open","data":{"sensor_available":false,"sensor":"none"},"hypothesisId":"TPW"}
{"sessionId":"536900","timestamp":1788818541819,"location":"GpuDecodeEfficiency.cpp:BeginDecodeWindow","message":"decode_window_open","data":{"sensor_available":false,"sensor":"none"},"hypothesisId":"TPW"}
{"sessionId":"536900","timestamp":1788818569088,"location":"GpuDecodeEfficiency.cpp:Finalize","message":"gpu_decode_efficiency","data":{"power_valid":false,"sensor":"none","decode_tps":2.029689,"avg_w":0.000000,"tpw":0.000000,"samples":0},"hypothesisId":"TPW"}
{"sessionId":"536900","timestamp":1788818599798,"location":"GpuDecodeEfficiency.cpp:BeginDecodeWindow","message":"decode_window_open","data":{"sensor_available":false,"sensor":"none"},"hypothesisId":"TPW"}
{"sessionId":"536900","timestamp":1788818611346,"location":"GpuDecodeEfficiency.cpp:BeginDecodeWindow","message":"decode_window_open","data":{"sensor_available":false,"sensor":"none"},"hypothesisId":"TPW"}
{"sessionId":"536900","timestamp":1788818628751,"location":"GpuDecodeEfficiency.cpp:Finalize","message":"gpu_decode_efficiency","data":{"power_valid":false,"sensor":"none","decode_tps":2.210493,"avg_w":0.000000,"tpw":0.000000,"samples":0},"hypothesisId":"TPW"}
{"sessionId":"536900","timestamp":1788818640665,"location":"GpuDecodeEfficiency.cpp:Finalize","message":"gpu_decode_efficiency","data":{"power_valid":false,"sensor":"none","decode_tps":2.182900,"avg_w":0.000000,"tpw":0.000000,"samples":0},"hypothesisId":"TPW"}
{"sessionId":"536900","timestamp":1788818684353,"location":"GpuDecodeEfficiency.cpp:BeginDecodeWindow","message":"decode_window_open","data":{"sensor_available":false,"sensor":"none"},"hypothesisId":"TPW"}
{"sessionId":"536900","timestamp":1788818709157,"location":"GpuDecodeEfficiency.cpp:BeginDecodeWindow","message":"decode_window_open","data":{"sensor_available":false,"sensor":"none"},"hypothesisId":"TPW"}
{"sessionId":"536900","timestamp":1788818722018,"location":"GpuDecodeEfficiency.cpp:BeginDecodeWindow","message":"decode_window_open","data":{"sensor_available":false,"sensor":"none"},"hypothesisId":"TPW"}
{"sessionId":"536900","timestamp":1788818735057,"location":"GpuDecodeEfficiency.cpp:BeginDecodeWindow","message":"decode_window_open","data":{"sensor_available":false,"sensor":"none"},"hypothesisId":"TPW"}
{"sessionId":"536900","timestamp":1788818738469,"location":"GpuDecodeEfficiency.cpp:Finalize","message":"gpu_decode_efficiency","data":{"power_valid":false,"sensor":"none","decode_tps":1.172336,"avg_w":0.000000,"tpw":0.000000,"samples":0},"hypothesisId":"TPW"}
{"sessionId":"536900","timestamp":1788818745309,"location":"GpuDecodeEfficiency.cpp:BeginDecodeWindow","message":"decode_window_open","data":{"sensor_available":false,"sensor":"none"},"hypothesisId":"TPW"}
{"sessionId":"536900","timestamp":1788818758176,"location":"GpuDecodeEfficiency.cpp:BeginDecodeWindow","message":"decode_window_open","data":{"sensor_available":false,"sensor":"none"},"hypothesisId":"TPW"}
{"sessionId":"536900","timestamp":1788818812334,"location":"GpuDecodeEfficiency.cpp:Finalize","message":"gpu_decode_efficiency","data":{"power_valid":false,"sensor":"none","decode_tps":2.363477,"avg_w":0.000000,"tpw":0.000000,"samples":0},"hypothesisId":"TPW"}
{"sessionId":"536900","timestamp":1788818914666,"location":"GpuDecodeEfficiency.cpp:BeginDecodeWindow","message":"decode_window_open","data":{"sensor_available":false,"sensor":"none"},"hypothesisId":"TPW"}
{"sessionId":"536900","timestamp":1788818971611,"location":"GpuDecodeEfficiency.cpp:Finalize","message":"gpu_decode_efficiency","data":{"power_valid":false,"sensor":"none","decode_tps":2.247750,"avg_w":0.000000,"tpw":0.000000,"samples":0},"hypothesisId":"TPW"}
{"sessionId":"536900","timestamp":1788818998951,"location":"GpuDecodeEfficiency.cpp:BeginDecodeWindow","message":"decode_window_open","data":{"sensor_available":false,"sensor":"none"},"hypothesisId":"TPW"}
{"sessionId":"536900","timestamp":1788819024521,"location":"GpuDecodeEfficiency.cpp:BeginDecodeWindow","message":"decode_window_open","data":{"sensor_available":false,"sensor":"none"},"hypothesisId":"TPW"}
{"sessionId":"536900","timestamp":1788819102561,"location":"GpuDecodeEfficiency.cpp:BeginDecodeWindow","message":"decode_window_open","data":{"sensor_available":false,"sensor":"none"},"hypothesisId":"TPW"}
{"sessionId":"536900","timestamp":1788819530345,"location":"GpuDecodeEfficiency.cpp:Finalize","message":"gpu_decode_efficiency","data":{"power_valid":false,"sensor":"none","decode_tps":2.533628,"avg_w":0.000000,"tpw":0.000000,"samples":0},"hypothesisId":"TPW"}
{"sessionId":"536900","timestamp":1788819567060,"location":"GpuDecodeEfficiency.cpp:BeginDecodeWindow","message":"decode_window_open","data":{"sensor_available":false,"sensor":"none"},"hypothesisId":"TPW"}
{"sessionId":"536900","timestamp":1788819582894,"location":"GpuDecodeEfficiency.cpp:BeginDecodeWindow","message":"decode_window_open","data":{"sensor_available":false,"sensor":"none"},"hypothesisId":"TPW"}
{"sessionId":"536900","timestamp":1788819590771,"location":"GpuDecodeEfficiency.cpp:Finalize","message":"gpu_decode_efficiency","data":{"power_valid":false,"sensor":"none","decode_tps":2.699181,"avg_w":0.000000,"tpw":0.000000,"samples":0},"hypothesisId":"TPW"}
{"sessionId":"536900","timestamp":1788819595785,"location":"GpuDecodeEfficiency.cpp:BeginDecodeWindow","message":"decode_window_open","data":{"sensor_available":false,"sensor":"none"},"hypothesisId":"TPW"}
{"sessionId":"536900","timestamp":1788819622042,"location":"GpuDecodeEfficiency.cpp:Finalize","message":"gpu_decode_efficiency","data":{"power_valid":false,"sensor":"none","decode_tps":2.437387,"avg_w":0.000000,"tpw":0.000000,"samples":0},"hypothesisId":"TPW"}
{"sessionId":"536900","timestamp":1788819628383,"location":"GpuDecodeEfficiency.cpp:BeginDecodeWindow","message":"decode_window_open","data":{"sensor_available":false,"sensor":"none"},"hypothesisId":"TPW"}
{"sessionId":"536900","timestamp":1788819650213,"location":"GpuDecodeEfficiency.cpp:Finalize","message":"gpu_decode_efficiency","data":{"power_valid":false,"sensor":"none","decode_tps":2.931759,"avg_w":0.000000,"tpw":0.000000,"samples":0},"hypothesisId":"TPW"}
{"sessionId":"536900","timestamp":1788819678432,"location":"GpuDecodeEfficiency.cpp:BeginDecodeWindow","message":"decode_window_open","data":{"sensor_available":false,"sensor":"none"},"hypothesisId":"TPW"}
{"sessionId":"536900","timestamp":1788819701384,"location":"GpuDecodeEfficiency.cpp:Finalize","message":"gpu_decode_efficiency","data":{"power_valid":false,"sensor":"none","decode_tps":2.788465,"avg_w":0.000000,"tpw":0.000000,"samples":0},"hypothesisId":"TPW"}
{"sessionId":"536900","timestamp":1788819729052,"location":"GpuDecodeEfficiency.cpp:BeginDecodeWindow","message":"decode_window_open","data":{"sensor_available":false,"sensor":"none"},"hypothesisId":"TPW"}
{"sessionId":"536900","timestamp":1788819762952,"location":"GpuDecodeEfficiency.cpp:BeginDecodeWindow","message":"decode_window_open","data":{"sensor_available":false,"sensor":"none"},"hypothesisId":"TPW"}
{"sessionId":"536900","timestamp":1788819782334,"location":"GpuDecodeEfficiency.cpp:Finalize","message":"gpu_decode_efficiency","data":{"power_valid":false,"sensor":"none","decode_tps":3.302050,"avg_w":0.000000,"tpw":0.000000,"samples":0},"hypothesisId":"TPW"}
{"sessionId":"536900","timestamp":1788819803202,"location":"GpuDecodeEfficiency.cpp:BeginDecodeWindow","message":"decode_window_open","data":{"sensor_available":false,"sensor":"none"},"hypothesisId":"TPW"}
{"sessionId":"536900","timestamp":1788819824849,"location":"GpuDecodeEfficiency.cpp:Finalize","message":"gpu_decode_efficiency","data":{"power_valid":false,"sensor":"none","decode_tps":2.956543,"avg_w":0.000000,"tpw":0.000000,"samples":0},"hypothesisId":"TPW"}
{"sessionId":"536900","timestamp":1788819830197,"location":"GpuDecodeEfficiency.cpp:BeginDecodeWindow","message":"decode_window_open","data":{"sensor_available":false,"sensor":"none"},"hypothesisId":"TPW"}
{"sessionId":"536900","timestamp":1788819849374,"location":"GpuDecodeEfficiency.cpp:Finalize","message":"gpu_decode_efficiency","data":{"power_valid":false,"sensor":"none","decode_tps":3.337290,"avg_w":0.000000,"tpw":0.000000,"samples":0},"hypothesisId":"TPW"}
{"sessionId":"536900","timestamp":1788819855774,"location":"GpuDecodeEfficiency.cpp:BeginDecodeWindow","message":"decode_window_open","data":{"sensor_available":false,"sensor":"none"},"hypothesisId":"TPW"}
{"sessionId":"536900","timestamp":1788819881568,"location":"GpuDecodeEfficiency.cpp:BeginDecodeWindow","message":"decode_window_open","data":{"sensor_available":false,"sensor":"none"},"hypothesisId":"TPW"}
{"sessionId":"536900","timestamp":1788819886332,"location":"GpuDecodeEfficiency.cpp:BeginDecodeWindow","message":"decode_window_open","data":{"sensor_available":false,"sensor":"none"},"hypothesisId":"TPW"}
{"sessionId":"536900","timestamp":1788819901779,"location":"GpuDecodeEfficiency.cpp:Finalize","message":"gpu_decode_efficiency","data":{"power_valid":false,"sensor":"none","decode_tps":3.166523,"avg_w":0.000000,"tpw":0.000000,"samples":0},"hypothesisId":"TPW"}
{"sessionId":"536900","timestamp":1788819920608,"location":"GpuDecodeEfficiency.cpp:BeginDecodeWindow","message":"decode_window_open","data":{"sensor_available":false,"sensor":"none"},"hypothesisId":"TPW"}
{"sessionId":"536900","timestamp":1788819942365,"location":"GpuDecodeEfficiency.cpp:Finalize","message":"gpu_decode_efficiency","data":{"power_valid":false,"sensor":"none","decode_tps":2.941705,"avg_w":0.000000,"tpw":0.000000,"samples":0},"hypothesisId":"TPW"}
{"sessionId":"536900","timestamp":1788819963609,"location":"GpuDecodeEfficiency.cpp:BeginDecodeWindow","message":"decode_window_open","data":{"sensor_available":false,"sensor":"none"},"hypothesisId":"TPW"}
{"sessionId":"536900","timestamp":1788820621217,"location":"GpuDecodeEfficiency.cpp:Finalize","message":"gpu_decode_efficiency","data":{"power_valid":false,"sensor":"none","decode_tps":3.114318,"avg_w":0.000000,"tpw":0.000000,"samples":0},"hypothesisId":"TPW"}
{"sessionId":"536900","timestamp":1788821904038,"location":"GpuDecodeEfficiency.cpp:BeginDecodeWindow","message":"decode_window_open","data":{"sensor_available":false,"sensor":"none"},"hypothesisId":"TPW"}
{"sessionId":"536900","timestamp":1788821930996,"location":"GpuDecodeEfficiency.cpp:Finalize","message":"gpu_decode_efficiency","data":{"power_valid":false,"sensor":"none","decode_tps":2.374122,"avg_w":0.000000,"tpw":0.000000,"samples":0},"hypothesisId":"TPW"}
{"sessionId":"536900","timestamp":1788822241062,"location":"GpuDecodeEfficiency.cpp:BeginDecodeWindow","message":"decode_window_open","data":{"sensor_available":false,"sensor":"none"},"hypothesisId":"TPW"}
{"sessionId":"536900","timestamp":1788822272357,"location":"GpuDecodeEfficiency.cpp:BeginDecodeWindow","message":"decode_window_open","data":{"sensor_available":false,"sensor":"none"},"hypothesisId":"TPW"}
{"sessionId":"536900","timestamp":1788822293584,"location":"GpuDecodeEfficiency.cpp:Finalize","message":"gpu_decode_efficiency","data":{"power_valid":false,"sensor":"none","decode_tps":3.014986,"avg_w":0.000000,"tpw":0.000000,"samples":0},"hypothesisId":"TPW"}
{"sessionId":"536900","timestamp":1788822510967,"location":"GpuDecodeEfficiency.cpp:BeginDecodeWindow","message":"decode_window_open","data":{"sensor_available":false,"sensor":"none"},"hypothesisId":"TPW"}
{"sessionId":"536900","timestamp":1788822519198,"location":"GpuDecodeEfficiency.cpp:BeginDecodeWindow","message":"decode_window_open","data":{"sensor_available":false,"sensor":"none"},"hypothesisId":"TPW"}
{"sessionId":"536900","timestamp":1788822542323,"location":"GpuDecodeEfficiency.cpp:Finalize","message":"gpu_decode_efficiency","data":{"power_valid":false,"sensor":"none","decode_tps":2.041046,"avg_w":0.000000,"tpw":0.000000,"samples":0},"hypothesisId":"TPW"}
{"sessionId":"536900","timestamp":1788822576164,"location":"GpuDecodeEfficiency.cpp:Finalize","message":"gpu_decode_efficiency","data":{"power_valid":false,"sensor":"none","decode_tps":2.246961,"avg_w":0.000000,"tpw":0.000000,"samples":0},"hypothesisId":"TPW"}
{"sessionId":"536900","timestamp":1788822738457,"location":"GpuDecodeEfficiency.cpp:BeginDecodeWindow","message":"decode_window_open","data":{"sensor_available":false,"sensor":"none"},"hypothesisId":"TPW"}
{"sessionId":"536900","timestamp":1788822758452,"location":"GpuDecodeEfficiency.cpp:BeginDecodeWindow","message":"decode_window_open","data":{"sensor_available":false,"sensor":"none"},"hypothesisId":"TPW"}
{"sessionId":"536900","timestamp":1788822758475,"location":"GpuDecodeEfficiency.cpp:Finalize","message":"gpu_decode_efficiency","data":{"power_valid":false,"sensor":"none","decode_tps":0.000000,"avg_w":0.000000,"tpw":0.000000,"samples":0},"hypothesisId":"TPW"}
{"sessionId":"536900","timestamp":1788822762308,"location":"GpuDecodeEfficiency.cpp:Finalize","message":"gpu_decode_efficiency","data":{"power_valid":false,"sensor":"none","decode_tps":2.683373,"avg_w":0.000000,"tpw":0.000000,"samples":0},"hypothesisId":"TPW"}
{"sessionId":"536900","timestamp":1788823021264,"location":"GpuDecodeEfficiency.cpp:BeginDecodeWindow","message":"decode_window_open","data":{"sensor_available":false,"sensor":"none"},"hypothesisId":"TPW"}
{"sessionId":"536900","timestamp":1788823051522,"location":"GpuDecodeEfficiency.cpp:Finalize","message":"gpu_decode_efficiency","data":{"power_valid":false,"sensor":"none","decode_tps":2.115165,"avg_w":0.000000,"tpw":0.000000,"samples":0},"hypothesisId":"TPW"}
{"sessionId":"536900","timestamp":1788823079124,"location":"GpuDecodeEfficiency.cpp:BeginDecodeWindow","message":"decode_window_open","data":{"sensor_available":false,"sensor":"none"},"hypothesisId":"TPW"}
{"sessionId":"536900","timestamp":1788823107684,"location":"GpuDecodeEfficiency.cpp:Finalize","message":"gpu_decode_efficiency","data":{"power_valid":false,"sensor":"none","decode_tps":2.240920,"avg_w":0.000000,"tpw":0.000000,"samples":0},"hypothesisId":"TPW"}
{"sessionId":"536900","timestamp":1788823185794,"location":"GpuDecodeEfficiency.cpp:BeginDecodeWindow","message":"decode_window_open","data":{"sensor_available":false,"sensor":"none"},"hypothesisId":"TPW"}
{"sessionId":"536900","timestamp":1788823203692,"location":"GpuDecodeEfficiency.cpp:Finalize","message":"gpu_decode_efficiency","data":{"power_valid":false,"sensor":"none","decode_tps":3.575688,"avg_w":0.000000,"tpw":0.000000,"samples":0},"hypothesisId":"TPW"}
{"sessionId":"536900","timestamp":1788823228005,"location":"GpuDecodeEfficiency.cpp:BeginDecodeWindow","message":"decode_window_open","data":{"sensor_available":false,"sensor":"none"},"hypothesisId":"TPW"}
{"sessionId":"536900","timestamp":1788823228051,"location":"GpuDecodeEfficiency.cpp:Finalize","message":"gpu_decode_efficiency","data":{"power_valid":false,"sensor":"none","decode_tps":0.000000,"avg_w":0.000000,"tpw":0.000000,"samples":0},"hypothesisId":"TPW"}
{"sessionId":"536900","timestamp":1788823275588,"location":"GpuDecodeEfficiency.cpp:BeginDecodeWindow","message":"decode_window_open","data":{"sensor_available":false,"sensor":"none"},"hypothesisId":"TPW"}
{"sessionId":"536900","timestamp":1788823275697,"location":"GpuDecodeEfficiency.cpp:Finalize","message":"gpu_decode_efficiency","data":{"power_valid":false,"sensor":"none","decode_tps":0.000000,"avg_w":0.000000,"tpw":0.000000,"samples":0},"hypothesisId":"TPW"}
{"sessionId":"536900","timestamp":1788823295684,"location":"GpuDecodeEfficiency.cpp:BeginDecodeWindow","message":"decode_window_open","data":{"sensor_available":false,"sensor":"none"},"hypothesisId":"TPW"}
{"sessionId":"536900","timestamp":1788823295767,"location":"GpuDecodeEfficiency.cpp:Finalize","message":"gpu_decode_efficiency","data":{"power_valid":false,"sensor":"none","decode_tps":0.000000,"avg_w":0.000000,"tpw":0.000000,"samples":0},"hypothesisId":"TPW"}
{"sessionId":"536900","timestamp":1788823338300,"location":"GpuDecodeEfficiency.cpp:BeginDecodeWindow","message":"decode_window_open","data":{"sensor_available":false,"sensor":"none"},"hypothesisId":"TPW"}
{"sessionId":"536900","timestamp":1788823356270,"location":"GpuDecodeEfficiency.cpp:Finalize","message":"gpu_decode_efficiency","data":{"power_valid":false,"sensor":"none","decode_tps":3.561463,"avg_w":0.000000,"tpw":0.000000,"samples":0},"hypothesisId":"TPW"}
{"sessionId":"536900","timestamp":1788823413576,"location":"GpuDecodeEfficiency.cpp:BeginDecodeWindow","message":"decode_window_open","data":{"sensor_available":false,"sensor":"none"},"hypothesisId":"TPW"}
{"sessionId":"536900","timestamp":1788823540296,"location":"GpuDecodeEfficiency.cpp:BeginDecodeWindow","message":"decode_window_open","data":{"sensor_available":false,"sensor":"none"},"hypothesisId":"TPW"}
{"sessionId":"536900","timestamp":1788823599900,"location":"GpuDecodeEfficiency.cpp:BeginDecodeWindow","message":"decode_window_open","data":{"sensor_available":false,"sensor":"none"},"hypothesisId":"TPW"}
{"sessionId":"536900","timestamp":1788823631206,"location":"GpuDecodeEfficiency.cpp:BeginDecodeWindow","message":"decode_window_open","data":{"sensor_available":false,"sensor":"none"},"hypothesisId":"TPW"}
{"sessionId":"536900","timestamp":1788823667403,"location":"GpuDecodeEfficiency.cpp:BeginDecodeWindow","message":"decode_window_open","data":{"sensor_available":false,"sensor":"none"},"hypothesisId":"TPW"}
{"sessionId":"536900","timestamp":1788823772475,"location":"GpuDecodeEfficiency.cpp:BeginDecodeWindow","message":"decode_window_open","data":{"sensor_available":false,"sensor":"none"},"hypothesisId":"TPW"}
{"sessionId":"536900","timestamp":1788823783869,"location":"GpuDecodeEfficiency.cpp:BeginDecodeWindow","message":"decode_window_open","data":{"sensor_available":false,"sensor":"none"},"hypothesisId":"TPW"}
{"sessionId":"536900","timestamp":1788823804262,"location":"GpuDecodeEfficiency.cpp:BeginDecodeWindow","message":"decode_window_open","data":{"sensor_available":false,"sensor":"none"},"hypothesisId":"TPW"}
{"sessionId":"536900","timestamp":1788823823368,"location":"GpuDecodeEfficiency.cpp:BeginDecodeWindow","message":"decode_window_open","data":{"sensor_available":false,"sensor":"none"},"hypothesisId":"TPW"}
{"sessionId":"536900","timestamp":1788823843039,"location":"GpuDecodeEfficiency.cpp:BeginDecodeWindow","message":"decode_window_open","data":{"sensor_available":false,"sensor":"none"},"hypothesisId":"TPW"}
{"sessionId":"536900","timestamp":1788823852869,"location":"GpuDecodeEfficiency.cpp:BeginDecodeWindow","message":"decode_window_open","data":{"sensor_available":false,"sensor":"none"},"hypothesisId":"TPW"}
{"sessionId":"536900","timestamp":1788823856652,"location":"GpuDecodeEfficiency.cpp:Finalize","message":"gpu_decode_efficiency","data":{"power_valid":false,"sensor":"none","decode_tps":2.114789,"avg_w":0.000000,"tpw":0.000000,"samples":0},"hypothesisId":"TPW"}
{"sessionId":"536900","timestamp":1788823867922,"location":"GpuDecodeEfficiency.cpp:BeginDecodeWindow","message":"decode_window_open","data":{"sensor_available":false,"sensor":"none"},"hypothesisId":"TPW"}
{"sessionId":"536900","timestamp":1788823882593,"location":"GpuDecodeEfficiency.cpp:BeginDecodeWindow","message":"decode_window_open","data":{"sensor_available":false,"sensor":"none"},"hypothesisId":"TPW"}
{"sessionId":"536900","timestamp":1788823904212,"location":"GpuDecodeEfficiency.cpp:BeginDecodeWindow","message":"decode_window_open","data":{"sensor_available":false,"sensor":"none"},"hypothesisId":"TPW"}
{"sessionId":"536900","timestamp":1788823925258,"location":"GpuDecodeEfficiency.cpp:BeginDecodeWindow","message":"decode_window_open","data":{"sensor_available":false,"sensor":"none"},"hypothesisId":"TPW"}
{"sessionId":"536900","timestamp":1788823927709,"location":"GpuDecodeEfficiency.cpp:BeginDecodeWindow","message":"decode_window_open","data":{"sensor_available":false,"sensor":"none"},"hypothesisId":"TPW"}
{"sessionId":"536900","timestamp":1788823931367,"location":"GpuDecodeEfficiency.cpp:Finalize","message":"gpu_decode_efficiency","data":{"power_valid":false,"sensor":"none","decode_tps":2.186798,"avg_w":0.000000,"tpw":0.000000,"samples":0},"hypothesisId":"TPW"}
{"sessionId":"536900","timestamp":1788823944913,"location":"GpuDecodeEfficiency.cpp:BeginDecodeWindow","message":"decode_window_open","data":{"sensor_available":false,"sensor":"none"},"hypothesisId":"TPW"}
{"sessionId":"536900","timestamp":1788823950668,"location":"GpuDecodeEfficiency.cpp:Finalize","message":"gpu_decode_efficiency","data":{"power_valid":false,"sensor":"none","decode_tps":2.780231,"avg_w":0.000000,"tpw":0.000000,"samples":0},"hypothesisId":"TPW"}
{"sessionId":"536900","timestamp":1788823953249,"location":"GpuDecodeEfficiency.cpp:BeginDecodeWindow","message":"decode_window_open","data":{"sensor_available":false,"sensor":"none"},"hypothesisId":"TPW"}
{"sessionId":"536900","timestamp":1788823960723,"location":"GpuDecodeEfficiency.cpp:Finalize","message":"gpu_decode_efficiency","data":{"power_valid":false,"sensor":"none","decode_tps":3.210994,"avg_w":0.000000,"tpw":0.000000,"samples":0},"hypothesisId":"TPW"}
{"sessionId":"536900","timestamp":1788823974442,"location":"GpuDecodeEfficiency.cpp:BeginDecodeWindow","message":"decode_window_open","data":{"sensor_available":false,"sensor":"none"},"hypothesisId":"TPW"}
{"sessionId":"536900","timestamp":1788823977649,"location":"GpuDecodeEfficiency.cpp:BeginDecodeWindow","message":"decode_window_open","data":{"sensor_available":false,"sensor":"none"},"hypothesisId":"TPW"}
{"sessionId":"536900","timestamp":1788823999885,"location":"GpuDecodeEfficiency.cpp:BeginDecodeWindow","message":"decode_window_open","data":{"sensor_available":false,"sensor":"none"},"hypothesisId":"TPW"}
{"sessionId":"536900","timestamp":1788823999888,"location":"GpuDecodeEfficiency.cpp:Finalize","message":"gpu_decode_efficiency","data":{"power_valid":false,"sensor":"none","decode_tps":0.000000,"avg_w":0.000000,"tpw":0.000000,"samples":0},"hypothesisId":"TPW"}
{"sessionId":"536900","timestamp":1788824010725,"location":"GpuDecodeEfficiency.cpp:BeginDecodeWindow","message":"decode_window_open","data":{"sensor_available":false,"sensor":"none"},"hypothesisId":"TPW"}
{"sessionId":"536900","timestamp":1788824024759,"location":"GpuDecodeEfficiency.cpp:Finalize","message":"gpu_decode_efficiency","data":{"power_valid":false,"sensor":"none","decode_tps":3.420233,"avg_w":0.000000,"tpw":0.000000,"samples":0},"hypothesisId":"TPW"}
{"sessionId":"536900","timestamp":1788824027780,"location":"GpuDecodeEfficiency.cpp:BeginDecodeWindow","message":"decode_window_open","data":{"sensor_available":false,"sensor":"none"},"hypothesisId":"TPW"}
{"sessionId":"536900","timestamp":1788824067222,"location":"GpuDecodeEfficiency.cpp:Finalize","message":"gpu_decode_efficiency","data":{"power_valid":false,"sensor":"none","decode_tps":1.622634,"avg_w":0.000000,"tpw":0.000000,"samples":0},"hypothesisId":"TPW"}
{"sessionId":"536900","timestamp":1788824073978,"location":"GpuDecodeEfficiency.cpp:BeginDecodeWindow","message":"decode_window_open","data":{"sensor_available":false,"sensor":"none"},"hypothesisId":"TPW"}
{"sessionId":"536900","timestamp":1788824151737,"location":"GpuDecodeEfficiency.cpp:Finalize","message":"gpu_decode_efficiency","data":{"power_valid":false,"sensor":"none","decode_tps":3.292199,"avg_w":0.000000,"tpw":0.000000,"samples":0},"hypothesisId":"TPW"}
{"sessionId":"536900","timestamp":1788824154275,"location":"GpuDecodeEfficiency.cpp:BeginDecodeWindow","message":"decode_window_open","data":{"sensor_available":false,"sensor":"none"},"hypothesisId":"TPW"}
{"sessionId":"536900","timestamp":1788824593154,"location":"GpuDecodeEfficiency.cpp:BeginDecodeWindow","message":"decode_window_open","data":{"sensor_available":false,"sensor":"none"},"hypothesisId":"TPW"}
{"sessionId":"536900","timestamp":1788825023233,"location":"GpuDecodeEfficiency.cpp:BeginDecodeWindow","message":"decode_window_open","data":{"sensor_available":false,"sensor":"none"},"hypothesisId":"TPW"}
{"sessionId":"536900","timestamp":1788825078055,"location":"GpuDecodeEfficiency.cpp:BeginDecodeWindow","message":"decode_window_open","data":{"sensor_available":false,"sensor":"none"},"hypothesisId":"TPW"}
{"sessionId":"536900","timestamp":1788825429311,"location":"GpuDecodeEfficiency.cpp:BeginDecodeWindow","message":"decode_window_open","data":{"sensor_available":false,"sensor":"none"},"hypothesisId":"TPW"}
{"sessionId":"536900","timestamp":1788825447275,"location":"GpuDecodeEfficiency.cpp:Finalize","message":"gpu_decode_efficiency","data":{"power_valid":false,"sensor":"none","decode_tps":3.562783,"avg_w":0.000000,"tpw":0.000000,"samples":0},"hypothesisId":"TPW"}
{"sessionId":"536900","timestamp":1788825474114,"location":"GpuDecodeEfficiency.cpp:BeginDecodeWindow","message":"decode_window_open","data":{"sensor_available":false,"sensor":"none"},"hypothesisId":"TPW"}
{"sessionId":"536900","timestamp":1788825478355,"location":"GpuDecodeEfficiency.cpp:Finalize","message":"gpu_decode_efficiency","data":{"power_valid":false,"sensor":"none","decode_tps":0.943118,"avg_w":0.000000,"tpw":0.000000,"samples":0},"hypothesisId":"TPW"}
{"sessionId":"536900","timestamp":1788825533671,"location":"GpuDecodeEfficiency.cpp:BeginDecodeWindow","message":"decode_window_open","data":{"sensor_available":false,"sensor":"none"},"hypothesisId":"TPW"}
{"sessionId":"536900","timestamp":1788825534787,"location":"GpuDecodeEfficiency.cpp:Finalize","message":"gpu_decode_efficiency","data":{"power_valid":false,"sensor":"none","decode_tps":3.584951,"avg_w":0.000000,"tpw":0.000000,"samples":0},"hypothesisId":"TPW"}
{"sessionId":"536900","timestamp":1788825536828,"location":"GpuDecodeEfficiency.cpp:BeginDecodeWindow","message":"decode_window_open","data":{"sensor_available":false,"sensor":"none"},"hypothesisId":"TPW"}
{"sessionId":"536900","timestamp":1788825540932,"location":"GpuDecodeEfficiency.cpp:Finalize","message":"gpu_decode_efficiency","data":{"power_valid":false,"sensor":"none","decode_tps":0.974651,"avg_w":0.000000,"tpw":0.000000,"samples":0},"hypothesisId":"TPW"}
{"sessionId":"536900","timestamp":1788825545496,"location":"GpuDecodeEfficiency.cpp:BeginDecodeWindow","message":"decode_window_open","data":{"sensor_available":false,"sensor":"none"},"hypothesisId":"TPW"}
{"sessionId":"536900","timestamp":1788825547800,"location":"GpuDecodeEfficiency.cpp:Finalize","message":"gpu_decode_efficiency","data":{"power_valid":false,"sensor":"none","decode_tps":1.735882,"avg_w":0.000000,"tpw":0.000000,"samples":0},"hypothesisId":"TPW"}
{"sessionId":"536900","timestamp":1788825558647,"location":"GpuDecodeEfficiency.cpp:BeginDecodeWindow","message":"decode_window_open","data":{"sensor_available":false,"sensor":"none"},"hypothesisId":"TPW"}
{"sessionId":"536900","timestamp":1788825563524,"location":"GpuDecodeEfficiency.cpp:Finalize","message":"gpu_decode_efficiency","data":{"power_valid":false,"sensor":"none","decode_tps":0.820144,"avg_w":0.000000,"tpw":0.000000,"samples":0},"hypothesisId":"TPW"}
{"sessionId":"536900","timestamp":1788825593378,"location":"GpuDecodeEfficiency.cpp:BeginDecodeWindow","message":"decode_window_open","data":{"sensor_available":false,"sensor":"none"},"hypothesisId":"TPW"}
{"sessionId":"536900","timestamp":1788825594796,"location":"GpuDecodeEfficiency.cpp:Finalize","message":"gpu_decode_efficiency","data":{"power_valid":false,"sensor":"none","decode_tps":2.820830,"avg_w":0.000000,"tpw":0.000000,"samples":0},"hypothesisId":"TPW"}
{"sessionId":"536900","timestamp":1788825605234,"location":"GpuDecodeEfficiency.cpp:BeginDecodeWindow","message":"decode_window_open","data":{"sensor_available":false,"sensor":"none"},"hypothesisId":"TPW"}
{"sessionId":"536900","timestamp":1788825607938,"location":"GpuDecodeEfficiency.cpp:Finalize","message":"gpu_decode_efficiency","data":{"power_valid":false,"sensor":"none","decode_tps":0.000000,"avg_w":0.000000,"tpw":0.000000,"samples":0},"hypothesisId":"TPW"}
{"sessionId":"536900","timestamp":1788825634502,"location":"GpuDecodeEfficiency.cpp:BeginDecodeWindow","message":"decode_window_open","data":{"sensor_available":false,"sensor":"none"},"hypothesisId":"TPW"}
{"sessionId":"536900","timestamp":1788825661506,"location":"GpuDecodeEfficiency.cpp:BeginDecodeWindow","message":"decode_window_open","data":{"sensor_available":false,"sensor":"none"},"hypothesisId":"TPW"}
{"sessionId":"536900","timestamp":1788825675096,"location":"GpuDecodeEfficiency.cpp:BeginDecodeWindow","message":"decode_window_open","data":{"sensor_available":false,"sensor":"none"},"hypothesisId":"TPW"}
{"sessionId":"536900","timestamp":1788825684646,"location":"GpuDecodeEfficiency.cpp:Finalize","message":"gpu_decode_efficiency","data":{"power_valid":false,"sensor":"none","decode_tps":0.418828,"avg_w":0.000000,"tpw":0.000000,"samples":0},"hypothesisId":"TPW"}
{"sessionId":"536900","timestamp":1788825713208,"location":"GpuDecodeEfficiency.cpp:BeginDecodeWindow","message":"decode_window_open","data":{"sensor_available":false,"sensor":"none"},"hypothesisId":"TPW"}
{"sessionId":"536900","timestamp":1788825736208,"location":"GpuDecodeEfficiency.cpp:BeginDecodeWindow","message":"decode_window_open","data":{"sensor_available":false,"sensor":"none"},"hypothesisId":"TPW"}
{"sessionId":"536900","timestamp":1788825750783,"location":"GpuDecodeEfficiency.cpp:Finalize","message":"gpu_decode_efficiency","data":{"power_valid":false,"sensor":"none","decode_tps":0.274449,"avg_w":0.000000,"tpw":0.000000,"samples":0},"hypothesisId":"TPW"}
{"sessionId":"536900","timestamp":1788825770760,"location":"GpuDecodeEfficiency.cpp:BeginDecodeWindow","message":"decode_window_open","data":{"sensor_available":false,"sensor":"none"},"hypothesisId":"TPW"}
{"sessionId":"536900","timestamp":1788825772099,"location":"GpuDecodeEfficiency.cpp:Finalize","message":"gpu_decode_efficiency","data":{"power_valid":false,"sensor":"none","decode_tps":0.000000,"avg_w":0.000000,"tpw":0.000000,"samples":0},"hypothesisId":"TPW"}
{"sessionId":"536900","timestamp":1788825795696,"location":"GpuDecodeEfficiency.cpp:BeginDecodeWindow","message":"decode_window_open","data":{"sensor_available":false,"sensor":"none"},"hypothesisId":"TPW"}
{"sessionId":"536900","timestamp":1788825800782,"location":"GpuDecodeEfficiency.cpp:Finalize","message":"gpu_decode_efficiency","data":{"power_valid":false,"sensor":"none","decode_tps":0.000000,"avg_w":0.000000,"tpw":0.000000,"samples":0},"hypothesisId":"TPW"}
{"sessionId":"536900","timestamp":1788825822422,"location":"GpuDecodeEfficiency.cpp:BeginDecodeWindow","message":"decode_window_open","data":{"sensor_available":false,"sensor":"none"},"hypothesisId":"TPW"}
{"sessionId":"536900","timestamp":1788825893984,"location":"GpuDecodeEfficiency.cpp:Finalize","message":"gpu_decode_efficiency","data":{"power_valid":false,"sensor":"none","decode_tps":0.055895,"avg_w":0.000000,"tpw":0.000000,"samples":0},"hypothesisId":"TPW"}
{"sessionId":"536900","timestamp":1788825916883,"location":"GpuDecodeEfficiency.cpp:BeginDecodeWindow","message":"decode_window_open","data":{"sensor_available":false,"sensor":"none"},"hypothesisId":"TPW"}
{"sessionId":"536900","timestamp":1788826134291,"location":"GpuDecodeEfficiency.cpp:BeginDecodeWindow","message":"decode_window_open","data":{"sensor_available":false,"sensor":"none"},"hypothesisId":"TPW"}
{"sessionId":"536900","timestamp":1788826137000,"location":"GpuDecodeEfficiency.cpp:Finalize","message":"gpu_decode_efficiency","data":{"power_valid":false,"sensor":"none","decode_tps":0.000000,"avg_w":0.000000,"tpw":0.000000,"samples":0},"hypothesisId":"TPW"}
{"sessionId":"536900","timestamp":1788826164192,"location":"GpuDecodeEfficiency.cpp:BeginDecodeWindow","message":"decode_window_open","data":{"sensor_available":false,"sensor":"none"},"hypothesisId":"TPW"}
{"sessionId":"536900","timestamp":1788826166863,"location":"GpuDecodeEfficiency.cpp:Finalize","message":"gpu_decode_efficiency","data":{"power_valid":false,"sensor":"none","decode_tps":0.000000,"avg_w":0.000000,"tpw":0.000000,"samples":0},"hypothesisId":"TPW"}
{"sessionId":"536900","timestamp":1788826230223,"location":"GpuDecodeEfficiency.cpp:BeginDecodeWindow","message":"decode_window_open","data":{"sensor_available":false,"sensor":"none"},"hypothesisId":"TPW"}
{"sessionId":"536900","timestamp":1788826232434,"location":"GpuDecodeEfficiency.cpp:Finalize","message":"gpu_decode_efficiency","data":{"power_valid":false,"sensor":"none","decode_tps":0.000000,"avg_w":0.000000,"tpw":0.000000,"samples":0},"hypothesisId":"TPW"}
{"sessionId":"536900","timestamp":1788826323566,"location":"GpuDecodeEfficiency.cpp:BeginDecodeWindow","message":"decode_window_open","data":{"sensor_available":false,"sensor":"none"},"hypothesisId":"TPW"}
{"sessionId":"536900","timestamp":1788826326269,"location":"GpuDecodeEfficiency.cpp:Finalize","message":"gpu_decode_efficiency","data":{"power_valid":false,"sensor":"none","decode_tps":0.000000,"avg_w":0.000000,"tpw":0.000000,"samples":0},"hypothesisId":"TPW"}
{"sessionId":"536900","timestamp":1788826357639,"location":"GpuDecodeEfficiency.cpp:BeginDecodeWindow","message":"decode_window_open","data":{"sensor_available":false,"sensor":"none"},"hypothesisId":"TPW"}
{"sessionId":"536900","timestamp":1788826360690,"location":"GpuDecodeEfficiency.cpp:Finalize","message":"gpu_decode_efficiency","data":{"power_valid":false,"sensor":"none","decode_tps":0.000000,"avg_w":0.000000,"tpw":0.000000,"samples":0},"hypothesisId":"TPW"}
{"sessionId":"536900","timestamp":1788826397502,"location":"GpuDecodeEfficiency.cpp:BeginDecodeWindow","message":"decode_window_open","data":{"sensor_available":false,"sensor":"none"},"hypothesisId":"TPW"}
{"sessionId":"536900","timestamp":1788826416032,"location":"GpuDecodeEfficiency.cpp:BeginDecodeWindow","message":"decode_window_open","data":{"sensor_available":false,"sensor":"none"},"hypothesisId":"TPW"}
{"sessionId":"536900","timestamp":1788826420034,"location":"GpuDecodeEfficiency.cpp:Finalize","message":"gpu_decode_efficiency","data":{"power_valid":false,"sensor":"none","decode_tps":0.000000,"avg_w":0.000000,"tpw":0.000000,"samples":0},"hypothesisId":"TPW"}
{"sessionId":"536900","timestamp":1788826540912,"location":"GpuDecodeEfficiency.cpp:BeginDecodeWindow","message":"decode_window_open","data":{"sensor_available":false,"sensor":"none"},"hypothesisId":"TPW"}
{"sessionId":"536900","timestamp":1788826616883,"location":"GpuDecodeEfficiency.cpp:BeginDecodeWindow","message":"decode_window_open","data":{"sensor_available":false,"sensor":"none"},"hypothesisId":"TPW"}
{"sessionId":"536900","timestamp":1788826619452,"location":"GpuDecodeEfficiency.cpp:Finalize","message":"gpu_decode_efficiency","data":{"power_valid":false,"sensor":"none","decode_tps":0.000000,"avg_w":0.000000,"tpw":0.000000,"samples":0},"hypothesisId":"TPW"}
{"sessionId":"536900","timestamp":1788826663765,"location":"GpuDecodeEfficiency.cpp:BeginDecodeWindow","message":"decode_window_open","data":{"sensor_available":false,"sensor":"none"},"hypothesisId":"TPW"}
{"sessionId":"536900","timestamp":1788826667238,"location":"GpuDecodeEfficiency.cpp:Finalize","message":"gpu_decode_efficiency","data":{"power_valid":false,"sensor":"none","decode_tps":0.000000,"avg_w":0.000000,"tpw":0.000000,"samples":0},"hypothesisId":"TPW"}
{"sessionId":"536900","timestamp":1788826715906,"location":"GpuDecodeEfficiency.cpp:BeginDecodeWindow","message":"decode_window_open","data":{"sensor_available":false,"sensor":"none"},"hypothesisId":"TPW"}
{"sessionId":"536900","timestamp":1788826736042,"location":"GpuDecodeEfficiency.cpp:BeginDecodeWindow","message":"decode_window_open","data":{"sensor_available":false,"sensor":"none"},"hypothesisId":"TPW"}
{"sessionId":"536900","timestamp":1788826740739,"location":"GpuDecodeEfficiency.cpp:Finalize","message":"gpu_decode_efficiency","data":{"power_valid":false,"sensor":"none","decode_tps":0.851510,"avg_w":0.000000,"tpw":0.000000,"samples":0},"hypothesisId":"TPW"}
{"sessionId":"536900","timestamp":1788827622976,"location":"GpuDecodeEfficiency.cpp:BeginDecodeWindow","message":"decode_window_open","data":{"sensor_available":false,"sensor":"none"},"hypothesisId":"TPW"}
{"sessionId":"536900","timestamp":1788827658905,"location":"GpuDecodeEfficiency.cpp:BeginDecodeWindow","message":"decode_window_open","data":{"sensor_available":false,"sensor":"none"},"hypothesisId":"TPW"}
{"sessionId":"536900","timestamp":1788827661425,"location":"GpuDecodeEfficiency.cpp:Finalize","message":"gpu_decode_efficiency","data":{"power_valid":false,"sensor":"none","decode_tps":0.000000,"avg_w":0.000000,"tpw":0.000000,"samples":0},"hypothesisId":"TPW"}
{"sessionId":"536900","timestamp":1788827663615,"location":"GpuDecodeEfficiency.cpp:BeginDecodeWindow","message":"decode_window_open","data":{"sensor_available":false,"sensor":"none"},"hypothesisId":"TPW"}
{"sessionId":"536900","timestamp":1788827667457,"location":"GpuDecodeEfficiency.cpp:Finalize","message":"gpu_decode_efficiency","data":{"power_valid":false,"sensor":"none","decode_tps":2.082385,"avg_w":0.000000,"tpw":0.000000,"samples":0},"hypothesisId":"TPW"}
{"sessionId":"536900","timestamp":1788827843616,"location":"GpuDecodeEfficiency.cpp:BeginDecodeWindow","message":"decode_window_open","data":{"sensor_available":false,"sensor":"none"},"hypothesisId":"TPW"}
{"sessionId":"536900","timestamp":1788827848926,"location":"GpuDecodeEfficiency.cpp:Finalize","message":"gpu_decode_efficiency","data":{"power_valid":false,"sensor":"none","decode_tps":1.506696,"avg_w":0.000000,"tpw":0.000000,"samples":0},"hypothesisId":"TPW"}
{"sessionId":"536900","timestamp":1788828022989,"location":"GpuDecodeEfficiency.cpp:BeginDecodeWindow","message":"decode_window_open","data":{"sensor_available":false,"sensor":"none"},"hypothesisId":"TPW"}
{"sessionId":"536900","timestamp":1788828028973,"location":"GpuDecodeEfficiency.cpp:Finalize","message":"gpu_decode_efficiency","data":{"power_valid":false,"sensor":"none","decode_tps":1.336977,"avg_w":0.000000,"tpw":0.000000,"samples":0},"hypothesisId":"TPW"}
{"sessionId":"536900","timestamp":1788828094283,"location":"GpuDecodeEfficiency.cpp:BeginDecodeWindow","message":"decode_window_open","data":{"sensor_available":false,"sensor":"none"},"hypothesisId":"TPW"}
{"sessionId":"536900","timestamp":1788828098872,"location":"GpuDecodeEfficiency.cpp:Finalize","message":"gpu_decode_efficiency","data":{"power_valid":false,"sensor":"none","decode_tps":1.743189,"avg_w":0.000000,"tpw":0.000000,"samples":0},"hypothesisId":"TPW"}
{"sessionId":"536900","timestamp":1788828148566,"location":"GpuDecodeEfficiency.cpp:BeginDecodeWindow","message":"decode_window_open","data":{"sensor_available":false,"sensor":"none"},"hypothesisId":"TPW"}
{"sessionId":"536900","timestamp":1788828153083,"location":"GpuDecodeEfficiency.cpp:Finalize","message":"gpu_decode_efficiency","data":{"power_valid":false,"sensor":"none","decode_tps":1.771146,"avg_w":0.000000,"tpw":0.000000,"samples":0},"hypothesisId":"TPW"}
{"sessionId":"536900","timestamp":1788828182555,"location":"GpuDecodeEfficiency.cpp:BeginDecodeWindow","message":"decode_window_open","data":{"sensor_available":false,"sensor":"none"},"hypothesisId":"TPW"}
{"sessionId":"536900","timestamp":1788828187004,"location":"GpuDecodeEfficiency.cpp:Finalize","message":"gpu_decode_efficiency","data":{"power_valid":false,"sensor":"none","decode_tps":1.798316,"avg_w":0.000000,"tpw":0.000000,"samples":0},"hypothesisId":"TPW"}
{"sessionId":"536900","timestamp":1788828429415,"location":"GpuDecodeEfficiency.cpp:BeginDecodeWindow","message":"decode_window_open","data":{"sensor_available":false,"sensor":"none"},"hypothesisId":"TPW"}
{"sessionId":"536900","timestamp":1788828434315,"location":"GpuDecodeEfficiency.cpp:Finalize","message":"gpu_decode_efficiency","data":{"power_valid":false,"sensor":"none","decode_tps":1.632431,"avg_w":0.000000,"tpw":0.000000,"samples":0},"hypothesisId":"TPW"}
{"sessionId":"536900","timestamp":1788832967113,"location":"GpuDecodeEfficiency.cpp:BeginDecodeWindow","message":"decode_window_open","data":{"sensor_available":false,"sensor":"none"},"hypothesisId":"TPW"}
{"sessionId":"536900","timestamp":1788832992964,"location":"GpuDecodeEfficiency.cpp:Finalize","message":"gpu_decode_efficiency","data":{"power_valid":false,"sensor":"none","decode_tps":2.475696,"avg_w":0.000000,"tpw":0.000000,"samples":0},"hypothesisId":"TPW"}
{"sessionId":"536900","timestamp":1788833313543,"location":"GpuDecodeEfficiency.cpp:BeginDecodeWindow","message":"decode_window_open","data":{"sensor_available":false,"sensor":"none"},"hypothesisId":"TPW"}
{"sessionId":"536900","timestamp":1788833318946,"location":"GpuDecodeEfficiency.cpp:Finalize","message":"gpu_decode_efficiency","data":{"power_valid":false,"sensor":"none","decode_tps":0.740348,"avg_w":0.000000,"tpw":0.000000,"samples":0},"hypothesisId":"TPW"}
{"sessionId":"536900","timestamp":1788833335687,"location":"GpuDecodeEfficiency.cpp:BeginDecodeWindow","message":"decode_window_open","data":{"sensor_available":false,"sensor":"none"},"hypothesisId":"TPW"}
{"sessionId":"536900","timestamp":1788833364388,"location":"GpuDecodeEfficiency.cpp:BeginDecodeWindow","message":"decode_window_open","data":{"sensor_available":false,"sensor":"none"},"hypothesisId":"TPW"}
{"sessionId":"536900","timestamp":1788833390089,"location":"GpuDecodeEfficiency.cpp:Finalize","message":"gpu_decode_efficiency","data":{"power_valid":false,"sensor":"none","decode_tps":1.176420,"avg_w":0.000000,"tpw":0.000000,"samples":0},"hypothesisId":"TPW"}
{"sessionId":"536900","timestamp":1788833651379,"location":"GpuDecodeEfficiency.cpp:BeginDecodeWindow","message":"decode_window_open","data":{"sensor_available":false,"sensor":"none"},"hypothesisId":"TPW"}
{"sessionId":"536900","timestamp":1788833691621,"location":"GpuDecodeEfficiency.cpp:BeginDecodeWindow","message":"decode_window_open","data":{"sensor_available":false,"sensor":"none"},"hypothesisId":"TPW"}
{"sessionId":"536900","timestamp":1788833697290,"location":"GpuDecodeEfficiency.cpp:Finalize","message":"gpu_decode_efficiency","data":{"power_valid":false,"sensor":"none","decode_tps":0.000000,"avg_w":0.000000,"tpw":0.000000,"samples":0},"hypothesisId":"TPW"}
{"sessionId":"536900","timestamp":1788833785341,"location":"GpuDecodeEfficiency.cpp:BeginDecodeWindow","message":"decode_window_open","data":{"sensor_available":false,"sensor":"none"},"hypothesisId":"TPW"}
{"sessionId":"536900","timestamp":1788833787031,"location":"GpuDecodeEfficiency.cpp:Finalize","message":"gpu_decode_efficiency","data":{"power_valid":false,"sensor":"none","decode_tps":2.367104,"avg_w":0.000000,"tpw":0.000000,"samples":0},"hypothesisId":"TPW"}
{"sessionId":"536900","timestamp":1788834045174,"location":"GpuDecodeEfficiency.cpp:BeginDecodeWindow","message":"decode_window_open","data":{"sensor_available":false,"sensor":"none"},"hypothesisId":"TPW"}
{"sessionId":"536900","timestamp":1788834051406,"location":"GpuDecodeEfficiency.cpp:Finalize","message":"gpu_decode_efficiency","data":{"power_valid":false,"sensor":"none","decode_tps":0.641819,"avg_w":0.000000,"tpw":0.000000,"samples":0},"hypothesisId":"TPW"}
{"sessionId":"536900","timestamp":1788834073617,"location":"GpuDecodeEfficiency.cpp:BeginDecodeWindow","message":"decode_window_open","data":{"sensor_available":false,"sensor":"none"},"hypothesisId":"TPW"}
{"sessionId":"536900","timestamp":1788834080664,"location":"GpuDecodeEfficiency.cpp:Finalize","message":"gpu_decode_efficiency","data":{"power_valid":false,"sensor":"none","decode_tps":0.567636,"avg_w":0.000000,"tpw":0.000000,"samples":0},"hypothesisId":"TPW"}
{"sessionId":"536900","timestamp":1788834150994,"location":"GpuDecodeEfficiency.cpp:BeginDecodeWindow","message":"decode_window_open","data":{"sensor_available":false,"sensor":"none"},"hypothesisId":"TPW"}
{"sessionId":"536900","timestamp":1788834157101,"location":"GpuDecodeEfficiency.cpp:Finalize","message":"gpu_decode_efficiency","data":{"power_valid":false,"sensor":"none","decode_tps":0.654988,"avg_w":0.000000,"tpw":0.000000,"samples":0},"hypothesisId":"TPW"}
{"sessionId":"536900","timestamp":1788834193268,"location":"GpuDecodeEfficiency.cpp:BeginDecodeWindow","message":"decode_window_open","data":{"sensor_available":false,"sensor":"none"},"hypothesisId":"TPW"}
{"sessionId":"536900","timestamp":1788834199175,"location":"GpuDecodeEfficiency.cpp:Finalize","message":"gpu_decode_efficiency","data":{"power_valid":false,"sensor":"none","decode_tps":0.677102,"avg_w":0.000000,"tpw":0.000000,"samples":0},"hypothesisId":"TPW"}
{"sessionId":"536900","timestamp":1788835152472,"location":"GpuDecodeEfficiency.cpp:BeginDecodeWindow","message":"decode_window_open","data":{"sensor_available":false,"sensor":"none"},"hypothesisId":"TPW"}
{"sessionId":"536900","timestamp":1788835157873,"location":"GpuDecodeEfficiency.cpp:Finalize","message":"gpu_decode_efficiency","data":{"power_valid":false,"sensor":"none","decode_tps":1.481346,"avg_w":0.000000,"tpw":0.000000,"samples":0},"hypothesisId":"TPW"}
{"sessionId":"536900","hypothesisId":"H9","location":"initCommandSurface","message":"before_gpu_probe","data":{"d0":0,"d1":0,"d2":0},"timestamp":13493997,"runId":"pre-fix"}
{"sessionId":"536900","hypothesisId":"H9","location":"initCommandSurface","message":"after_gpu_probe","data":{"d0":0,"d1":0,"d2":0},"timestamp":13494003,"runId":"pre-fix"}
{"sessionId":"536900","hypothesisId":"H2","location":"P1PRA_OnAcceptedUserPrompt","message":"user_prompt_begin","data":{"d0":1,"d1":1,"d2":12864},"timestamp":13494017,"runId":"pre-fix"}
{"sessionId":"536900","hypothesisId":"H2","location":"P1PRA_OnAcceptedUserPrompt","message":"user_prompt_begin","data":{"d0":2,"d1":1,"d2":12864},"timestamp":13495355,"runId":"pre-fix"}
{"sessionId":"536900","hypothesisId":"H2","location":"P1PRA_OnAcceptedUserPrompt","message":"user_prompt_begin","data":{"d0":3,"d1":1,"d2":12864},"timestamp":13496060,"runId":"pre-fix"}
{"sessionId":"536900","hypothesisId":"H2","location":"P1PRA_OnAcceptedUserPrompt","message":"user_prompt_begin","data":{"d0":4,"d1":1,"d2":12864},"timestamp":13497380,"runId":"pre-fix"}
{"sessionId":"536900","hypothesisId":"H10","location":"handleMessage","message":"after_wm_deferred_init","data":{"d0":0,"d1":0,"d2":0},"timestamp":13501131,"runId":"pre-fix"}
{"sessionId":"5daacc","hypothesisId":"H2","location":"P1PRA_Veh","message":"access_violation","data":{"rip":"0000000016D200C1","tid":22508,"stage":3,"telemetry_stage":0,"utc_stage":0},"timestamp":13501150,"runId":"pre-fix"}
{"sessionId":"536900","hypothesisId":"H9","location":"initCommandSurface","message":"before_gpu_probe","data":{"d0":0,"d1":0,"d2":0},"timestamp":14921474,"runId":"pre-fix"}
{"sessionId":"5daacc","hypothesisId":"H2","location":"P1PRA_Veh","message":"access_violation","data":{"rip":"000000001D18097D","tid":24196,"stage":0,"telemetry_stage":0,"utc_stage":0},"timestamp":14922218,"runId":"pre-fix"}
{"sessionId":"536900","hypothesisId":"H9","location":"initCommandSurface","message":"after_gpu_probe","data":{"d0":0,"d1":0,"d2":0},"timestamp":14922329,"runId":"pre-fix"}
{"sessionId":"536900","hypothesisId":"H9","location":"initCommandSurface","message":"before_gpu_probe","data":{"d0":0,"d1":0,"d2":0},"timestamp":14930545,"runId":"pre-fix"}
{"sessionId":"5daacc","hypothesisId":"H2","location":"P1PRA_Veh","message":"access_violation","data":{"rip":"000000001D22097D","tid":23068,"stage":0,"telemetry_stage":0,"utc_stage":0},"timestamp":14930699,"runId":"pre-fix"}
{"sessionId":"536900","hypothesisId":"H9","location":"initCommandSurface","message":"after_gpu_probe","data":{"d0":0,"d1":0,"d2":0},"timestamp":14930821,"runId":"pre-fix"}
{"sessionId":"536900","hypothesisId":"H10","location":"handleMessage","message":"after_wm_deferred_init","data":{"d0":0,"d1":0,"d2":0},"timestamp":14931260,"runId":"pre-fix"}
{"sessionId":"5daacc","hypothesisId":"H2","location":"P1PRA_Veh","message":"access_violation","data":{"rip":"0000000016D400C1","tid":4684,"stage":3,"telemetry_stage":0,"utc_stage":0},"timestamp":14931278,"runId":"pre-fix"}
{"sessionId":"536900","timestamp":1788870516112,"location":"GpuDecodeEfficiency.cpp:BeginDecodeWindow","message":"decode_window_open","data":{"sensor_available":false,"sensor":"none"},"hypothesisId":"TPW"}
{"sessionId":"536900","timestamp":1788870544375,"location":"GpuDecodeEfficiency.cpp:Finalize","message":"gpu_decode_efficiency","data":{"power_valid":false,"sensor":"none","decode_tps":2.264450,"avg_w":0.000000,"tpw":0.000000,"samples":0},"hypothesisId":"TPW"}
{"sessionId":"536900","timestamp":1788870588104,"location":"GpuDecodeEfficiency.cpp:BeginDecodeWindow","message":"decode_window_open","data":{"sensor_available":false,"sensor":"none"},"hypothesisId":"TPW"}
{"sessionId":"536900","timestamp":1788870612578,"location":"GpuDecodeEfficiency.cpp:Finalize","message":"gpu_decode_efficiency","data":{"power_valid":false,"sensor":"none","decode_tps":2.615015,"avg_w":0.000000,"tpw":0.000000,"samples":0},"hypothesisId":"TPW"}
{"sessionId":"536900","timestamp":1788870621802,"location":"GpuDecodeEfficiency.cpp:BeginDecodeWindow","message":"decode_window_open","data":{"sensor_available":false,"sensor":"none"},"hypothesisId":"TPW"}
{"sessionId":"536900","timestamp":1788870646647,"location":"GpuDecodeEfficiency.cpp:Finalize","message":"gpu_decode_efficiency","data":{"power_valid":false,"sensor":"none","decode_tps":2.575939,"avg_w":0.000000,"tpw":0.000000,"samples":0},"hypothesisId":"TPW"}
{"sessionId":"536900","timestamp":1788870757172,"location":"GpuDecodeEfficiency.cpp:BeginDecodeWindow","message":"decode_window_open","data":{"sensor_available":false,"sensor":"none"},"hypothesisId":"TPW"}
{"sessionId":"536900","timestamp":1788870788413,"location":"GpuDecodeEfficiency.cpp:Finalize","message":"gpu_decode_efficiency","data":{"power_valid":false,"sensor":"none","decode_tps":2.048583,"avg_w":0.000000,"tpw":0.000000,"samples":0},"hypothesisId":"TPW"}
{"sessionId":"536900","timestamp":1788870839677,"location":"GpuDecodeEfficiency.cpp:BeginDecodeWindow","message":"decode_window_open","data":{"sensor_available":false,"sensor":"none"},"hypothesisId":"TPW"}
{"sessionId":"536900","timestamp":1788870856307,"location":"GpuDecodeEfficiency.cpp:Finalize","message":"gpu_decode_efficiency","data":{"power_valid":false,"sensor":"none","decode_tps":3.848464,"avg_w":0.000000,"tpw":0.000000,"samples":0},"hypothesisId":"TPW"}
{"sessionId":"536900","timestamp":1788872830060,"location":"GpuDecodeEfficiency.cpp:BeginDecodeWindow","message":"decode_window_open","data":{"sensor_available":false,"sensor":"none"},"hypothesisId":"TPW"}
{"sessionId":"536900","timestamp":1788872847845,"location":"GpuDecodeEfficiency.cpp:Finalize","message":"gpu_decode_efficiency","data":{"power_valid":false,"sensor":"none","decode_tps":3.598623,"avg_w":0.000000,"tpw":0.000000,"samples":0},"hypothesisId":"TPW"}
{"sessionId":"536900","timestamp":1788872910457,"location":"GpuDecodeEfficiency.cpp:BeginDecodeWindow","message":"decode_window_open","data":{"sensor_available":false,"sensor":"none"},"hypothesisId":"TPW"}
{"sessionId":"536900","timestamp":1788872928067,"location":"GpuDecodeEfficiency.cpp:Finalize","message":"gpu_decode_efficiency","data":{"power_valid":false,"sensor":"none","decode_tps":3.634270,"avg_w":0.000000,"tpw":0.000000,"samples":0},"hypothesisId":"TPW"}
{"sessionId":"536900","timestamp":1788872965868,"location":"GpuDecodeEfficiency.cpp:BeginDecodeWindow","message":"decode_window_open","data":{"sensor_available":false,"sensor":"none"},"hypothesisId":"TPW"}
{"sessionId":"536900","timestamp":1788872983202,"location":"GpuDecodeEfficiency.cpp:Finalize","message":"gpu_decode_efficiency","data":{"power_valid":false,"sensor":"none","decode_tps":3.692298,"avg_w":0.000000,"tpw":0.000000,"samples":0},"hypothesisId":"TPW"}
{"sessionId":"536900","timestamp":1788873099604,"location":"GpuDecodeEfficiency.cpp:BeginDecodeWindow","message":"decode_window_open","data":{"sensor_available":false,"sensor":"none"},"hypothesisId":"TPW"}
{"sessionId":"536900","timestamp":1788873117735,"location":"GpuDecodeEfficiency.cpp:Finalize","message":"gpu_decode_efficiency","data":{"power_valid":false,"sensor":"none","decode_tps":3.529937,"avg_w":0.000000,"tpw":0.000000,"samples":0},"hypothesisId":"TPW"}
{"sessionId":"536900","timestamp":1788873522969,"location":"GpuDecodeEfficiency.cpp:BeginDecodeWindow","message":"decode_window_open","data":{"sensor_available":false,"sensor":"none"},"hypothesisId":"TPW"}
{"sessionId":"536900","timestamp":1788873541255,"location":"GpuDecodeEfficiency.cpp:Finalize","message":"gpu_decode_efficiency","data":{"power_valid":false,"sensor":"none","decode_tps":3.500024,"avg_w":0.000000,"tpw":0.000000,"samples":0},"hypothesisId":"TPW"}
{"sessionId":"536900","timestamp":1788873741412,"location":"GpuDecodeEfficiency.cpp:BeginDecodeWindow","message":"decode_window_open","data":{"sensor_available":false,"sensor":"none"},"hypothesisId":"TPW"}
{"sessionId":"536900","timestamp":1788873781758,"location":"GpuDecodeEfficiency.cpp:Finalize","message":"gpu_decode_efficiency","data":{"power_valid":false,"sensor":"none","decode_tps":1.586272,"avg_w":0.000000,"tpw":0.000000,"samples":0},"hypothesisId":"TPW"}
{"sessionId":"536900","timestamp":1788873841534,"location":"GpuDecodeEfficiency.cpp:BeginDecodeWindow","message":"decode_window_open","data":{"sensor_available":false,"sensor":"none"},"hypothesisId":"TPW"}
{"sessionId":"536900","timestamp":1788873850927,"location":"GpuDecodeEfficiency.cpp:BeginDecodeWindow","message":"decode_window_open","data":{"sensor_available":false,"sensor":"none"},"hypothesisId":"TPW"}
{"sessionId":"536900","timestamp":1788873872931,"location":"GpuDecodeEfficiency.cpp:BeginDecodeWindow","message":"decode_window_open","data":{"sensor_available":false,"sensor":"none"},"hypothesisId":"TPW"}
{"sessionId":"536900","timestamp":1788873883110,"location":"GpuDecodeEfficiency.cpp:BeginDecodeWindow","message":"decode_window_open","data":{"sensor_available":false,"sensor":"none"},"hypothesisId":"TPW"}
{"sessionId":"536900","timestamp":1788873891375,"location":"GpuDecodeEfficiency.cpp:Finalize","message":"gpu_decode_efficiency","data":{"power_valid":false,"sensor":"none","decode_tps":3.469949,"avg_w":0.000000,"tpw":0.000000,"samples":0},"hypothesisId":"TPW"}
{"sessionId":"536900","timestamp":1788873989740,"location":"GpuDecodeEfficiency.cpp:Finalize","message":"gpu_decode_efficiency","data":{"power_valid":false,"sensor":"none","decode_tps":0.600212,"avg_w":0.000000,"tpw":0.000000,"samples":0},"hypothesisId":"TPW"}
{"sessionId":"536900","timestamp":1788873999909,"location":"GpuDecodeEfficiency.cpp:BeginDecodeWindow","message":"decode_window_open","data":{"sensor_available":false,"sensor":"none"},"hypothesisId":"TPW"}
{"sessionId":"536900","timestamp":1788874017270,"location":"GpuDecodeEfficiency.cpp:Finalize","message":"gpu_decode_efficiency","data":{"power_valid":false,"sensor":"none","decode_tps":3.686332,"avg_w":0.000000,"tpw":0.000000,"samples":0},"hypothesisId":"TPW"}
{"sessionId":"536900","timestamp":1788874042324,"location":"GpuDecodeEfficiency.cpp:BeginDecodeWindow","message":"decode_window_open","data":{"sensor_available":false,"sensor":"none"},"hypothesisId":"TPW"}
{"sessionId":"536900","timestamp":1788874058601,"location":"GpuDecodeEfficiency.cpp:Finalize","message":"gpu_decode_efficiency","data":{"power_valid":false,"sensor":"none","decode_tps":3.932002,"avg_w":0.000000,"tpw":0.000000,"samples":0},"hypothesisId":"TPW"}
{"sessionId":"536900","timestamp":1788874086069,"location":"GpuDecodeEfficiency.cpp:BeginDecodeWindow","message":"decode_window_open","data":{"sensor_available":false,"sensor":"none"},"hypothesisId":"TPW"}
{"sessionId":"536900","timestamp":1788874103079,"location":"GpuDecodeEfficiency.cpp:Finalize","message":"gpu_decode_efficiency","data":{"power_valid":false,"sensor":"none","decode_tps":3.762321,"avg_w":0.000000,"tpw":0.000000,"samples":0},"hypothesisId":"TPW"}
{"sessionId":"536900","timestamp":1788874498049,"location":"GpuDecodeEfficiency.cpp:BeginDecodeWindow","message":"decode_window_open","data":{"sensor_available":false,"sensor":"none"},"hypothesisId":"TPW"}
{"sessionId":"536900","timestamp":1788874509011,"location":"GpuDecodeEfficiency.cpp:Finalize","message":"gpu_decode_efficiency","data":{"power_valid":false,"sensor":"none","decode_tps":5.838563,"avg_w":0.000000,"tpw":0.000000,"samples":0},"hypothesisId":"TPW"}
{"sessionId":"536900","timestamp":1788874522156,"location":"GpuDecodeEfficiency.cpp:BeginDecodeWindow","message":"decode_window_open","data":{"sensor_available":false,"sensor":"none"},"hypothesisId":"TPW"}
{"sessionId":"536900","timestamp":1788874533371,"location":"GpuDecodeEfficiency.cpp:Finalize","message":"gpu_decode_efficiency","data":{"power_valid":false,"sensor":"none","decode_tps":5.706588,"avg_w":0.000000,"tpw":0.000000,"samples":0},"hypothesisId":"TPW"}
{"sessionId":"536900","timestamp":1788874545470,"location":"GpuDecodeEfficiency.cpp:BeginDecodeWindow","message":"decode_window_open","data":{"sensor_available":false,"sensor":"none"},"hypothesisId":"TPW"}
{"sessionId":"536900","timestamp":1788874556288,"location":"GpuDecodeEfficiency.cpp:BeginDecodeWindow","message":"decode_window_open","data":{"sensor_available":false,"sensor":"none"},"hypothesisId":"TPW"}
{"sessionId":"536900","timestamp":1788874556637,"location":"GpuDecodeEfficiency.cpp:Finalize","message":"gpu_decode_efficiency","data":{"power_valid":false,"sensor":"none","decode_tps":5.731171,"avg_w":0.000000,"tpw":0.000000,"samples":0},"hypothesisId":"TPW"}
{"sessionId":"536900","timestamp":1788874561792,"location":"GpuDecodeEfficiency.cpp:BeginDecodeWindow","message":"decode_window_open","data":{"sensor_available":false,"sensor":"none"},"hypothesisId":"TPW"}
{"sessionId":"536900","timestamp":1788874569772,"location":"GpuDecodeEfficiency.cpp:Finalize","message":"gpu_decode_efficiency","data":{"power_valid":false,"sensor":"none","decode_tps":4.746405,"avg_w":0.000000,"tpw":0.000000,"samples":0},"hypothesisId":"TPW"}
{"sessionId":"536900","timestamp":1788874574427,"location":"GpuDecodeEfficiency.cpp:Finalize","message":"gpu_decode_efficiency","data":{"power_valid":false,"sensor":"none","decode_tps":5.065551,"avg_w":0.000000,"tpw":0.000000,"samples":0},"hypothesisId":"TPW"}
{"sessionId":"536900","timestamp":1788874621437,"location":"GpuDecodeEfficiency.cpp:BeginDecodeWindow","message":"decode_window_open","data":{"sensor_available":false,"sensor":"none"},"hypothesisId":"TPW"}
{"sessionId":"536900","timestamp":1788874633268,"location":"GpuDecodeEfficiency.cpp:Finalize","message":"gpu_decode_efficiency","data":{"power_valid":false,"sensor":"none","decode_tps":5.409813,"avg_w":0.000000,"tpw":0.000000,"samples":0},"hypothesisId":"TPW"}
{"sessionId":"536900","timestamp":1788874673238,"location":"GpuDecodeEfficiency.cpp:BeginDecodeWindow","message":"decode_window_open","data":{"sensor_available":false,"sensor":"none"},"hypothesisId":"TPW"}
{"sessionId":"536900","timestamp":1788874683995,"location":"GpuDecodeEfficiency.cpp:Finalize","message":"gpu_decode_efficiency","data":{"power_valid":false,"sensor":"none","decode_tps":5.949426,"avg_w":0.000000,"tpw":0.000000,"samples":0},"hypothesisId":"TPW"}
{"sessionId":"536900","timestamp":1788880676938,"location":"GpuDecodeEfficiency.cpp:BeginDecodeWindow","message":"decode_window_open","data":{"sensor_available":false,"sensor":"none"},"hypothesisId":"TPW"}
{"sessionId":"536900","timestamp":1788880690976,"location":"GpuDecodeEfficiency.cpp:Finalize","message":"gpu_decode_efficiency","data":{"power_valid":false,"sensor":"none","decode_tps":4.558805,"avg_w":0.000000,"tpw":0.000000,"samples":0},"hypothesisId":"TPW"}
{"sessionId":"536900","timestamp":1788880693492,"location":"GpuDecodeEfficiency.cpp:BeginDecodeWindow","message":"decode_window_open","data":{"sensor_available":false,"sensor":"none"},"hypothesisId":"TPW"}
{"sessionId":"536900","timestamp":1788880704824,"location":"GpuDecodeEfficiency.cpp:Finalize","message":"gpu_decode_efficiency","data":{"power_valid":false,"sensor":"none","decode_tps":5.647410,"avg_w":0.000000,"tpw":0.000000,"samples":0},"hypothesisId":"TPW"}
{"sessionId":"536900","timestamp":1788880707329,"location":"GpuDecodeEfficiency.cpp:BeginDecodeWindow","message":"decode_window_open","data":{"sensor_available":false,"sensor":"none"},"hypothesisId":"TPW"}
{"sessionId":"536900","timestamp":1788880718608,"location":"GpuDecodeEfficiency.cpp:Finalize","message":"gpu_decode_efficiency","data":{"power_valid":false,"sensor":"none","decode_tps":5.674742,"avg_w":0.000000,"tpw":0.000000,"samples":0},"hypothesisId":"TPW"}
{"sessionId":"536900","timestamp":1788880721055,"location":"GpuDecodeEfficiency.cpp:BeginDecodeWindow","message":"decode_window_open","data":{"sensor_available":false,"sensor":"none"},"hypothesisId":"TPW"}
{"sessionId":"536900","timestamp":1788880732358,"location":"GpuDecodeEfficiency.cpp:Finalize","message":"gpu_decode_efficiency","data":{"power_valid":false,"sensor":"none","decode_tps":5.662513,"avg_w":0.000000,"tpw":0.000000,"samples":0},"hypothesisId":"TPW"}
{"sessionId":"536900","timestamp":1788880734690,"location":"GpuDecodeEfficiency.cpp:BeginDecodeWindow","message":"decode_window_open","data":{"sensor_available":false,"sensor":"none"},"hypothesisId":"TPW"}
{"sessionId":"536900","timestamp":1788880746142,"location":"GpuDecodeEfficiency.cpp:Finalize","message":"gpu_decode_efficiency","data":{"power_valid":false,"sensor":"none","decode_tps":5.588603,"avg_w":0.000000,"tpw":0.000000,"samples":0},"hypothesisId":"TPW"}
{"sessionId":"536900","timestamp":1788880836732,"location":"GpuDecodeEfficiency.cpp:BeginDecodeWindow","message":"decode_window_open","data":{"sensor_available":false,"sensor":"none"},"hypothesisId":"TPW"}
{"sessionId":"536900","timestamp":1788880853650,"location":"GpuDecodeEfficiency.cpp:Finalize","message":"gpu_decode_efficiency","data":{"power_valid":false,"sensor":"none","decode_tps":3.782975,"avg_w":0.000000,"tpw":0.000000,"samples":0},"hypothesisId":"TPW"}
{"sessionId":"536900","timestamp":1788880856717,"location":"GpuDecodeEfficiency.cpp:BeginDecodeWindow","message":"decode_window_open","data":{"sensor_available":false,"sensor":"none"},"hypothesisId":"TPW"}
{"sessionId":"536900","timestamp":1788880877344,"location":"GpuDecodeEfficiency.cpp:Finalize","message":"gpu_decode_efficiency","data":{"power_valid":false,"sensor":"none","decode_tps":3.102626,"avg_w":0.000000,"tpw":0.000000,"samples":0},"hypothesisId":"TPW"}
{"sessionId":"536900","timestamp":1788880880418,"location":"GpuDecodeEfficiency.cpp:BeginDecodeWindow","message":"decode_window_open","data":{"sensor_available":false,"sensor":"none"},"hypothesisId":"TPW"}
{"sessionId":"536900","timestamp":1788880902675,"location":"GpuDecodeEfficiency.cpp:Finalize","message":"gpu_decode_efficiency","data":{"power_valid":false,"sensor":"none","decode_tps":2.875591,"avg_w":0.000000,"tpw":0.000000,"samples":0},"hypothesisId":"TPW"}
{"sessionId":"536900","timestamp":1788880905958,"location":"GpuDecodeEfficiency.cpp:BeginDecodeWindow","message":"decode_window_open","data":{"sensor_available":false,"sensor":"none"},"hypothesisId":"TPW"}
{"sessionId":"536900","timestamp":1788880919295,"location":"GpuDecodeEfficiency.cpp:Finalize","message":"gpu_decode_efficiency","data":{"power_valid":false,"sensor":"none","decode_tps":4.798439,"avg_w":0.000000,"tpw":0.000000,"samples":0},"hypothesisId":"TPW"}
{"sessionId":"536900","timestamp":1788880923121,"location":"GpuDecodeEfficiency.cpp:BeginDecodeWindow","message":"decode_window_open","data":{"sensor_available":false,"sensor":"none"},"hypothesisId":"TPW"}
{"sessionId":"536900","timestamp":1788880934294,"location":"GpuDecodeEfficiency.cpp:Finalize","message":"gpu_decode_efficiency","data":{"power_valid":false,"sensor":"none","decode_tps":5.728182,"avg_w":0.000000,"tpw":0.000000,"samples":0},"hypothesisId":"TPW"}
{"sessionId":"536900","timestamp":1788880967404,"location":"GpuDecodeEfficiency.cpp:BeginDecodeWindow","message":"decode_window_open","data":{"sensor_available":false,"sensor":"none"},"hypothesisId":"TPW"}
{"sessionId":"536900","timestamp":1788880985973,"location":"GpuDecodeEfficiency.cpp:Finalize","message":"gpu_decode_efficiency","data":{"power_valid":false,"sensor":"none","decode_tps":3.446466,"avg_w":0.000000,"tpw":0.000000,"samples":0},"hypothesisId":"TPW"}
{"sessionId":"536900","timestamp":1788880989982,"location":"GpuDecodeEfficiency.cpp:BeginDecodeWindow","message":"decode_window_open","data":{"sensor_available":false,"sensor":"none"},"hypothesisId":"TPW"}
{"sessionId":"536900","timestamp":1788881007032,"location":"GpuDecodeEfficiency.cpp:Finalize","message":"gpu_decode_efficiency","data":{"power_valid":false,"sensor":"none","decode_tps":3.753686,"avg_w":0.000000,"tpw":0.000000,"samples":0},"hypothesisId":"TPW"}
{"sessionId":"536900","timestamp":1788881009819,"location":"GpuDecodeEfficiency.cpp:BeginDecodeWindow","message":"decode_window_open","data":{"sensor_available":false,"sensor":"none"},"hypothesisId":"TPW"}
{"sessionId":"536900","timestamp":1788881026356,"location":"GpuDecodeEfficiency.cpp:Finalize","message":"gpu_decode_efficiency","data":{"power_valid":false,"sensor":"none","decode_tps":3.870005,"avg_w":0.000000,"tpw":0.000000,"samples":0},"hypothesisId":"TPW"}
{"sessionId":"536900","timestamp":1788881029246,"location":"GpuDecodeEfficiency.cpp:BeginDecodeWindow","message":"decode_window_open","data":{"sensor_available":false,"sensor":"none"},"hypothesisId":"TPW"}
{"sessionId":"536900","timestamp":1788881049574,"location":"GpuDecodeEfficiency.cpp:Finalize","message":"gpu_decode_efficiency","data":{"power_valid":false,"sensor":"none","decode_tps":3.148339,"avg_w":0.000000,"tpw":0.000000,"samples":0},"hypothesisId":"TPW"}
{"sessionId":"536900","timestamp":1788881052455,"location":"GpuDecodeEfficiency.cpp:BeginDecodeWindow","message":"decode_window_open","data":{"sensor_available":false,"sensor":"none"},"hypothesisId":"TPW"}
{"sessionId":"536900","timestamp":1788881077164,"location":"GpuDecodeEfficiency.cpp:Finalize","message":"gpu_decode_efficiency","data":{"power_valid":false,"sensor":"none","decode_tps":2.590119,"avg_w":0.000000,"tpw":0.000000,"samples":0},"hypothesisId":"TPW"}
{"sessionId":"536900","timestamp":1788881131898,"location":"GpuDecodeEfficiency.cpp:BeginDecodeWindow","message":"decode_window_open","data":{"sensor_available":false,"sensor":"none"},"hypothesisId":"TPW"}
{"sessionId":"536900","timestamp":1788881150397,"location":"GpuDecodeEfficiency.cpp:Finalize","message":"gpu_decode_efficiency","data":{"power_valid":false,"sensor":"none","decode_tps":3.459644,"avg_w":0.000000,"tpw":0.000000,"samples":0},"hypothesisId":"TPW"}
{"sessionId":"536900","timestamp":1788881153302,"location":"GpuDecodeEfficiency.cpp:BeginDecodeWindow","message":"decode_window_open","data":{"sensor_available":false,"sensor":"none"},"hypothesisId":"TPW"}
{"sessionId":"536900","timestamp":1788881173447,"location":"GpuDecodeEfficiency.cpp:Finalize","message":"gpu_decode_efficiency","data":{"power_valid":false,"sensor":"none","decode_tps":3.176936,"avg_w":0.000000,"tpw":0.000000,"samples":0},"hypothesisId":"TPW"}
{"sessionId":"536900","timestamp":1788881177548,"location":"GpuDecodeEfficiency.cpp:BeginDecodeWindow","message":"decode_window_open","data":{"sensor_available":false,"sensor":"none"},"hypothesisId":"TPW"}
{"sessionId":"536900","timestamp":1788881197566,"location":"GpuDecodeEfficiency.cpp:Finalize","message":"gpu_decode_efficiency","data":{"power_valid":false,"sensor":"none","decode_tps":3.197029,"avg_w":0.000000,"tpw":0.000000,"samples":0},"hypothesisId":"TPW"}
{"sessionId":"536900","timestamp":1788881200427,"location":"GpuDecodeEfficiency.cpp:BeginDecodeWindow","message":"decode_window_open","data":{"sensor_available":false,"sensor":"none"},"hypothesisId":"TPW"}
{"sessionId":"536900","timestamp":1788881215324,"location":"GpuDecodeEfficiency.cpp:Finalize","message":"gpu_decode_efficiency","data":{"power_valid":false,"sensor":"none","decode_tps":4.295904,"avg_w":0.000000,"tpw":0.000000,"samples":0},"hypothesisId":"TPW"}
{"sessionId":"536900","timestamp":1788882167699,"location":"GpuDecodeEfficiency.cpp:BeginDecodeWindow","message":"decode_window_open","data":{"sensor_available":false,"sensor":"none"},"hypothesisId":"TPW"}
{"sessionId":"536900","timestamp":1788882181320,"location":"GpuDecodeEfficiency.cpp:Finalize","message":"gpu_decode_efficiency","data":{"power_valid":false,"sensor":"none","decode_tps":4.698649,"avg_w":0.000000,"tpw":0.000000,"samples":0},"hypothesisId":"TPW"}
{"sessionId":"536900","timestamp":1788902045870,"location":"GpuDecodeEfficiency.cpp:BeginDecodeWindow","message":"decode_window_open","data":{"sensor_available":false,"sensor":"none"},"hypothesisId":"TPW"}
{"sessionId":"536900","timestamp":1788902058473,"location":"GpuDecodeEfficiency.cpp:Finalize","message":"gpu_decode_efficiency","data":{"power_valid":false,"sensor":"none","decode_tps":5.077887,"avg_w":0.000000,"tpw":0.000000,"samples":0},"hypothesisId":"TPW"}
{"sessionId":"536900","timestamp":1788902068261,"location":"GpuDecodeEfficiency.cpp:BeginDecodeWindow","message":"decode_window_open","data":{"sensor_available":false,"sensor":"none"},"hypothesisId":"TPW"}
{"sessionId":"536900","timestamp":1788902080076,"location":"GpuDecodeEfficiency.cpp:Finalize","message":"gpu_decode_efficiency","data":{"power_valid":false,"sensor":"none","decode_tps":5.417106,"avg_w":0.000000,"tpw":0.000000,"samples":0},"hypothesisId":"TPW"}
{"sessionId":"536900","timestamp":1788902089855,"location":"GpuDecodeEfficiency.cpp:BeginDecodeWindow","message":"decode_window_open","data":{"sensor_available":false,"sensor":"none"},"hypothesisId":"TPW"}
{"sessionId":"536900","timestamp":1788902100608,"location":"GpuDecodeEfficiency.cpp:Finalize","message":"gpu_decode_efficiency","data":{"power_valid":false,"sensor":"none","decode_tps":5.951378,"avg_w":0.000000,"tpw":0.000000,"samples":0},"hypothesisId":"TPW"}
{"sessionId":"536900","timestamp":1788902110272,"location":"GpuDecodeEfficiency.cpp:BeginDecodeWindow","message":"decode_window_open","data":{"sensor_available":false,"sensor":"none"},"hypothesisId":"TPW"}
{"sessionId":"536900","timestamp":1788902121043,"location":"GpuDecodeEfficiency.cpp:Finalize","message":"gpu_decode_efficiency","data":{"power_valid":false,"sensor":"none","decode_tps":5.941812,"avg_w":0.000000,"tpw":0.000000,"samples":0},"hypothesisId":"TPW"}
{"sessionId":"536900","timestamp":1788902130686,"location":"GpuDecodeEfficiency.cpp:BeginDecodeWindow","message":"decode_window_open","data":{"sensor_available":false,"sensor":"none"},"hypothesisId":"TPW"}
{"sessionId":"536900","timestamp":1788902141544,"location":"GpuDecodeEfficiency.cpp:Finalize","message":"gpu_decode_efficiency","data":{"power_valid":false,"sensor":"none","decode_tps":5.894439,"avg_w":0.000000,"tpw":0.000000,"samples":0},"hypothesisId":"TPW"}
{"sessionId":"536900","timestamp":1788902211997,"location":"GpuDecodeEfficiency.cpp:BeginDecodeWindow","message":"decode_window_open","data":{"sensor_available":false,"sensor":"none"},"hypothesisId":"TPW"}
{"sessionId":"536900","timestamp":1788902222832,"location":"GpuDecodeEfficiency.cpp:Finalize","message":"gpu_decode_efficiency","data":{"power_valid":false,"sensor":"none","decode_tps":5.906544,"avg_w":0.000000,"tpw":0.000000,"samples":0},"hypothesisId":"TPW"}
{"sessionId":"536900","timestamp":1788902232550,"location":"GpuDecodeEfficiency.cpp:BeginDecodeWindow","message":"decode_window_open","data":{"sensor_available":false,"sensor":"none"},"hypothesisId":"TPW"}
{"sessionId":"536900","timestamp":1788902243853,"location":"GpuDecodeEfficiency.cpp:Finalize","message":"gpu_decode_efficiency","data":{"power_valid":false,"sensor":"none","decode_tps":5.661994,"avg_w":0.000000,"tpw":0.000000,"samples":0},"hypothesisId":"TPW"}
{"sessionId":"536900","timestamp":1788902256701,"location":"GpuDecodeEfficiency.cpp:BeginDecodeWindow","message":"decode_window_open","data":{"sensor_available":false,"sensor":"none"},"hypothesisId":"TPW"}
{"sessionId":"536900","timestamp":1788902269133,"location":"GpuDecodeEfficiency.cpp:Finalize","message":"gpu_decode_efficiency","data":{"power_valid":false,"sensor":"none","decode_tps":5.148248,"avg_w":0.000000,"tpw":0.000000,"samples":0},"hypothesisId":"TPW"}
{"sessionId":"536900","timestamp":1788902269250,"location":"GpuDecodeEfficiency.cpp:Finalize","message":"gpu_decode_efficiency","data":{"power_valid":false,"sensor":"none","decode_tps":5.100035,"avg_w":0.000000,"tpw":0.000000,"samples":0},"hypothesisId":"TPW"}
{"sessionId":"536900","timestamp":1788902278817,"location":"GpuDecodeEfficiency.cpp:BeginDecodeWindow","message":"decode_window_open","data":{"sensor_available":false,"sensor":"none"},"hypothesisId":"TPW"}
{"sessionId":"536900","timestamp":1788902282036,"location":"GpuDecodeEfficiency.cpp:BeginDecodeWindow","message":"decode_window_open","data":{"sensor_available":false,"sensor":"none"},"hypothesisId":"TPW"}
{"sessionId":"536900","timestamp":1788902290636,"location":"GpuDecodeEfficiency.cpp:Finalize","message":"gpu_decode_efficiency","data":{"power_valid":false,"sensor":"none","decode_tps":5.415225,"avg_w":0.000000,"tpw":0.000000,"samples":0},"hypothesisId":"TPW"}
{"sessionId":"536900","timestamp":1788902293788,"location":"GpuDecodeEfficiency.cpp:Finalize","message":"gpu_decode_efficiency","data":{"power_valid":false,"sensor":"none","decode_tps":5.445567,"avg_w":0.000000,"tpw":0.000000,"samples":0},"hypothesisId":"TPW"}
{"sessionId":"536900","timestamp":1788902303499,"location":"GpuDecodeEfficiency.cpp:BeginDecodeWindow","message":"decode_window_open","data":{"sensor_available":false,"sensor":"none"},"hypothesisId":"TPW"}
{"sessionId":"536900","timestamp":1788902314467,"location":"GpuDecodeEfficiency.cpp:Finalize","message":"gpu_decode_efficiency","data":{"power_valid":false,"sensor":"none","decode_tps":5.834740,"avg_w":0.000000,"tpw":0.000000,"samples":0},"hypothesisId":"TPW"}
{"sessionId":"536900","timestamp":1788902324196,"location":"GpuDecodeEfficiency.cpp:BeginDecodeWindow","message":"decode_window_open","data":{"sensor_available":false,"sensor":"none"},"hypothesisId":"TPW"}
{"sessionId":"536900","timestamp":1788902324197,"location":"GpuDecodeEfficiency.cpp:BeginDecodeWindow","message":"decode_window_open","data":{"sensor_available":false,"sensor":"none"},"hypothesisId":"TPW"}
{"sessionId":"536900","timestamp":1788902336697,"location":"GpuDecodeEfficiency.cpp:Finalize","message":"gpu_decode_efficiency","data":{"power_valid":false,"sensor":"none","decode_tps":5.119974,"avg_w":0.000000,"tpw":0.000000,"samples":0},"hypothesisId":"TPW"}
{"sessionId":"536900","timestamp":1788902336711,"location":"GpuDecodeEfficiency.cpp:Finalize","message":"gpu_decode_efficiency","data":{"power_valid":false,"sensor":"none","decode_tps":5.113898,"avg_w":0.000000,"tpw":0.000000,"samples":0},"hypothesisId":"TPW"}
{"sessionId":"536900","timestamp":1788902346553,"location":"GpuDecodeEfficiency.cpp:BeginDecodeWindow","message":"decode_window_open","data":{"sensor_available":false,"sensor":"none"},"hypothesisId":"TPW"}
{"sessionId":"536900","timestamp":1788902359896,"location":"GpuDecodeEfficiency.cpp:Finalize","message":"gpu_decode_efficiency","data":{"power_valid":false,"sensor":"none","decode_tps":4.796422,"avg_w":0.000000,"tpw":0.000000,"samples":0},"hypothesisId":"TPW"}
{"sessionId":"536900","timestamp":1788902369816,"location":"GpuDecodeEfficiency.cpp:BeginDecodeWindow","message":"decode_window_open","data":{"sensor_available":false,"sensor":"none"},"hypothesisId":"TPW"}
{"sessionId":"536900","timestamp":1788902383840,"location":"GpuDecodeEfficiency.cpp:Finalize","message":"gpu_decode_efficiency","data":{"power_valid":false,"sensor":"none","decode_tps":4.563564,"avg_w":0.000000,"tpw":0.000000,"samples":0},"hypothesisId":"TPW"}
{"sessionId":"536900","timestamp":1788902393586,"location":"GpuDecodeEfficiency.cpp:BeginDecodeWindow","message":"decode_window_open","data":{"sensor_available":false,"sensor":"none"},"hypothesisId":"TPW"}
{"sessionId":"536900","timestamp":1788902403827,"location":"GpuDecodeEfficiency.cpp:Finalize","message":"gpu_decode_efficiency","data":{"power_valid":false,"sensor":"none","decode_tps":6.249344,"avg_w":0.000000,"tpw":0.000000,"samples":0},"hypothesisId":"TPW"}
{"sessionId":"536900","timestamp":1788902413564,"location":"GpuDecodeEfficiency.cpp:BeginDecodeWindow","message":"decode_window_open","data":{"sensor_available":false,"sensor":"none"},"hypothesisId":"TPW"}
{"sessionId":"536900","timestamp":1788902423883,"location":"GpuDecodeEfficiency.cpp:Finalize","message":"gpu_decode_efficiency","data":{"power_valid":false,"sensor":"none","decode_tps":6.201978,"avg_w":0.000000,"tpw":0.000000,"samples":0},"hypothesisId":"TPW"}
{"sessionId":"536900","timestamp":1788902443371,"location":"GpuDecodeEfficiency.cpp:BeginDecodeWindow","message":"decode_window_open","data":{"sensor_available":false,"sensor":"none"},"hypothesisId":"TPW"}
{"sessionId":"536900","timestamp":1788902454170,"location":"GpuDecodeEfficiency.cpp:Finalize","message":"gpu_decode_efficiency","data":{"power_valid":false,"sensor":"none","decode_tps":5.926187,"avg_w":0.000000,"tpw":0.000000,"samples":0},"hypothesisId":"TPW"}
{"sessionId":"536900","timestamp":1788902463850,"location":"GpuDecodeEfficiency.cpp:BeginDecodeWindow","message":"decode_window_open","data":{"sensor_available":false,"sensor":"none"},"hypothesisId":"TPW"}
{"sessionId":"536900","timestamp":1788902474368,"location":"GpuDecodeEfficiency.cpp:Finalize","message":"gpu_decode_efficiency","data":{"power_valid":false,"sensor":"none","decode_tps":6.084601,"avg_w":0.000000,"tpw":0.000000,"samples":0},"hypothesisId":"TPW"}
{"sessionId":"536900","timestamp":1788902484102,"location":"GpuDecodeEfficiency.cpp:BeginDecodeWindow","message":"decode_window_open","data":{"sensor_available":false,"sensor":"none"},"hypothesisId":"TPW"}
{"sessionId":"536900","timestamp":1788902494425,"location":"GpuDecodeEfficiency.cpp:Finalize","message":"gpu_decode_efficiency","data":{"power_valid":false,"sensor":"none","decode_tps":6.199666,"avg_w":0.000000,"tpw":0.000000,"samples":0},"hypothesisId":"TPW"}
{"sessionId":"536900","timestamp":1788902504169,"location":"GpuDecodeEfficiency.cpp:BeginDecodeWindow","message":"decode_window_open","data":{"sensor_available":false,"sensor":"none"},"hypothesisId":"TPW"}
{"sessionId":"536900","timestamp":1788902521575,"location":"GpuDecodeEfficiency.cpp:Finalize","message":"gpu_decode_efficiency","data":{"power_valid":false,"sensor":"none","decode_tps":3.676944,"avg_w":0.000000,"tpw":0.000000,"samples":0},"hypothesisId":"TPW"}
{"sessionId":"536900","timestamp":1788902531457,"location":"GpuDecodeEfficiency.cpp:BeginDecodeWindow","message":"decode_window_open","data":{"sensor_available":false,"sensor":"none"},"hypothesisId":"TPW"}
{"sessionId":"536900","timestamp":1788902541740,"location":"GpuDecodeEfficiency.cpp:Finalize","message":"gpu_decode_efficiency","data":{"power_valid":false,"sensor":"none","decode_tps":6.223995,"avg_w":0.000000,"tpw":0.000000,"samples":0},"hypothesisId":"TPW"}
{"sessionId":"536900","timestamp":1788902551461,"location":"GpuDecodeEfficiency.cpp:BeginDecodeWindow","message":"decode_window_open","data":{"sensor_available":false,"sensor":"none"},"hypothesisId":"TPW"}
{"sessionId":"536900","timestamp":1788902561935,"location":"GpuDecodeEfficiency.cpp:Finalize","message":"gpu_decode_efficiency","data":{"power_valid":false,"sensor":"none","decode_tps":6.110038,"avg_w":0.000000,"tpw":0.000000,"samples":0},"hypothesisId":"TPW"}
{"sessionId":"536900","timestamp":1788902571588,"location":"GpuDecodeEfficiency.cpp:BeginDecodeWindow","message":"decode_window_open","data":{"sensor_available":false,"sensor":"none"},"hypothesisId":"TPW"}
{"sessionId":"536900","timestamp":1788902582326,"location":"GpuDecodeEfficiency.cpp:Finalize","message":"gpu_decode_efficiency","data":{"power_valid":false,"sensor":"none","decode_tps":5.960432,"avg_w":0.000000,"tpw":0.000000,"samples":0},"hypothesisId":"TPW"}
{"sessionId":"536900","timestamp":1788902591989,"location":"GpuDecodeEfficiency.cpp:BeginDecodeWindow","message":"decode_window_open","data":{"sensor_available":false,"sensor":"none"},"hypothesisId":"TPW"}
{"sessionId":"536900","timestamp":1788902602678,"location":"GpuDecodeEfficiency.cpp:Finalize","message":"gpu_decode_efficiency","data":{"power_valid":false,"sensor":"none","decode_tps":5.987607,"avg_w":0.000000,"tpw":0.000000,"samples":0},"hypothesisId":"TPW"}
{"sessionId":"536900","timestamp":1788902605621,"location":"GpuDecodeEfficiency.cpp:BeginDecodeWindow","message":"decode_window_open","data":{"sensor_available":false,"sensor":"none"},"hypothesisId":"TPW"}
{"sessionId":"536900","timestamp":1788902615213,"location":"GpuDecodeEfficiency.cpp:BeginDecodeWindow","message":"decode_window_open","data":{"sensor_available":false,"sensor":"none"},"hypothesisId":"TPW"}
{"sessionId":"536900","timestamp":1788902617516,"location":"GpuDecodeEfficiency.cpp:Finalize","message":"gpu_decode_efficiency","data":{"power_valid":false,"sensor":"none","decode_tps":5.380322,"avg_w":0.000000,"tpw":0.000000,"samples":0},"hypothesisId":"TPW"}
{"sessionId":"536900","timestamp":1788902626030,"location":"GpuDecodeEfficiency.cpp:Finalize","message":"gpu_decode_efficiency","data":{"power_valid":false,"sensor":"none","decode_tps":5.916849,"avg_w":0.000000,"tpw":0.000000,"samples":0},"hypothesisId":"TPW"}
{"sessionId":"536900","timestamp":1788902627988,"location":"GpuDecodeEfficiency.cpp:BeginDecodeWindow","message":"decode_window_open","data":{"sensor_available":false,"sensor":"none"},"hypothesisId":"TPW"}
{"sessionId":"536900","timestamp":1788902637569,"location":"GpuDecodeEfficiency.cpp:BeginDecodeWindow","message":"decode_window_open","data":{"sensor_available":false,"sensor":"none"},"hypothesisId":"TPW"}
{"sessionId":"536900","timestamp":1788902638743,"location":"GpuDecodeEfficiency.cpp:Finalize","message":"gpu_decode_efficiency","data":{"power_valid":false,"sensor":"none","decode_tps":5.950944,"avg_w":0.000000,"tpw":0.000000,"samples":0},"hypothesisId":"TPW"}
{"sessionId":"536900","timestamp":1788902648313,"location":"GpuDecodeEfficiency.cpp:Finalize","message":"gpu_decode_efficiency","data":{"power_valid":false,"sensor":"none","decode_tps":5.956534,"avg_w":0.000000,"tpw":0.000000,"samples":0},"hypothesisId":"TPW"}
{"sessionId":"536900","timestamp":1788902650302,"location":"GpuDecodeEfficiency.cpp:BeginDecodeWindow","message":"decode_window_open","data":{"sensor_available":false,"sensor":"none"},"hypothesisId":"TPW"}
{"sessionId":"536900","timestamp":1788902660877,"location":"GpuDecodeEfficiency.cpp:Finalize","message":"gpu_decode_efficiency","data":{"power_valid":false,"sensor":"none","decode_tps":6.051752,"avg_w":0.000000,"tpw":0.000000,"samples":0},"hypothesisId":"TPW"}
{"sessionId":"536900","timestamp":1788902670571,"location":"GpuDecodeEfficiency.cpp:BeginDecodeWindow","message":"decode_window_open","data":{"sensor_available":false,"sensor":"none"},"hypothesisId":"TPW"}
{"sessionId":"536900","timestamp":1788902680802,"location":"GpuDecodeEfficiency.cpp:Finalize","message":"gpu_decode_efficiency","data":{"power_valid":false,"sensor":"none","decode_tps":6.256022,"avg_w":0.000000,"tpw":0.000000,"samples":0},"hypothesisId":"TPW"}
{"sessionId":"536900","timestamp":1788902690475,"location":"GpuDecodeEfficiency.cpp:BeginDecodeWindow","message":"decode_window_open","data":{"sensor_available":false,"sensor":"none"},"hypothesisId":"TPW"}
{"sessionId":"536900","timestamp":1788902701113,"location":"GpuDecodeEfficiency.cpp:Finalize","message":"gpu_decode_efficiency","data":{"power_valid":false,"sensor":"none","decode_tps":6.016334,"avg_w":0.000000,"tpw":0.000000,"samples":0},"hypothesisId":"TPW"}
{"sessionId":"536900","timestamp":1788902710836,"location":"GpuDecodeEfficiency.cpp:BeginDecodeWindow","message":"decode_window_open","data":{"sensor_available":false,"sensor":"none"},"hypothesisId":"TPW"}
{"sessionId":"536900","timestamp":1788902721570,"location":"GpuDecodeEfficiency.cpp:Finalize","message":"gpu_decode_efficiency","data":{"power_valid":false,"sensor":"none","decode_tps":5.961996,"avg_w":0.000000,"tpw":0.000000,"samples":0},"hypothesisId":"TPW"}
{"sessionId":"536900","timestamp":1788902731269,"location":"GpuDecodeEfficiency.cpp:BeginDecodeWindow","message":"decode_window_open","data":{"sensor_available":false,"sensor":"none"},"hypothesisId":"TPW"}
{"sessionId":"536900","timestamp":1788902741853,"location":"GpuDecodeEfficiency.cpp:Finalize","message":"gpu_decode_efficiency","data":{"power_valid":false,"sensor":"none","decode_tps":6.046928,"avg_w":0.000000,"tpw":0.000000,"samples":0},"hypothesisId":"TPW"}
{"sessionId":"536900","timestamp":1788902751589,"location":"GpuDecodeEfficiency.cpp:BeginDecodeWindow","message":"decode_window_open","data":{"sensor_available":false,"sensor":"none"},"hypothesisId":"TPW"}
{"sessionId":"536900","timestamp":1788902762201,"location":"GpuDecodeEfficiency.cpp:Finalize","message":"gpu_decode_efficiency","data":{"power_valid":false,"sensor":"none","decode_tps":6.031306,"avg_w":0.000000,"tpw":0.000000,"samples":0},"hypothesisId":"TPW"}
{"sessionId":"536900","timestamp":1788902775122,"location":"GpuDecodeEfficiency.cpp:BeginDecodeWindow","message":"decode_window_open","data":{"sensor_available":false,"sensor":"none"},"hypothesisId":"TPW"}
{"sessionId":"536900","timestamp":1788902788799,"location":"GpuDecodeEfficiency.cpp:Finalize","message":"gpu_decode_efficiency","data":{"power_valid":false,"sensor":"none","decode_tps":4.679324,"avg_w":0.000000,"tpw":0.000000,"samples":0},"hypothesisId":"TPW"}
{"sessionId":"536900","timestamp":1788902788889,"location":"GpuDecodeEfficiency.cpp:Finalize","message":"gpu_decode_efficiency","data":{"power_valid":false,"sensor":"none","decode_tps":4.648767,"avg_w":0.000000,"tpw":0.000000,"samples":0},"hypothesisId":"TPW"}
{"sessionId":"536900","timestamp":1788902798604,"location":"GpuDecodeEfficiency.cpp:BeginDecodeWindow","message":"decode_window_open","data":{"sensor_available":false,"sensor":"none"},"hypothesisId":"TPW"}
{"sessionId":"536900","timestamp":1788902801846,"location":"GpuDecodeEfficiency.cpp:BeginDecodeWindow","message":"decode_window_open","data":{"sensor_available":false,"sensor":"none"},"hypothesisId":"TPW"}
{"sessionId":"536900","timestamp":1788902811838,"location":"GpuDecodeEfficiency.cpp:Finalize","message":"gpu_decode_efficiency","data":{"power_valid":false,"sensor":"none","decode_tps":4.836027,"avg_w":0.000000,"tpw":0.000000,"samples":0},"hypothesisId":"TPW"}
{"sessionId":"536900","timestamp":1788902814813,"location":"GpuDecodeEfficiency.cpp:Finalize","message":"gpu_decode_efficiency","data":{"power_valid":false,"sensor":"none","decode_tps":4.935555,"avg_w":0.000000,"tpw":0.000000,"samples":0},"hypothesisId":"TPW"}
{"sessionId":"536900","timestamp":1788902821734,"location":"GpuDecodeEfficiency.cpp:BeginDecodeWindow","message":"decode_window_open","data":{"sensor_available":false,"sensor":"none"},"hypothesisId":"TPW"}
{"sessionId":"536900","timestamp":1788902831577,"location":"GpuDecodeEfficiency.cpp:BeginDecodeWindow","message":"decode_window_open","data":{"sensor_available":false,"sensor":"none"},"hypothesisId":"TPW"}
{"sessionId":"536900","timestamp":1788902838600,"location":"GpuDecodeEfficiency.cpp:BeginDecodeWindow","message":"decode_window_open","data":{"sensor_available":false,"sensor":"none"},"hypothesisId":"TPW"}
{"sessionId":"536900","timestamp":1788902851938,"location":"GpuDecodeEfficiency.cpp:Finalize","message":"gpu_decode_efficiency","data":{"power_valid":false,"sensor":"none","decode_tps":3.143299,"avg_w":0.000000,"tpw":0.000000,"samples":0},"hypothesisId":"TPW"}
{"sessionId":"536900","timestamp":1788902855245,"location":"GpuDecodeEfficiency.cpp:Finalize","message":"gpu_decode_efficiency","data":{"power_valid":false,"sensor":"none","decode_tps":3.845086,"avg_w":0.000000,"tpw":0.000000,"samples":0},"hypothesisId":"TPW"}
{"sessionId":"536900","timestamp":1788902855263,"location":"GpuDecodeEfficiency.cpp:Finalize","message":"gpu_decode_efficiency","data":{"power_valid":false,"sensor":"none","decode_tps":3.840837,"avg_w":0.000000,"tpw":0.000000,"samples":0},"hypothesisId":"TPW"}
{"sessionId":"536900","timestamp":1788902861726,"location":"GpuDecodeEfficiency.cpp:BeginDecodeWindow","message":"decode_window_open","data":{"sensor_available":false,"sensor":"none"},"hypothesisId":"TPW"}
{"sessionId":"536900","timestamp":1788902868176,"location":"GpuDecodeEfficiency.cpp:BeginDecodeWindow","message":"decode_window_open","data":{"sensor_available":false,"sensor":"none"},"hypothesisId":"TPW"}
{"sessionId":"536900","timestamp":1788902868176,"location":"GpuDecodeEfficiency.cpp:BeginDecodeWindow","message":"decode_window_open","data":{"sensor_available":false,"sensor":"none"},"hypothesisId":"TPW"}
{"sessionId":"536900","timestamp":1788902874895,"location":"GpuDecodeEfficiency.cpp:Finalize","message":"gpu_decode_efficiency","data":{"power_valid":false,"sensor":"none","decode_tps":4.859934,"avg_w":0.000000,"tpw":0.000000,"samples":0},"hypothesisId":"TPW"}
{"sessionId":"536900","timestamp":1788902882073,"location":"GpuDecodeEfficiency.cpp:Finalize","message":"gpu_decode_efficiency","data":{"power_valid":false,"sensor":"none","decode_tps":4.605405,"avg_w":0.000000,"tpw":0.000000,"samples":0},"hypothesisId":"TPW"}
{"sessionId":"536900","timestamp":1788902882089,"location":"GpuDecodeEfficiency.cpp:Finalize","message":"gpu_decode_efficiency","data":{"power_valid":false,"sensor":"none","decode_tps":4.600124,"avg_w":0.000000,"tpw":0.000000,"samples":0},"hypothesisId":"TPW"}
{"sessionId":"536900","timestamp":1788902884785,"location":"GpuDecodeEfficiency.cpp:BeginDecodeWindow","message":"decode_window_open","data":{"sensor_available":false,"sensor":"none"},"hypothesisId":"TPW"}
{"sessionId":"536900","timestamp":1788902894378,"location":"GpuDecodeEfficiency.cpp:BeginDecodeWindow","message":"decode_window_open","data":{"sensor_available":false,"sensor":"none"},"hypothesisId":"TPW"}
{"sessionId":"536900","timestamp":1788902896318,"location":"GpuDecodeEfficiency.cpp:Finalize","message":"gpu_decode_efficiency","data":{"power_valid":false,"sensor":"none","decode_tps":5.549373,"avg_w":0.000000,"tpw":0.000000,"samples":0},"hypothesisId":"TPW"}
{"sessionId":"536900","timestamp":1788902905235,"location":"GpuDecodeEfficiency.cpp:Finalize","message":"gpu_decode_efficiency","data":{"power_valid":false,"sensor":"none","decode_tps":5.895054,"avg_w":0.000000,"tpw":0.000000,"samples":0},"hypothesisId":"TPW"}
{"sessionId":"536900","timestamp":1788902907153,"location":"GpuDecodeEfficiency.cpp:BeginDecodeWindow","message":"decode_window_open","data":{"sensor_available":false,"sensor":"none"},"hypothesisId":"TPW"}
{"sessionId":"536900","timestamp":1788902916744,"location":"GpuDecodeEfficiency.cpp:BeginDecodeWindow","message":"decode_window_open","data":{"sensor_available":false,"sensor":"none"},"hypothesisId":"TPW"}
{"sessionId":"536900","timestamp":1788902918535,"location":"GpuDecodeEfficiency.cpp:Finalize","message":"gpu_decode_efficiency","data":{"power_valid":false,"sensor":"none","decode_tps":5.623049,"avg_w":0.000000,"tpw":0.000000,"samples":0},"hypothesisId":"TPW"}
{"sessionId":"536900","timestamp":1788902927862,"location":"GpuDecodeEfficiency.cpp:Finalize","message":"gpu_decode_efficiency","data":{"power_valid":false,"sensor":"none","decode_tps":5.756105,"avg_w":0.000000,"tpw":0.000000,"samples":0},"hypothesisId":"TPW"}
{"sessionId":"536900","timestamp":1788902929469,"location":"GpuDecodeEfficiency.cpp:BeginDecodeWindow","message":"decode_window_open","data":{"sensor_available":false,"sensor":"none"},"hypothesisId":"TPW"}
{"sessionId":"536900","timestamp":1788902939068,"location":"GpuDecodeEfficiency.cpp:BeginDecodeWindow","message":"decode_window_open","data":{"sensor_available":false,"sensor":"none"},"hypothesisId":"TPW"}
{"sessionId":"536900","timestamp":1788902940210,"location":"GpuDecodeEfficiency.cpp:Finalize","message":"gpu_decode_efficiency","data":{"power_valid":false,"sensor":"none","decode_tps":5.958767,"avg_w":0.000000,"tpw":0.000000,"samples":0},"hypothesisId":"TPW"}
{"sessionId":"536900","timestamp":1788902949914,"location":"GpuDecodeEfficiency.cpp:Finalize","message":"gpu_decode_efficiency","data":{"power_valid":false,"sensor":"none","decode_tps":5.900385,"avg_w":0.000000,"tpw":0.000000,"samples":0},"hypothesisId":"TPW"}
{"sessionId":"536900","timestamp":1788902959693,"location":"GpuDecodeEfficiency.cpp:BeginDecodeWindow","message":"decode_window_open","data":{"sensor_available":false,"sensor":"none"},"hypothesisId":"TPW"}
{"sessionId":"536900","timestamp":1788902972283,"location":"GpuDecodeEfficiency.cpp:Finalize","message":"gpu_decode_efficiency","data":{"power_valid":false,"sensor":"none","decode_tps":5.083324,"avg_w":0.000000,"tpw":0.000000,"samples":0},"hypothesisId":"TPW"}
{"sessionId":"536900","timestamp":1788903556100,"location":"GpuDecodeEfficiency.cpp:BeginDecodeWindow","message":"decode_window_open","data":{"sensor_available":false,"sensor":"none"},"hypothesisId":"TPW"}
{"sessionId":"536900","timestamp":1788903567242,"location":"GpuDecodeEfficiency.cpp:Finalize","message":"gpu_decode_efficiency","data":{"power_valid":false,"sensor":"none","decode_tps":5.743817,"avg_w":0.000000,"tpw":0.000000,"samples":0},"hypothesisId":"TPW"}
{"sessionId":"536900","timestamp":1788903697957,"location":"GpuDecodeEfficiency.cpp:BeginDecodeWindow","message":"decode_window_open","data":{"sensor_available":false,"sensor":"none"},"hypothesisId":"TPW"}
{"sessionId":"536900","timestamp":1788903708780,"location":"GpuDecodeEfficiency.cpp:Finalize","message":"gpu_decode_efficiency","data":{"power_valid":false,"sensor":"none","decode_tps":5.913364,"avg_w":0.000000,"tpw":0.000000,"samples":0},"hypothesisId":"TPW"}
{"sessionId":"536900","timestamp":1788904235817,"location":"GpuDecodeEfficiency.cpp:BeginDecodeWindow","message":"decode_window_open","data":{"sensor_available":false,"sensor":"none"},"hypothesisId":"TPW"}
{"sessionId":"536900","timestamp":1788904278205,"location":"GpuDecodeEfficiency.cpp:BeginDecodeWindow","message":"decode_window_open","data":{"sensor_available":false,"sensor":"none"},"hypothesisId":"TPW"}
{"sessionId":"536900","timestamp":1788904308057,"location":"GpuDecodeEfficiency.cpp:BeginDecodeWindow","message":"decode_window_open","data":{"sensor_available":false,"sensor":"none"},"hypothesisId":"TPW"}
{"sessionId":"536900","timestamp":1788904318646,"location":"GpuDecodeEfficiency.cpp:Finalize","message":"gpu_decode_efficiency","data":{"power_valid":false,"sensor":"none","decode_tps":6.044106,"avg_w":0.000000,"tpw":0.000000,"samples":0},"hypothesisId":"TPW"}
{"sessionId":"536900","timestamp":1788904368136,"location":"GpuDecodeEfficiency.cpp:BeginDecodeWindow","message":"decode_window_open","data":{"sensor_available":false,"sensor":"none"},"hypothesisId":"TPW"}
{"sessionId":"536900","timestamp":1788904378079,"location":"GpuDecodeEfficiency.cpp:Finalize","message":"gpu_decode_efficiency","data":{"power_valid":false,"sensor":"none","decode_tps":6.436284,"avg_w":0.000000,"tpw":0.000000,"samples":0},"hypothesisId":"TPW"}
{"sessionId":"536900","timestamp":1788904932578,"location":"GpuDecodeEfficiency.cpp:BeginDecodeWindow","message":"decode_window_open","data":{"sensor_available":false,"sensor":"none"},"hypothesisId":"TPW"}
{"sessionId":"536900","timestamp":1788904942494,"location":"GpuDecodeEfficiency.cpp:Finalize","message":"gpu_decode_efficiency","data":{"power_valid":false,"sensor":"none","decode_tps":6.453750,"avg_w":0.000000,"tpw":0.000000,"samples":0},"hypothesisId":"TPW"}
{"sessionId":"536900","timestamp":1788904952212,"location":"GpuDecodeEfficiency.cpp:BeginDecodeWindow","message":"decode_window_open","data":{"sensor_available":false,"sensor":"none"},"hypothesisId":"TPW"}
{"sessionId":"536900","timestamp":1788904962890,"location":"GpuDecodeEfficiency.cpp:Finalize","message":"gpu_decode_efficiency","data":{"power_valid":false,"sensor":"none","decode_tps":5.993828,"avg_w":0.000000,"tpw":0.000000,"samples":0},"hypothesisId":"TPW"}
{"sessionId":"536900","timestamp":1788904972589,"location":"GpuDecodeEfficiency.cpp:BeginDecodeWindow","message":"decode_window_open","data":{"sensor_available":false,"sensor":"none"},"hypothesisId":"TPW"}
{"sessionId":"536900","timestamp":1788904982322,"location":"GpuDecodeEfficiency.cpp:Finalize","message":"gpu_decode_efficiency","data":{"power_valid":false,"sensor":"none","decode_tps":6.575455,"avg_w":0.000000,"tpw":0.000000,"samples":0},"hypothesisId":"TPW"}
{"sessionId":"536900","timestamp":1788904992045,"location":"GpuDecodeEfficiency.cpp:BeginDecodeWindow","message":"decode_window_open","data":{"sensor_available":false,"sensor":"none"},"hypothesisId":"TPW"}
{"sessionId":"536900","timestamp":1788905002373,"location":"GpuDecodeEfficiency.cpp:Finalize","message":"gpu_decode_efficiency","data":{"power_valid":false,"sensor":"none","decode_tps":6.196332,"avg_w":0.000000,"tpw":0.000000,"samples":0},"hypothesisId":"TPW"}
{"sessionId":"536900","timestamp":1788905012096,"location":"GpuDecodeEfficiency.cpp:BeginDecodeWindow","message":"decode_window_open","data":{"sensor_available":false,"sensor":"none"},"hypothesisId":"TPW"}
{"sessionId":"536900","timestamp":1788905022379,"location":"GpuDecodeEfficiency.cpp:Finalize","message":"gpu_decode_efficiency","data":{"power_valid":false,"sensor":"none","decode_tps":6.224023,"avg_w":0.000000,"tpw":0.000000,"samples":0},"hypothesisId":"TPW"}
{"sessionId":"536900","timestamp":1788905800602,"location":"GpuDecodeEfficiency.cpp:BeginDecodeWindow","message":"decode_window_open","data":{"sensor_available":false,"sensor":"none"},"hypothesisId":"TPW"}
{"sessionId":"536900","timestamp":1788905847930,"location":"GpuDecodeEfficiency.cpp:BeginDecodeWindow","message":"decode_window_open","data":{"sensor_available":false,"sensor":"none"},"hypothesisId":"TPW"}
{"sessionId":"536900","timestamp":1788905852092,"location":"GpuDecodeEfficiency.cpp:Finalize","message":"gpu_decode_efficiency","data":{"power_valid":false,"sensor":"none","decode_tps":3.845107,"avg_w":0.000000,"tpw":0.000000,"samples":0},"hypothesisId":"TPW"}
{"sessionId":"536900","timestamp":1788905918090,"location":"GpuDecodeEfficiency.cpp:BeginDecodeWindow","message":"decode_window_open","data":{"sensor_available":false,"sensor":"none"},"hypothesisId":"TPW"}
{"sessionId":"536900","timestamp":1788905929694,"location":"GpuDecodeEfficiency.cpp:Finalize","message":"gpu_decode_efficiency","data":{"power_valid":false,"sensor":"none","decode_tps":5.515674,"avg_w":0.000000,"tpw":0.000000,"samples":0},"hypothesisId":"TPW"}
{"sessionId":"536900","timestamp":1788905942367,"location":"GpuDecodeEfficiency.cpp:BeginDecodeWindow","message":"decode_window_open","data":{"sensor_available":false,"sensor":"none"},"hypothesisId":"TPW"}
{"sessionId":"536900","timestamp":1788905947416,"location":"GpuDecodeEfficiency.cpp:Finalize","message":"gpu_decode_efficiency","data":{"power_valid":false,"sensor":"none","decode_tps":3.168376,"avg_w":0.000000,"tpw":0.000000,"samples":0},"hypothesisId":"TPW"}
{"sessionId":"536900","timestamp":1788906004426,"location":"GpuDecodeEfficiency.cpp:BeginDecodeWindow","message":"decode_window_open","data":{"sensor_available":false,"sensor":"none"},"hypothesisId":"TPW"}
{"sessionId":"536900","timestamp":1788906013864,"location":"GpuDecodeEfficiency.cpp:Finalize","message":"gpu_decode_efficiency","data":{"power_valid":false,"sensor":"none","decode_tps":1.695247,"avg_w":0.000000,"tpw":0.000000,"samples":0},"hypothesisId":"TPW"}
{"sessionId":"536900","timestamp":1788906114957,"location":"GpuDecodeEfficiency.cpp:BeginDecodeWindow","message":"decode_window_open","data":{"sensor_available":false,"sensor":"none"},"hypothesisId":"TPW"}
{"sessionId":"536900","timestamp":1788906158786,"location":"GpuDecodeEfficiency.cpp:BeginDecodeWindow","message":"decode_window_open","data":{"sensor_available":false,"sensor":"none"},"hypothesisId":"TPW"}
{"sessionId":"536900","timestamp":1788906169651,"location":"GpuDecodeEfficiency.cpp:Finalize","message":"gpu_decode_efficiency","data":{"power_valid":false,"sensor":"none","decode_tps":5.890662,"avg_w":0.000000,"tpw":0.000000,"samples":0},"hypothesisId":"TPW"}
{"sessionId":"536900","timestamp":1788906247631,"location":"GpuDecodeEfficiency.cpp:BeginDecodeWindow","message":"decode_window_open","data":{"sensor_available":false,"sensor":"none"},"hypothesisId":"TPW"}
{"sessionId":"536900","timestamp":1788906260904,"location":"GpuDecodeEfficiency.cpp:Finalize","message":"gpu_decode_efficiency","data":{"power_valid":false,"sensor":"none","decode_tps":4.821902,"avg_w":0.000000,"tpw":0.000000,"samples":0},"hypothesisId":"TPW"}
{"sessionId":"536900","timestamp":1788906270727,"location":"GpuDecodeEfficiency.cpp:BeginDecodeWindow","message":"decode_window_open","data":{"sensor_available":false,"sensor":"none"},"hypothesisId":"TPW"}
{"sessionId":"536900","timestamp":1788906281942,"location":"GpuDecodeEfficiency.cpp:Finalize","message":"gpu_decode_efficiency","data":{"power_valid":false,"sensor":"none","decode_tps":5.706482,"avg_w":0.000000,"tpw":0.000000,"samples":0},"hypothesisId":"TPW"}
{"sessionId":"536900","timestamp":1788906291661,"location":"GpuDecodeEfficiency.cpp:BeginDecodeWindow","message":"decode_window_open","data":{"sensor_available":false,"sensor":"none"},"hypothesisId":"TPW"}
{"sessionId":"536900","timestamp":1788906302668,"location":"GpuDecodeEfficiency.cpp:Finalize","message":"gpu_decode_efficiency","data":{"power_valid":false,"sensor":"none","decode_tps":5.814767,"avg_w":0.000000,"tpw":0.000000,"samples":0},"hypothesisId":"TPW"}
{"sessionId":"536900","timestamp":1788906312408,"location":"GpuDecodeEfficiency.cpp:BeginDecodeWindow","message":"decode_window_open","data":{"sensor_available":false,"sensor":"none"},"hypothesisId":"TPW"}
{"sessionId":"536900","timestamp":1788906322749,"location":"GpuDecodeEfficiency.cpp:Finalize","message":"gpu_decode_efficiency","data":{"power_valid":false,"sensor":"none","decode_tps":6.189024,"avg_w":0.000000,"tpw":0.000000,"samples":0},"hypothesisId":"TPW"}
{"sessionId":"536900","timestamp":1788906332524,"location":"GpuDecodeEfficiency.cpp:BeginDecodeWindow","message":"decode_window_open","data":{"sensor_available":false,"sensor":"none"},"hypothesisId":"TPW"}
{"sessionId":"536900","timestamp":1788906343054,"location":"GpuDecodeEfficiency.cpp:Finalize","message":"gpu_decode_efficiency","data":{"power_valid":false,"sensor":"none","decode_tps":6.077730,"avg_w":0.000000,"tpw":0.000000,"samples":0},"hypothesisId":"TPW"}
{"sessionId":"536900","timestamp":1788907385146,"location":"GpuDecodeEfficiency.cpp:BeginDecodeWindow","message":"decode_window_open","data":{"sensor_available":false,"sensor":"none"},"hypothesisId":"TPW"}
{"sessionId":"536900","timestamp":1788907751331,"location":"GpuDecodeEfficiency.cpp:BeginDecodeWindow","message":"decode_window_open","data":{"sensor_available":false,"sensor":"none"},"hypothesisId":"TPW"}
{"sessionId":"536900","timestamp":1788907780874,"location":"GpuDecodeEfficiency.cpp:Finalize","message":"gpu_decode_efficiency","data":{"power_valid":false,"sensor":"none","decode_tps":2.166390,"avg_w":0.000000,"tpw":0.000000,"samples":0},"hypothesisId":"TPW"}
{"sessionId":"536900","timestamp":1788907872035,"location":"GpuDecodeEfficiency.cpp:BeginDecodeWindow","message":"decode_window_open","data":{"sensor_available":false,"sensor":"none"},"hypothesisId":"TPW"}
{"sessionId":"536900","timestamp":1788907880618,"location":"GpuDecodeEfficiency.cpp:Finalize","message":"gpu_decode_efficiency","data":{"power_valid":false,"sensor":"none","decode_tps":1.864228,"avg_w":0.000000,"tpw":0.000000,"samples":0},"hypothesisId":"TPW"}
{"sessionId":"536900","timestamp":1788907969820,"location":"GpuDecodeEfficiency.cpp:BeginDecodeWindow","message":"decode_window_open","data":{"sensor_available":false,"sensor":"none"},"hypothesisId":"TPW"}
{"sessionId":"536900","timestamp":1788907997024,"location":"GpuDecodeEfficiency.cpp:Finalize","message":"gpu_decode_efficiency","data":{"power_valid":false,"sensor":"none","decode_tps":2.352592,"avg_w":0.000000,"tpw":0.000000,"samples":0},"hypothesisId":"TPW"}
{"sessionId":"536900","timestamp":1788910401715,"location":"GpuDecodeEfficiency.cpp:BeginDecodeWindow","message":"decode_window_open","data":{"sensor_available":false,"sensor":"none"},"hypothesisId":"TPW"}
{"sessionId":"536900","timestamp":1788910404911,"location":"GpuDecodeEfficiency.cpp:BeginDecodeWindow","message":"decode_window_open","data":{"sensor_available":false,"sensor":"none"},"hypothesisId":"TPW"}
{"sessionId":"536900","timestamp":1788910408874,"location":"GpuDecodeEfficiency.cpp:Finalize","message":"gpu_decode_efficiency","data":{"power_valid":false,"sensor":"none","decode_tps":1.009387,"avg_w":0.000000,"tpw":0.000000,"samples":0},"hypothesisId":"TPW"}
{"sessionId":"536900","timestamp":1788913573900,"location":"GpuDecodeEfficiency.cpp:BeginDecodeWindow","message":"decode_window_open","data":{"sensor_available":false,"sensor":"none"},"hypothesisId":"TPW"}
{"sessionId":"536900","timestamp":1788913603131,"location":"GpuDecodeEfficiency.cpp:Finalize","message":"gpu_decode_efficiency","data":{"power_valid":false,"sensor":"none","decode_tps":2.189452,"avg_w":0.000000,"tpw":0.000000,"samples":0},"hypothesisId":"TPW"}
{"sessionId":"536900","timestamp":1788914106684,"location":"GpuDecodeEfficiency.cpp:BeginDecodeWindow","message":"decode_window_open","data":{"sensor_available":false,"sensor":"none"},"hypothesisId":"TPW"}
{"sessionId":"536900","timestamp":1788914134011,"location":"GpuDecodeEfficiency.cpp:Finalize","message":"gpu_decode_efficiency","data":{"power_valid":false,"sensor":"none","decode_tps":2.342053,"avg_w":0.000000,"tpw":0.000000,"samples":0},"hypothesisId":"TPW"}
{"sessionId":"536900","timestamp":1788914873432,"location":"GpuDecodeEfficiency.cpp:BeginDecodeWindow","message":"decode_window_open","data":{"sensor_available":false,"sensor":"none"},"hypothesisId":"TPW"}
{"sessionId":"536900","timestamp":1788914900982,"location":"GpuDecodeEfficiency.cpp:Finalize","message":"gpu_decode_efficiency","data":{"power_valid":false,"sensor":"none","decode_tps":2.323033,"avg_w":0.000000,"tpw":0.000000,"samples":0},"hypothesisId":"TPW"}
{"sessionId":"536900","timestamp":1788915274568,"location":"GpuDecodeEfficiency.cpp:BeginDecodeWindow","message":"decode_window_open","data":{"sensor_available":false,"sensor":"none"},"hypothesisId":"TPW"}
{"sessionId":"536900","timestamp":1788916798036,"location":"GpuDecodeEfficiency.cpp:BeginDecodeWindow","message":"decode_window_open","data":{"sensor_available":false,"sensor":"none"},"hypothesisId":"TPW"}
{"sessionId":"536900","timestamp":1788919765706,"location":"GpuDecodeEfficiency.cpp:BeginDecodeWindow","message":"decode_window_open","data":{"sensor_available":false,"sensor":"none"},"hypothesisId":"TPW"}
{"sessionId":"536900","timestamp":1788919767798,"location":"GpuDecodeEfficiency.cpp:Finalize","message":"gpu_decode_efficiency","data":{"power_valid":false,"sensor":"none","decode_tps":0.477793,"avg_w":0.000000,"tpw":0.000000,"samples":0},"hypothesisId":"TPW"}
{"sessionId":"536900","timestamp":1788920131335,"location":"GpuDecodeEfficiency.cpp:BeginDecodeWindow","message":"decode_window_open","data":{"sensor_available":false,"sensor":"none"},"hypothesisId":"TPW"}
{"sessionId":"536900","timestamp":1788920133339,"location":"GpuDecodeEfficiency.cpp:Finalize","message":"gpu_decode_efficiency","data":{"power_valid":false,"sensor":"none","decode_tps":0.499010,"avg_w":0.000000,"tpw":0.000000,"samples":0},"hypothesisId":"TPW"}
{"sessionId":"536900","timestamp":1788920144125,"location":"GpuDecodeEfficiency.cpp:BeginDecodeWindow","message":"decode_window_open","data":{"sensor_available":false,"sensor":"none"},"hypothesisId":"TPW"}
{"sessionId":"536900","timestamp":1788920146553,"location":"GpuDecodeEfficiency.cpp:Finalize","message":"gpu_decode_efficiency","data":{"power_valid":false,"sensor":"none","decode_tps":0.411846,"avg_w":0.000000,"tpw":0.000000,"samples":0},"hypothesisId":"TPW"}
{"sessionId":"536900","timestamp":1788920524344,"location":"GpuDecodeEfficiency.cpp:BeginDecodeWindow","message":"decode_window_open","data":{"sensor_available":false,"sensor":"none"},"hypothesisId":"TPW"}
{"sessionId":"536900","timestamp":1788920526234,"location":"GpuDecodeEfficiency.cpp:Finalize","message":"gpu_decode_efficiency","data":{"power_valid":false,"sensor":"none","decode_tps":0.529072,"avg_w":0.000000,"tpw":0.000000,"samples":0},"hypothesisId":"TPW"}
{"sessionId":"536900","timestamp":1788920696892,"location":"GpuDecodeEfficiency.cpp:BeginDecodeWindow","message":"decode_window_open","data":{"sensor_available":false,"sensor":"none"},"hypothesisId":"TPW"}
{"sessionId":"536900","timestamp":1788920698817,"location":"GpuDecodeEfficiency.cpp:Finalize","message":"gpu_decode_efficiency","data":{"power_valid":false,"sensor":"none","decode_tps":0.519490,"avg_w":0.000000,"tpw":0.000000,"samples":0},"hypothesisId":"TPW"}
{"sessionId":"536900","timestamp":1788920950094,"location":"GpuDecodeEfficiency.cpp:BeginDecodeWindow","message":"decode_window_open","data":{"sensor_available":false,"sensor":"none"},"hypothesisId":"TPW"}
{"sessionId":"536900","timestamp":1788920952020,"location":"GpuDecodeEfficiency.cpp:Finalize","message":"gpu_decode_efficiency","data":{"power_valid":false,"sensor":"none","decode_tps":0.519306,"avg_w":0.000000,"tpw":0.000000,"samples":0},"hypothesisId":"TPW"}
{"sessionId":"536900","timestamp":1788920974227,"location":"GpuDecodeEfficiency.cpp:BeginDecodeWindow","message":"decode_window_open","data":{"sensor_available":false,"sensor":"none"},"hypothesisId":"TPW"}
{"sessionId":"536900","timestamp":1788920976132,"location":"GpuDecodeEfficiency.cpp:Finalize","message":"gpu_decode_efficiency","data":{"power_valid":false,"sensor":"none","decode_tps":0.524677,"avg_w":0.000000,"tpw":0.000000,"samples":0},"hypothesisId":"TPW"}
{"sessionId":"536900","timestamp":1788921267009,"location":"GpuDecodeEfficiency.cpp:BeginDecodeWindow","message":"decode_window_open","data":{"sensor_available":false,"sensor":"none"},"hypothesisId":"TPW"}
{"sessionId":"536900","timestamp":1788921269096,"location":"GpuDecodeEfficiency.cpp:Finalize","message":"gpu_decode_efficiency","data":{"power_valid":false,"sensor":"none","decode_tps":0.479164,"avg_w":0.000000,"tpw":0.000000,"samples":0},"hypothesisId":"TPW"}
{"sessionId":"536900","timestamp":1788927002842,"location":"GpuDecodeEfficiency.cpp:BeginDecodeWindow","message":"decode_window_open","data":{"sensor_available":false,"sensor":"none"},"hypothesisId":"TPW"}
{"sessionId":"536900","timestamp":1788927005821,"location":"GpuDecodeEfficiency.cpp:Finalize","message":"gpu_decode_efficiency","data":{"power_valid":false,"sensor":"none","decode_tps":0.335776,"avg_w":0.000000,"tpw":0.000000,"samples":0},"hypothesisId":"TPW"}
{"sessionId":"536900","timestamp":1788927041504,"location":"GpuDecodeEfficiency.cpp:BeginDecodeWindow","message":"decode_window_open","data":{"sensor_available":false,"sensor":"none"},"hypothesisId":"TPW"}
{"sessionId":"536900","timestamp":1788927053603,"location":"GpuDecodeEfficiency.cpp:Finalize","message":"gpu_decode_efficiency","data":{"power_valid":false,"sensor":"none","decode_tps":5.289742,"avg_w":0.000000,"tpw":0.000000,"samples":0},"hypothesisId":"TPW"}
{"sessionId":"536900","timestamp":1788927081172,"location":"GpuDecodeEfficiency.cpp:BeginDecodeWindow","message":"decode_window_open","data":{"sensor_available":false,"sensor":"none"},"hypothesisId":"TPW"}
{"sessionId":"536900","timestamp":1788927093755,"location":"GpuDecodeEfficiency.cpp:Finalize","message":"gpu_decode_efficiency","data":{"power_valid":false,"sensor":"none","decode_tps":5.086258,"avg_w":0.000000,"tpw":0.000000,"samples":0},"hypothesisId":"TPW"}
{"sessionId":"536900","timestamp":1788930777154,"location":"GpuDecodeEfficiency.cpp:BeginDecodeWindow","message":"decode_window_open","data":{"sensor_available":false,"sensor":"none"},"hypothesisId":"TPW"}
{"sessionId":"536900","timestamp":1788930790967,"location":"GpuDecodeEfficiency.cpp:Finalize","message":"gpu_decode_efficiency","data":{"power_valid":false,"sensor":"none","decode_tps":4.633610,"avg_w":0.000000,"tpw":0.000000,"samples":0},"hypothesisId":"TPW"}
{"sessionId":"536900","timestamp":1788931670050,"location":"GpuDecodeEfficiency.cpp:BeginDecodeWindow","message":"decode_window_open","data":{"sensor_available":false,"sensor":"none"},"hypothesisId":"TPW"}
{"sessionId":"536900","timestamp":1788931686663,"location":"GpuDecodeEfficiency.cpp:Finalize","message":"gpu_decode_efficiency","data":{"power_valid":false,"sensor":"none","decode_tps":3.852358,"avg_w":0.000000,"tpw":0.000000,"samples":0},"hypothesisId":"TPW"}
{"sessionId":"536900","timestamp":1788932751305,"location":"GpuDecodeEfficiency.cpp:BeginDecodeWindow","message":"decode_window_open","data":{"sensor_available":false,"sensor":"none"},"hypothesisId":"TPW"}
{"sessionId":"536900","timestamp":1788932767449,"location":"GpuDecodeEfficiency.cpp:Finalize","message":"gpu_decode_efficiency","data":{"power_valid":false,"sensor":"none","decode_tps":3.964194,"avg_w":0.000000,"tpw":0.000000,"samples":0},"hypothesisId":"TPW"}
{"sessionId":"536900","timestamp":1788932849551,"location":"GpuDecodeEfficiency.cpp:BeginDecodeWindow","message":"decode_window_open","data":{"sensor_available":false,"sensor":"none"},"hypothesisId":"TPW"}
{"sessionId":"536900","timestamp":1788932865605,"location":"GpuDecodeEfficiency.cpp:Finalize","message":"gpu_decode_efficiency","data":{"power_valid":false,"sensor":"none","decode_tps":3.986548,"avg_w":0.000000,"tpw":0.000000,"samples":0},"hypothesisId":"TPW"}
{"sessionId":"536900","timestamp":1788933956525,"location":"GpuDecodeEfficiency.cpp:BeginDecodeWindow","message":"decode_window_open","data":{"sensor_available":false,"sensor":"none"},"hypothesisId":"TPW"}
{"sessionId":"536900","timestamp":1788934010397,"location":"GpuDecodeEfficiency.cpp:BeginDecodeWindow","message":"decode_window_open","data":{"sensor_available":false,"sensor":"none"},"hypothesisId":"TPW"}
{"sessionId":"536900","timestamp":1788934157051,"location":"GpuDecodeEfficiency.cpp:BeginDecodeWindow","message":"decode_window_open","data":{"sensor_available":false,"sensor":"none"},"hypothesisId":"TPW"}
{"sessionId":"536900","timestamp":1788934175202,"location":"GpuDecodeEfficiency.cpp:BeginDecodeWindow","message":"decode_window_open","data":{"sensor_available":false,"sensor":"none"},"hypothesisId":"TPW"}
{"sessionId":"536900","timestamp":1788934181028,"location":"GpuDecodeEfficiency.cpp:Finalize","message":"gpu_decode_efficiency","data":{"power_valid":false,"sensor":"none","decode_tps":0.171631,"avg_w":0.000000,"tpw":0.000000,"samples":0},"hypothesisId":"TPW"}
{"sessionId":"536900","timestamp":1788934360090,"location":"GpuDecodeEfficiency.cpp:BeginDecodeWindow","message":"decode_window_open","data":{"sensor_available":false,"sensor":"none"},"hypothesisId":"TPW"}
{"sessionId":"536900","timestamp":1788934366402,"location":"GpuDecodeEfficiency.cpp:Finalize","message":"gpu_decode_efficiency","data":{"power_valid":false,"sensor":"none","decode_tps":0.158446,"avg_w":0.000000,"tpw":0.000000,"samples":0},"hypothesisId":"TPW"}
{"sessionId":"536900","timestamp":1788937769477,"location":"GpuDecodeEfficiency.cpp:BeginDecodeWindow","message":"decode_window_open","data":{"sensor_available":false,"sensor":"none"},"hypothesisId":"TPW"}
{"sessionId":"536900","timestamp":1788937809798,"location":"GpuDecodeEfficiency.cpp:BeginDecodeWindow","message":"decode_window_open","data":{"sensor_available":false,"sensor":"none"},"hypothesisId":"TPW"}
{"sessionId":"536900","timestamp":1788937815646,"location":"GpuDecodeEfficiency.cpp:Finalize","message":"gpu_decode_efficiency","data":{"power_valid":false,"sensor":"none","decode_tps":0.170992,"avg_w":0.000000,"tpw":0.000000,"samples":0},"hypothesisId":"TPW"}
{"sessionId":"536900","timestamp":1788937825598,"location":"GpuDecodeEfficiency.cpp:BeginDecodeWindow","message":"decode_window_open","data":{"sensor_available":false,"sensor":"none"},"hypothesisId":"TPW"}
{"sessionId":"536900","timestamp":1788937843393,"location":"GpuDecodeEfficiency.cpp:Finalize","message":"gpu_decode_efficiency","data":{"power_valid":false,"sensor":"none","decode_tps":3.596556,"avg_w":0.000000,"tpw":0.000000,"samples":0},"hypothesisId":"TPW"}
