
=== THRESHOLD ntok=1 ===
SPEC_SETUP_ENTER spec=1
SPEC_INIT_BEGIN
SPEC_INIT_OK
SPEC_LOAD_BEGIN
SPEC_LOAD_END ok=1
SPEC_VK_BEGIN spec=1
SPEC_VK_END initialized=1 devices=2
SPEC_CONFIG_BEGIN
SPEC_CONFIG_END
SPEC_SETUP_EXIT
THRESHOLD_SETUP_OK ntok=1
THRESHOLD_GEN_BEGIN ntok=1
RUN_TOKENIZE_BEGIN n=1
RUN_TOKENIZE_OK tokens=19
RUN_GENERATE_BEGIN prompt=19 out=1
[LOGITS] token=0 min=-20.3170 max=21.5677 mean=-2.7952 std=2.8943 argmax=198
[LOGITS_HEAD] -0.234033 -2.222256 1.278841 -3.019772 -2.336701
RUN_GENERATE_END got=1
THRESHOLD_GEN_END ntok=1 got=1
THRESHOLD_RESULT ntok=1 PASS

=== THRESHOLD ntok=2 ===
SPEC_SETUP_ENTER spec=1
SPEC_INIT_BEGIN
SPEC_INIT_OK
SPEC_LOAD_BEGIN
SPEC_LOAD_END ok=1
SPEC_VK_BEGIN spec=1
SPEC_VK_END initialized=1 devices=2
SPEC_CONFIG_BEGIN
SPEC_CONFIG_END
SPEC_SETUP_EXIT
THRESHOLD_SETUP_OK ntok=2
THRESHOLD_GEN_BEGIN ntok=2
RUN_TOKENIZE_BEGIN n=2
RUN_TOKENIZE_OK tokens=19
RUN_GENERATE_BEGIN prompt=19 out=2
SPEC_PATH_ENTER gen=0 rem=2
SPEC_BUILD_PROPOSALS_BEGIN
SPEC_BUILD_PROPOSALS_END count=1
SPEC_VSGW_BEGIN proposals=1
VSGW_ENTER proposals=1 maxEmit=2
VSGW_LOGITS_0_BEGIN
VSGW_LOGITS_0_END first=198
VSGW_KV_BASE=19 B=1
VSGW_ADVANCE_BY_BEGIN B=1
VSGW_ADVANCE_BY_OK kv=20
VSGW_FORWARD_BLOCK_BEGIN B=1 base=19
FSB_EMBED_BEGIN B=1
FSB_EMBED_OK
FSB_L0_ENTER
FSB_L0_ATTN_NORM_BEGIN
FSB_L0_ATTN_NORM_END
FSB_L0_QKV_BEGIN
FSB_L0_QKV_CPU_FALLBACK
FSB_L0_QKV_END
FSB_L0_ROPE_KV_BEGIN b=0
FSB_L0_ROPE_KV_END
FSB_L0_ATTN_BEGIN
FSB_L0_ATTN_END
FSB_L0_OPROJ_BEGIN
FSB_L0_OPROJ_END
FSB_L0_FFN_NORM_BEGIN
FSB_L0_FFN_NORM_END
FSB_L0_FFN_BEGIN
FSB_L0_FFN_CPU_FALLBACK
FSB_L0_SWIGLU_BEGIN
[SwiGLU] width=27648 batch=1 n=27648 nbytes=110592
[SwiGLU] buf g(id=479 size=110592) u(id=480 size=110592) o(id=481 size=110592) d(id=482 size=4)
[SwiGLU] dispatch op=1 width=27648 batch=1
[SwiGLU] download n=27648
FSB_L0_SWIGLU_END
FSB_L0_DOWN_BEGIN
FSB_L0_DOWN_END
FSB_L0_FFN_END
FSB_L0_EXIT
FSB_L1_ENTER
FSB_L1_ATTN_NORM_BEGIN
FSB_L1_ATTN_NORM_END
FSB_L1_QKV_BEGIN
FSB_L1_QKV_CPU_FALLBACK
FSB_L1_QKV_END
FSB_L1_ROPE_KV_BEGIN b=0
FSB_L1_ROPE_KV_END
FSB_L1_ATTN_BEGIN
FSB_L1_ATTN_END
FSB_L1_OPROJ_BEGIN
FSB_L1_OPROJ_END
FSB_L1_FFN_NORM_BEGIN
FSB_L1_FFN_NORM_END
FSB_L1_FFN_BEGIN
FSB_L1_FFN_CPU_FALLBACK
FSB_L1_SWIGLU_BEGIN
[SwiGLU] width=27648 batch=1 n=27648 nbytes=110592
[SwiGLU] buf g(id=479 size=110592) u(id=480 size=110592) o(id=481 size=110592) d(id=482 size=4)
[SwiGLU] dispatch op=1 width=27648 batch=1
[SwiGLU] download n=27648
FSB_L1_SWIGLU_END
FSB_L1_DOWN_BEGIN
FSB_L1_DOWN_END
FSB_L1_FFN_END
FSB_L1_EXIT
FSB_L2_ENTER
FSB_L2_ATTN_NORM_BEGIN
FSB_L2_ATTN_NORM_END
FSB_L2_QKV_BEGIN
FSB_L2_QKV_CPU_FALLBACK
FSB_L2_QKV_END
FSB_L2_ROPE_KV_BEGIN b=0
FSB_L2_ROPE_KV_END
FSB_L2_ATTN_BEGIN
FSB_L2_ATTN_END
FSB_L2_OPROJ_BEGIN
FSB_L2_OPROJ_END
FSB_L2_FFN_NORM_BEGIN
FSB_L2_FFN_NORM_END
FSB_L2_FFN_BEGIN
FSB_L2_FFN_CPU_FALLBACK
FSB_L2_SWIGLU_BEGIN
[SwiGLU] width=27648 batch=1 n=27648 nbytes=110592
[SwiGLU] buf g(id=479 size=110592) u(id=480 size=110592) o(id=481 size=110592) d(id=482 size=4)
[SwiGLU] dispatch op=1 width=27648 batch=1
[SwiGLU] download n=27648
FSB_L2_SWIGLU_END
FSB_L2_DOWN_BEGIN
FSB_L2_DOWN_END
FSB_L2_FFN_END
FSB_L2_EXIT
FSB_L3_ENTER
FSB_L3_ATTN_NORM_BEGIN
FSB_L3_ATTN_NORM_END
FSB_L3_QKV_BEGIN
FSB_L3_QKV_CPU_FALLBACK
FSB_L3_QKV_END
FSB_L3_ROPE_KV_BEGIN b=0
FSB_L3_ROPE_KV_END
FSB_L3_ATTN_BEGIN
FSB_L3_ATTN_END
FSB_L3_OPROJ_BEGIN
FSB_L3_OPROJ_END
FSB_L3_FFN_NORM_BEGIN
FSB_L3_FFN_NORM_END
FSB_L3_FFN_BEGIN
FSB_L3_FFN_CPU_FALLBACK
FSB_L3_SWIGLU_BEGIN
[SwiGLU] width=27648 batch=1 n=27648 nbytes=110592
[SwiGLU] buf g(id=479 size=110592) u(id=480 size=110592) o(id=481 size=110592) d(id=482 size=4)
[SwiGLU] dispatch op=1 width=27648 batch=1
[SwiGLU] download n=27648
FSB_L3_SWIGLU_END
FSB_L3_DOWN_BEGIN
FSB_L3_DOWN_END
FSB_L3_FFN_END
FSB_L3_EXIT
FSB_L4_ENTER
FSB_L4_ATTN_NORM_BEGIN
FSB_L4_ATTN_NORM_END
FSB_L4_QKV_BEGIN
FSB_L4_QKV_CPU_FALLBACK
FSB_L4_QKV_END
FSB_L4_ROPE_KV_BEGIN b=0
FSB_L4_ROPE_KV_END
FSB_L4_ATTN_BEGIN
FSB_L4_ATTN_END
FSB_L4_OPROJ_BEGIN
FSB_L4_OPROJ_END
FSB_L4_FFN_NORM_BEGIN
FSB_L4_FFN_NORM_END
FSB_L4_FFN_BEGIN
FSB_L4_FFN_CPU_FALLBACK
FSB_L4_SWIGLU_BEGIN
[SwiGLU] width=27648 batch=1 n=27648 nbytes=110592
[SwiGLU] buf g(id=479 size=110592) u(id=480 size=110592) o(id=481 size=110592) d(id=482 size=4)
[SwiGLU] dispatch op=1 width=27648 batch=1
[SwiGLU] download n=27648
FSB_L4_SWIGLU_END
FSB_L4_DOWN_BEGIN
FSB_L4_DOWN_END
FSB_L4_FFN_END
FSB_L4_EXIT
FSB_L5_ENTER
FSB_L5_ATTN_NORM_BEGIN
FSB_L5_ATTN_NORM_END
FSB_L5_QKV_BEGIN
FSB_L5_QKV_CPU_FALLBACK
FSB_L5_QKV_END
FSB_L5_ROPE_KV_BEGIN b=0
FSB_L5_ROPE_KV_END
FSB_L5_ATTN_BEGIN
FSB_L5_ATTN_END
FSB_L5_OPROJ_BEGIN
FSB_L5_OPROJ_END
FSB_L5_FFN_NORM_BEGIN
FSB_L5_FFN_NORM_END
FSB_L5_FFN_BEGIN
FSB_L5_FFN_CPU_FALLBACK
FSB_L5_SWIGLU_BEGIN
[SwiGLU] width=27648 batch=1 n=27648 nbytes=110592
[SwiGLU] buf g(id=479 size=110592) u(id=480 size=110592) o(id=481 size=110592) d(id=482 size=4)
[SwiGLU] dispatch op=1 width=27648 batch=1
[SwiGLU] download n=27648
FSB_L5_SWIGLU_END
FSB_L5_DOWN_BEGIN
FSB_L5_DOWN_END
FSB_L5_FFN_END
FSB_L5_EXIT
FSB_L6_ENTER
FSB_L6_ATTN_NORM_BEGIN
FSB_L6_ATTN_NORM_END
FSB_L6_QKV_BEGIN
FSB_L6_QKV_CPU_FALLBACK
FSB_L6_QKV_END
FSB_L6_ROPE_KV_BEGIN b=0
FSB_L6_ROPE_KV_END
FSB_L6_ATTN_BEGIN
FSB_L6_ATTN_END
FSB_L6_OPROJ_BEGIN
FSB_L6_OPROJ_END
FSB_L6_FFN_NORM_BEGIN
FSB_L6_FFN_NORM_END
FSB_L6_FFN_BEGIN
FSB_L6_FFN_CPU_FALLBACK
FSB_L6_SWIGLU_BEGIN
[SwiGLU] width=27648 batch=1 n=27648 nbytes=110592
[SwiGLU] buf g(id=479 size=110592) u(id=480 size=110592) o(id=481 size=110592) d(id=482 size=4)
[SwiGLU] dispatch op=1 width=27648 batch=1
[SwiGLU] download n=27648
FSB_L6_SWIGLU_END
FSB_L6_DOWN_BEGIN
FSB_L6_DOWN_END
FSB_L6_FFN_END
FSB_L6_EXIT
FSB_L7_ENTER
FSB_L7_ATTN_NORM_BEGIN
FSB_L7_ATTN_NORM_END
FSB_L7_QKV_BEGIN
FSB_L7_QKV_CPU_FALLBACK
FSB_L7_QKV_END
FSB_L7_ROPE_KV_BEGIN b=0
FSB_L7_ROPE_KV_END
FSB_L7_ATTN_BEGIN
FSB_L7_ATTN_END
FSB_L7_OPROJ_BEGIN
FSB_L7_OPROJ_END
FSB_L7_FFN_NORM_BEGIN
FSB_L7_FFN_NORM_END
FSB_L7_FFN_BEGIN
FSB_L7_FFN_CPU_FALLBACK
FSB_L7_SWIGLU_BEGIN
[SwiGLU] width=27648 batch=1 n=27648 nbytes=110592
[SwiGLU] buf g(id=479 size=110592) u(id=480 size=110592) o(id=481 size=110592) d(id=482 size=4)
[SwiGLU] dispatch op=1 width=27648 batch=1
[SwiGLU] download n=27648
FSB_L7_SWIGLU_END
FSB_L7_DOWN_BEGIN
FSB_L7_DOWN_END
FSB_L7_FFN_END
FSB_L7_EXIT
FSB_L8_ENTER
FSB_L8_ATTN_NORM_BEGIN
FSB_L8_ATTN_NORM_END
FSB_L8_QKV_BEGIN
FSB_L8_QKV_CPU_FALLBACK
FSB_L8_QKV_END
FSB_L8_ROPE_KV_BEGIN b=0
FSB_L8_ROPE_KV_END
FSB_L8_ATTN_BEGIN
FSB_L8_ATTN_END
FSB_L8_OPROJ_BEGIN
FSB_L8_OPROJ_END
FSB_L8_FFN_NORM_BEGIN
FSB_L8_FFN_NORM_END
FSB_L8_FFN_BEGIN
FSB_L8_FFN_CPU_FALLBACK
FSB_L8_SWIGLU_BEGIN
[SwiGLU] width=27648 batch=1 n=27648 nbytes=110592
[SwiGLU] buf g(id=479 size=110592) u(id=480 size=110592) o(id=481 size=110592) d(id=482 size=4)
[SwiGLU] dispatch op=1 width=27648 batch=1
[SwiGLU] download n=27648
FSB_L8_SWIGLU_END
FSB_L8_DOWN_BEGIN
FSB_L8_DOWN_END
FSB_L8_FFN_END
FSB_L8_EXIT
FSB_L9_ENTER
FSB_L9_ATTN_NORM_BEGIN
FSB_L9_ATTN_NORM_END
FSB_L9_QKV_BEGIN
FSB_L9_QKV_CPU_FALLBACK
FSB_L9_QKV_END
FSB_L9_ROPE_KV_BEGIN b=0
FSB_L9_ROPE_KV_END
FSB_L9_ATTN_BEGIN
FSB_L9_ATTN_END
FSB_L9_OPROJ_BEGIN
FSB_L9_OPROJ_END
FSB_L9_FFN_NORM_BEGIN
FSB_L9_FFN_NORM_END
FSB_L9_FFN_BEGIN
FSB_L9_FFN_CPU_FALLBACK
FSB_L9_SWIGLU_BEGIN
[SwiGLU] width=27648 batch=1 n=27648 nbytes=110592
[SwiGLU] buf g(id=479 size=110592) u(id=480 size=110592) o(id=481 size=110592) d(id=482 size=4)
[SwiGLU] dispatch op=1 width=27648 batch=1
[SwiGLU] download n=27648
FSB_L9_SWIGLU_END
FSB_L9_DOWN_BEGIN
FSB_L9_DOWN_END
FSB_L9_FFN_END
FSB_L9_EXIT
FSB_L10_ENTER
FSB_L10_ATTN_NORM_BEGIN
FSB_L10_ATTN_NORM_END
FSB_L10_QKV_BEGIN
FSB_L10_QKV_CPU_FALLBACK
FSB_L10_QKV_END
FSB_L10_ROPE_KV_BEGIN b=0
FSB_L10_ROPE_KV_END
FSB_L10_ATTN_BEGIN
FSB_L10_ATTN_END
FSB_L10_OPROJ_BEGIN
FSB_L10_OPROJ_END
FSB_L10_FFN_NORM_BEGIN
FSB_L10_FFN_NORM_END
FSB_L10_FFN_BEGIN
FSB_L10_FFN_CPU_FALLBACK
FSB_L10_SWIGLU_BEGIN
[SwiGLU] width=27648 batch=1 n=27648 nbytes=110592
[SwiGLU] buf g(id=479 size=110592) u(id=480 size=110592) o(id=481 size=110592) d(id=482 size=4)
[SwiGLU] dispatch op=1 width=27648 batch=1
[SwiGLU] download n=27648
FSB_L10_SWIGLU_END
FSB_L10_DOWN_BEGIN
FSB_L10_DOWN_END
FSB_L10_FFN_END
FSB_L10_EXIT
FSB_L11_ENTER
FSB_L11_ATTN_NORM_BEGIN
FSB_L11_ATTN_NORM_END
FSB_L11_QKV_BEGIN
FSB_L11_QKV_CPU_FALLBACK
FSB_L11_QKV_END
FSB_L11_ROPE_KV_BEGIN b=0
FSB_L11_ROPE_KV_END
FSB_L11_ATTN_BEGIN
FSB_L11_ATTN_END
FSB_L11_OPROJ_BEGIN
FSB_L11_OPROJ_END
FSB_L11_FFN_NORM_BEGIN
FSB_L11_FFN_NORM_END
FSB_L11_FFN_BEGIN
FSB_L11_FFN_CPU_FALLBACK
FSB_L11_SWIGLU_BEGIN
[SwiGLU] width=27648 batch=1 n=27648 nbytes=110592
[SwiGLU] buf g(id=479 size=110592) u(id=480 size=110592) o(id=481 size=110592) d(id=482 size=4)
[SwiGLU] dispatch op=1 width=27648 batch=1
[SwiGLU] download n=27648
FSB_L11_SWIGLU_END
FSB_L11_DOWN_BEGIN
FSB_L11_DOWN_END
FSB_L11_FFN_END
FSB_L11_EXIT
FSB_L12_ENTER
FSB_L12_ATTN_NORM_BEGIN
FSB_L12_ATTN_NORM_END
FSB_L12_QKV_BEGIN
FSB_L12_QKV_CPU_FALLBACK
FSB_L12_QKV_END
FSB_L12_ROPE_KV_BEGIN b=0
FSB_L12_ROPE_KV_END
FSB_L12_ATTN_BEGIN
FSB_L12_ATTN_END
FSB_L12_OPROJ_BEGIN
FSB_L12_OPROJ_END
FSB_L12_FFN_NORM_BEGIN
FSB_L12_FFN_NORM_END
FSB_L12_FFN_BEGIN
FSB_L12_FFN_CPU_FALLBACK
FSB_L12_SWIGLU_BEGIN
[SwiGLU] width=27648 batch=1 n=27648 nbytes=110592
[SwiGLU] buf g(id=479 size=110592) u(id=480 size=110592) o(id=481 size=110592) d(id=482 size=4)
[SwiGLU] dispatch op=1 width=27648 batch=1
[SwiGLU] download n=27648
FSB_L12_SWIGLU_END
FSB_L12_DOWN_BEGIN
FSB_L12_DOWN_END
FSB_L12_FFN_END
FSB_L12_EXIT
FSB_L13_ENTER
FSB_L13_ATTN_NORM_BEGIN
FSB_L13_ATTN_NORM_END
FSB_L13_QKV_BEGIN
FSB_L13_QKV_CPU_FALLBACK
FSB_L13_QKV_END
FSB_L13_ROPE_KV_BEGIN b=0
FSB_L13_ROPE_KV_END
FSB_L13_ATTN_BEGIN
FSB_L13_ATTN_END
FSB_L13_OPROJ_BEGIN
FSB_L13_OPROJ_END
FSB_L13_FFN_NORM_BEGIN
FSB_L13_FFN_NORM_END
FSB_L13_FFN_BEGIN
FSB_L13_FFN_CPU_FALLBACK
FSB_L13_SWIGLU_BEGIN
[SwiGLU] width=27648 batch=1 n=27648 nbytes=110592
[SwiGLU] buf g(id=479 size=110592) u(id=480 size=110592) o(id=481 size=110592) d(id=482 size=4)
[SwiGLU] dispatch op=1 width=27648 batch=1
[SwiGLU] download n=27648
FSB_L13_SWIGLU_END
FSB_L13_DOWN_BEGIN
FSB_L13_DOWN_END
FSB_L13_FFN_END
FSB_L13_EXIT
FSB_L14_ENTER
FSB_L14_ATTN_NORM_BEGIN
FSB_L14_ATTN_NORM_END
FSB_L14_QKV_BEGIN
FSB_L14_QKV_CPU_FALLBACK
FSB_L14_QKV_END
FSB_L14_ROPE_KV_BEGIN b=0
FSB_L14_ROPE_KV_END
FSB_L14_ATTN_BEGIN
FSB_L14_ATTN_END
FSB_L14_OPROJ_BEGIN
FSB_L14_OPROJ_END
FSB_L14_FFN_NORM_BEGIN
FSB_L14_FFN_NORM_END
FSB_L14_FFN_BEGIN
FSB_L14_FFN_CPU_FALLBACK
FSB_L14_SWIGLU_BEGIN
[SwiGLU] width=27648 batch=1 n=27648 nbytes=110592
[SwiGLU] buf g(id=479 size=110592) u(id=480 size=110592) o(id=481 size=110592) d(id=482 size=4)
[SwiGLU] dispatch op=1 width=27648 batch=1
[SwiGLU] download n=27648
FSB_L14_SWIGLU_END
FSB_L14_DOWN_BEGIN
FSB_L14_DOWN_END
FSB_L14_FFN_END
FSB_L14_EXIT
FSB_L15_ENTER
FSB_L15_ATTN_NORM_BEGIN
FSB_L15_ATTN_NORM_END
FSB_L15_QKV_BEGIN
FSB_L15_QKV_CPU_FALLBACK
FSB_L15_QKV_END
FSB_L15_ROPE_KV_BEGIN b=0
FSB_L15_ROPE_KV_END
FSB_L15_ATTN_BEGIN
FSB_L15_ATTN_END
FSB_L15_OPROJ_BEGIN
FSB_L15_OPROJ_END
FSB_L15_FFN_NORM_BEGIN
FSB_L15_FFN_NORM_END
FSB_L15_FFN_BEGIN
FSB_L15_FFN_CPU_FALLBACK
FSB_L15_SWIGLU_BEGIN
[SwiGLU] width=27648 batch=1 n=27648 nbytes=110592
[SwiGLU] buf g(id=479 size=110592) u(id=480 size=110592) o(id=481 size=110592) d(id=482 size=4)
[SwiGLU] dispatch op=1 width=27648 batch=1
[SwiGLU] download n=27648
FSB_L15_SWIGLU_END
FSB_L15_DOWN_BEGIN
FSB_L15_DOWN_END
FSB_L15_FFN_END
FSB_L15_EXIT
FSB_L16_ENTER
FSB_L16_ATTN_NORM_BEGIN
FSB_L16_ATTN_NORM_END
FSB_L16_QKV_BEGIN
FSB_L16_QKV_CPU_FALLBACK
FSB_L16_QKV_END
FSB_L16_ROPE_KV_BEGIN b=0
FSB_L16_ROPE_KV_END
FSB_L16_ATTN_BEGIN
FSB_L16_ATTN_END
FSB_L16_OPROJ_BEGIN
FSB_L16_OPROJ_END
FSB_L16_FFN_NORM_BEGIN
FSB_L16_FFN_NORM_END
FSB_L16_FFN_BEGIN
FSB_L16_FFN_CPU_FALLBACK
FSB_L16_SWIGLU_BEGIN
[SwiGLU] width=27648 batch=1 n=27648 nbytes=110592
[SwiGLU] buf g(id=479 size=110592) u(id=480 size=110592) o(id=481 size=110592) d(id=482 size=4)
[SwiGLU] dispatch op=1 width=27648 batch=1
[SwiGLU] download n=27648
FSB_L16_SWIGLU_END
FSB_L16_DOWN_BEGIN
FSB_L16_DOWN_END
FSB_L16_FFN_END
FSB_L16_EXIT
FSB_L17_ENTER
FSB_L17_ATTN_NORM_BEGIN
FSB_L17_ATTN_NORM_END
FSB_L17_QKV_BEGIN
FSB_L17_QKV_CPU_FALLBACK
FSB_L17_QKV_END
FSB_L17_ROPE_KV_BEGIN b=0
FSB_L17_ROPE_KV_END
FSB_L17_ATTN_BEGIN
FSB_L17_ATTN_END
FSB_L17_OPROJ_BEGIN
FSB_L17_OPROJ_END
FSB_L17_FFN_NORM_BEGIN
FSB_L17_FFN_NORM_END
FSB_L17_FFN_BEGIN
FSB_L17_FFN_CPU_FALLBACK
FSB_L17_SWIGLU_BEGIN
[SwiGLU] width=27648 batch=1 n=27648 nbytes=110592
[SwiGLU] buf g(id=479 size=110592) u(id=480 size=110592) o(id=481 size=110592) d(id=482 size=4)
[SwiGLU] dispatch op=1 width=27648 batch=1
[SwiGLU] download n=27648
FSB_L17_SWIGLU_END
FSB_L17_DOWN_BEGIN
FSB_L17_DOWN_END
FSB_L17_FFN_END
FSB_L17_EXIT
FSB_L18_ENTER
FSB_L18_ATTN_NORM_BEGIN
FSB_L18_ATTN_NORM_END
FSB_L18_QKV_BEGIN
FSB_L18_QKV_CPU_FALLBACK
FSB_L18_QKV_END
FSB_L18_ROPE_KV_BEGIN b=0
FSB_L18_ROPE_KV_END
FSB_L18_ATTN_BEGIN
FSB_L18_ATTN_END
FSB_L18_OPROJ_BEGIN
FSB_L18_OPROJ_END
FSB_L18_FFN_NORM_BEGIN
FSB_L18_FFN_NORM_END
FSB_L18_FFN_BEGIN
FSB_L18_FFN_CPU_FALLBACK
FSB_L18_SWIGLU_BEGIN
[SwiGLU] width=27648 batch=1 n=27648 nbytes=110592
[SwiGLU] buf g(id=479 size=110592) u(id=480 size=110592) o(id=481 size=110592) d(id=482 size=4)
[SwiGLU] dispatch op=1 width=27648 batch=1
[SwiGLU] download n=27648
FSB_L18_SWIGLU_END
FSB_L18_DOWN_BEGIN
FSB_L18_DOWN_END
FSB_L18_FFN_END
FSB_L18_EXIT
FSB_L19_ENTER
FSB_L19_ATTN_NORM_BEGIN
FSB_L19_ATTN_NORM_END
FSB_L19_QKV_BEGIN
FSB_L19_QKV_CPU_FALLBACK
FSB_L19_QKV_END
FSB_L19_ROPE_KV_BEGIN b=0
FSB_L19_ROPE_KV_END
FSB_L19_ATTN_BEGIN
FSB_L19_ATTN_END
FSB_L19_OPROJ_BEGIN
FSB_L19_OPROJ_END
FSB_L19_FFN_NORM_BEGIN
FSB_L19_FFN_NORM_END
FSB_L19_FFN_BEGIN
FSB_L19_FFN_CPU_FALLBACK
FSB_L19_SWIGLU_BEGIN
[SwiGLU] width=27648 batch=1 n=27648 nbytes=110592
[SwiGLU] buf g(id=479 size=110592) u(id=480 size=110592) o(id=481 size=110592) d(id=482 size=4)
[SwiGLU] dispatch op=1 width=27648 batch=1
[SwiGLU] download n=27648
FSB_L19_SWIGLU_END
FSB_L19_DOWN_BEGIN
FSB_L19_DOWN_END
FSB_L19_FFN_END
FSB_L19_EXIT
FSB_L20_ENTER
FSB_L20_ATTN_NORM_BEGIN
FSB_L20_ATTN_NORM_END
FSB_L20_QKV_BEGIN
FSB_L20_QKV_CPU_FALLBACK
FSB_L20_QKV_END
FSB_L20_ROPE_KV_BEGIN b=0
FSB_L20_ROPE_KV_END
FSB_L20_ATTN_BEGIN
FSB_L20_ATTN_END
FSB_L20_OPROJ_BEGIN
FSB_L20_OPROJ_END
FSB_L20_FFN_NORM_BEGIN
FSB_L20_FFN_NORM_END
FSB_L20_FFN_BEGIN
FSB_L20_FFN_CPU_FALLBACK
FSB_L20_SWIGLU_BEGIN
[SwiGLU] width=27648 batch=1 n=27648 nbytes=110592
[SwiGLU] buf g(id=479 size=110592) u(id=480 size=110592) o(id=481 size=110592) d(id=482 size=4)
[SwiGLU] dispatch op=1 width=27648 batch=1
[SwiGLU] download n=27648
FSB_L20_SWIGLU_END
FSB_L20_DOWN_BEGIN
FSB_L20_DOWN_END
FSB_L20_FFN_END
FSB_L20_EXIT
FSB_L21_ENTER
FSB_L21_ATTN_NORM_BEGIN
FSB_L21_ATTN_NORM_END
FSB_L21_QKV_BEGIN
FSB_L21_QKV_CPU_FALLBACK
FSB_L21_QKV_END
FSB_L21_ROPE_KV_BEGIN b=0
FSB_L21_ROPE_KV_END
FSB_L21_ATTN_BEGIN
FSB_L21_ATTN_END
FSB_L21_OPROJ_BEGIN
FSB_L21_OPROJ_END
FSB_L21_FFN_NORM_BEGIN
FSB_L21_FFN_NORM_END
FSB_L21_FFN_BEGIN
FSB_L21_FFN_CPU_FALLBACK
FSB_L21_SWIGLU_BEGIN
[SwiGLU] width=27648 batch=1 n=27648 nbytes=110592
[SwiGLU] buf g(id=479 size=110592) u(id=480 size=110592) o(id=481 size=110592) d(id=482 size=4)
[SwiGLU] dispatch op=1 width=27648 batch=1
[SwiGLU] download n=27648
FSB_L21_SWIGLU_END
FSB_L21_DOWN_BEGIN
FSB_L21_DOWN_END
FSB_L21_FFN_END
FSB_L21_EXIT
FSB_L22_ENTER
FSB_L22_ATTN_NORM_BEGIN
FSB_L22_ATTN_NORM_END
FSB_L22_QKV_BEGIN
FSB_L22_QKV_CPU_FALLBACK
FSB_L22_QKV_END
FSB_L22_ROPE_KV_BEGIN b=0
FSB_L22_ROPE_KV_END
FSB_L22_ATTN_BEGIN
FSB_L22_ATTN_END
FSB_L22_OPROJ_BEGIN
FSB_L22_OPROJ_END
FSB_L22_FFN_NORM_BEGIN
FSB_L22_FFN_NORM_END
FSB_L22_FFN_BEGIN
FSB_L22_FFN_CPU_FALLBACK
FSB_L22_SWIGLU_BEGIN
[SwiGLU] width=27648 batch=1 n=27648 nbytes=110592
[SwiGLU] buf g(id=479 size=110592) u(id=480 size=110592) o(id=481 size=110592) d(id=482 size=4)
[SwiGLU] dispatch op=1 width=27648 batch=1
[SwiGLU] download n=27648
FSB_L22_SWIGLU_END
FSB_L22_DOWN_BEGIN
FSB_L22_DOWN_END
FSB_L22_FFN_END
FSB_L22_EXIT
FSB_L23_ENTER
FSB_L23_ATTN_NORM_BEGIN
FSB_L23_ATTN_NORM_END
FSB_L23_QKV_BEGIN
FSB_L23_QKV_CPU_FALLBACK
FSB_L23_QKV_END
FSB_L23_ROPE_KV_BEGIN b=0
FSB_L23_ROPE_KV_END
FSB_L23_ATTN_BEGIN
FSB_L23_ATTN_END
FSB_L23_OPROJ_BEGIN
FSB_L23_OPROJ_END
FSB_L23_FFN_NORM_BEGIN
FSB_L23_FFN_NORM_END
FSB_L23_FFN_BEGIN
FSB_L23_FFN_CPU_FALLBACK
FSB_L23_SWIGLU_BEGIN
[SwiGLU] width=27648 batch=1 n=27648 nbytes=110592
[SwiGLU] buf g(id=479 size=110592) u(id=480 size=110592) o(id=481 size=110592) d(id=482 size=4)
[SwiGLU] dispatch op=1 width=27648 batch=1
[SwiGLU] download n=27648
FSB_L23_SWIGLU_END
FSB_L23_DOWN_BEGIN
FSB_L23_DOWN_END
FSB_L23_FFN_END
FSB_L23_EXIT
FSB_L24_ENTER
FSB_L24_ATTN_NORM_BEGIN
FSB_L24_ATTN_NORM_END
FSB_L24_QKV_BEGIN
FSB_L24_QKV_CPU_FALLBACK
FSB_L24_QKV_END
FSB_L24_ROPE_KV_BEGIN b=0
FSB_L24_ROPE_KV_END
FSB_L24_ATTN_BEGIN
FSB_L24_ATTN_END
FSB_L24_OPROJ_BEGIN
FSB_L24_OPROJ_END
FSB_L24_FFN_NORM_BEGIN
FSB_L24_FFN_NORM_END
FSB_L24_FFN_BEGIN
FSB_L24_FFN_CPU_FALLBACK
FSB_L24_SWIGLU_BEGIN
[SwiGLU] width=27648 batch=1 n=27648 nbytes=110592
[SwiGLU] buf g(id=479 size=110592) u(id=480 size=110592) o(id=481 size=110592) d(id=482 size=4)
[SwiGLU] dispatch op=1 width=27648 batch=1
[SwiGLU] download n=27648
FSB_L24_SWIGLU_END
FSB_L24_DOWN_BEGIN
FSB_L24_DOWN_END
FSB_L24_FFN_END
FSB_L24_EXIT
FSB_L25_ENTER
FSB_L25_ATTN_NORM_BEGIN
FSB_L25_ATTN_NORM_END
FSB_L25_QKV_BEGIN
FSB_L25_QKV_CPU_FALLBACK
FSB_L25_QKV_END
FSB_L25_ROPE_KV_BEGIN b=0
FSB_L25_ROPE_KV_END
FSB_L25_ATTN_BEGIN
FSB_L25_ATTN_END
FSB_L25_OPROJ_BEGIN
FSB_L25_OPROJ_END
FSB_L25_FFN_NORM_BEGIN
FSB_L25_FFN_NORM_END
FSB_L25_FFN_BEGIN
FSB_L25_FFN_CPU_FALLBACK
FSB_L25_SWIGLU_BEGIN
[SwiGLU] width=27648 batch=1 n=27648 nbytes=110592
[SwiGLU] buf g(id=479 size=110592) u(id=480 size=110592) o(id=481 size=110592) d(id=482 size=4)
[SwiGLU] dispatch op=1 width=27648 batch=1
[SwiGLU] download n=27648
FSB_L25_SWIGLU_END
FSB_L25_DOWN_BEGIN
FSB_L25_DOWN_END
FSB_L25_FFN_END
FSB_L25_EXIT
FSB_L26_ENTER
FSB_L26_ATTN_NORM_BEGIN
FSB_L26_ATTN_NORM_END
FSB_L26_QKV_BEGIN
FSB_L26_QKV_CPU_FALLBACK
FSB_L26_QKV_END
FSB_L26_ROPE_KV_BEGIN b=0
FSB_L26_ROPE_KV_END
FSB_L26_ATTN_BEGIN
FSB_L26_ATTN_END
FSB_L26_OPROJ_BEGIN
FSB_L26_OPROJ_END
FSB_L26_FFN_NORM_BEGIN
FSB_L26_FFN_NORM_END
FSB_L26_FFN_BEGIN
FSB_L26_FFN_CPU_FALLBACK
FSB_L26_SWIGLU_BEGIN
[SwiGLU] width=27648 batch=1 n=27648 nbytes=110592
[SwiGLU] buf g(id=479 size=110592) u(id=480 size=110592) o(id=481 size=110592) d(id=482 size=4)
[SwiGLU] dispatch op=1 width=27648 batch=1
[SwiGLU] download n=27648
FSB_L26_SWIGLU_END
FSB_L26_DOWN_BEGIN
FSB_L26_DOWN_END
FSB_L26_FFN_END
FSB_L26_EXIT
FSB_L27_ENTER
FSB_L27_ATTN_NORM_BEGIN
FSB_L27_ATTN_NORM_END
FSB_L27_QKV_BEGIN
FSB_L27_QKV_CPU_FALLBACK
FSB_L27_QKV_END
FSB_L27_ROPE_KV_BEGIN b=0
FSB_L27_ROPE_KV_END
FSB_L27_ATTN_BEGIN
FSB_L27_ATTN_END
FSB_L27_OPROJ_BEGIN
FSB_L27_OPROJ_END
FSB_L27_FFN_NORM_BEGIN
FSB_L27_FFN_NORM_END
FSB_L27_FFN_BEGIN
FSB_L27_FFN_CPU_FALLBACK
FSB_L27_SWIGLU_BEGIN
[SwiGLU] width=27648 batch=1 n=27648 nbytes=110592
[SwiGLU] buf g(id=479 size=110592) u(id=480 size=110592) o(id=481 size=110592) d(id=482 size=4)
[SwiGLU] dispatch op=1 width=27648 batch=1
[SwiGLU] download n=27648
FSB_L27_SWIGLU_END
FSB_L27_DOWN_BEGIN
FSB_L27_DOWN_END
FSB_L27_FFN_END
FSB_L27_EXIT
FSB_L28_ENTER
FSB_L28_ATTN_NORM_BEGIN
FSB_L28_ATTN_NORM_END
FSB_L28_QKV_BEGIN
FSB_L28_QKV_CPU_FALLBACK
FSB_L28_QKV_END
FSB_L28_ROPE_KV_BEGIN b=0
FSB_L28_ROPE_KV_END
FSB_L28_ATTN_BEGIN
FSB_L28_ATTN_END
FSB_L28_OPROJ_BEGIN
FSB_L28_OPROJ_END
FSB_L28_FFN_NORM_BEGIN
FSB_L28_FFN_NORM_END
FSB_L28_FFN_BEGIN
FSB_L28_FFN_CPU_FALLBACK
FSB_L28_SWIGLU_BEGIN
[SwiGLU] width=27648 batch=1 n=27648 nbytes=110592
[SwiGLU] buf g(id=479 size=110592) u(id=480 size=110592) o(id=481 size=110592) d(id=482 size=4)
[SwiGLU] dispatch op=1 width=27648 batch=1
[SwiGLU] download n=27648
FSB_L28_SWIGLU_END
FSB_L28_DOWN_BEGIN
FSB_L28_DOWN_END
FSB_L28_FFN_END
FSB_L28_EXIT
FSB_L29_ENTER
FSB_L29_ATTN_NORM_BEGIN
FSB_L29_ATTN_NORM_END
FSB_L29_QKV_BEGIN
FSB_L29_QKV_CPU_FALLBACK
FSB_L29_QKV_END
FSB_L29_ROPE_KV_BEGIN b=0
FSB_L29_ROPE_KV_END
FSB_L29_ATTN_BEGIN
FSB_L29_ATTN_END
FSB_L29_OPROJ_BEGIN
FSB_L29_OPROJ_END
FSB_L29_FFN_NORM_BEGIN
FSB_L29_FFN_NORM_END
FSB_L29_FFN_BEGIN
FSB_L29_FFN_CPU_FALLBACK
FSB_L29_SWIGLU_BEGIN
[SwiGLU] width=27648 batch=1 n=27648 nbytes=110592
[SwiGLU] buf g(id=479 size=110592) u(id=480 size=110592) o(id=481 size=110592) d(id=482 size=4)
[SwiGLU] dispatch op=1 width=27648 batch=1
[SwiGLU] download n=27648
FSB_L29_SWIGLU_END
FSB_L29_DOWN_BEGIN
FSB_L29_DOWN_END
FSB_L29_FFN_END
FSB_L29_EXIT
FSB_L30_ENTER
FSB_L30_ATTN_NORM_BEGIN
FSB_L30_ATTN_NORM_END
FSB_L30_QKV_BEGIN
FSB_L30_QKV_CPU_FALLBACK
FSB_L30_QKV_END
FSB_L30_ROPE_KV_BEGIN b=0
FSB_L30_ROPE_KV_END
FSB_L30_ATTN_BEGIN
FSB_L30_ATTN_END
FSB_L30_OPROJ_BEGIN
FSB_L30_OPROJ_END
FSB_L30_FFN_NORM_BEGIN
FSB_L30_FFN_NORM_END
FSB_L30_FFN_BEGIN
FSB_L30_FFN_CPU_FALLBACK
FSB_L30_SWIGLU_BEGIN
[SwiGLU] width=27648 batch=1 n=27648 nbytes=110592
[SwiGLU] buf g(id=479 size=110592) u(id=480 size=110592) o(id=481 size=110592) d(id=482 size=4)
[SwiGLU] dispatch op=1 width=27648 batch=1
[SwiGLU] download n=27648
FSB_L30_SWIGLU_END
FSB_L30_DOWN_BEGIN
FSB_L30_DOWN_END
FSB_L30_FFN_END
FSB_L30_EXIT
FSB_L31_ENTER
FSB_L31_ATTN_NORM_BEGIN
FSB_L31_ATTN_NORM_END
FSB_L31_QKV_BEGIN
FSB_L31_QKV_CPU_FALLBACK
FSB_L31_QKV_END
FSB_L31_ROPE_KV_BEGIN b=0
FSB_L31_ROPE_KV_END
FSB_L31_ATTN_BEGIN
FSB_L31_ATTN_END
FSB_L31_OPROJ_BEGIN
FSB_L31_OPROJ_END
FSB_L31_FFN_NORM_BEGIN
FSB_L31_FFN_NORM_END
FSB_L31_FFN_BEGIN
FSB_L31_FFN_CPU_FALLBACK
FSB_L31_SWIGLU_BEGIN
[SwiGLU] width=27648 batch=1 n=27648 nbytes=110592
[SwiGLU] buf g(id=479 size=110592) u(id=480 size=110592) o(id=481 size=110592) d(id=482 size=4)
[SwiGLU] dispatch op=1 width=27648 batch=1
[SwiGLU] download n=27648
FSB_L31_SWIGLU_END
FSB_L31_DOWN_BEGIN
FSB_L31_DOWN_END
FSB_L31_FFN_END
FSB_L31_EXIT
FSB_L32_ENTER
FSB_L32_ATTN_NORM_BEGIN
FSB_L32_ATTN_NORM_END
FSB_L32_QKV_BEGIN
FSB_L32_QKV_CPU_FALLBACK
FSB_L32_QKV_END
FSB_L32_ROPE_KV_BEGIN b=0
FSB_L32_ROPE_KV_END
FSB_L32_ATTN_BEGIN
FSB_L32_ATTN_END
FSB_L32_OPROJ_BEGIN
FSB_L32_OPROJ_END
FSB_L32_FFN_NORM_BEGIN
FSB_L32_FFN_NORM_END
FSB_L32_FFN_BEGIN
FSB_L32_FFN_CPU_FALLBACK
FSB_L32_SWIGLU_BEGIN
[SwiGLU] width=27648 batch=1 n=27648 nbytes=110592
[SwiGLU] buf g(id=479 size=110592) u(id=480 size=110592) o(id=481 size=110592) d(id=482 size=4)
[SwiGLU] dispatch op=1 width=27648 batch=1
[SwiGLU] download n=27648
FSB_L32_SWIGLU_END
FSB_L32_DOWN_BEGIN
FSB_L32_DOWN_END
FSB_L32_FFN_END
FSB_L32_EXIT
FSB_L33_ENTER
FSB_L33_ATTN_NORM_BEGIN
FSB_L33_ATTN_NORM_END
FSB_L33_QKV_BEGIN
FSB_L33_QKV_CPU_FALLBACK
FSB_L33_QKV_END
FSB_L33_ROPE_KV_BEGIN b=0
FSB_L33_ROPE_KV_END
FSB_L33_ATTN_BEGIN
FSB_L33_ATTN_END
FSB_L33_OPROJ_BEGIN
FSB_L33_OPROJ_END
FSB_L33_FFN_NORM_BEGIN
FSB_L33_FFN_NORM_END
FSB_L33_FFN_BEGIN
FSB_L33_FFN_CPU_FALLBACK
FSB_L33_SWIGLU_BEGIN
[SwiGLU] width=27648 batch=1 n=27648 nbytes=110592
[SwiGLU] buf g(id=479 size=110592) u(id=480 size=110592) o(id=481 size=110592) d(id=482 size=4)
[SwiGLU] dispatch op=1 width=27648 batch=1
[SwiGLU] download n=27648
FSB_L33_SWIGLU_END
FSB_L33_DOWN_BEGIN
FSB_L33_DOWN_END
FSB_L33_FFN_END
FSB_L33_EXIT
FSB_L34_ENTER
FSB_L34_ATTN_NORM_BEGIN
FSB_L34_ATTN_NORM_END
FSB_L34_QKV_BEGIN
FSB_L34_QKV_CPU_FALLBACK
FSB_L34_QKV_END
FSB_L34_ROPE_KV_BEGIN b=0
FSB_L34_ROPE_KV_END
FSB_L34_ATTN_BEGIN
FSB_L34_ATTN_END
FSB_L34_OPROJ_BEGIN
FSB_L34_OPROJ_END
FSB_L34_FFN_NORM_BEGIN
FSB_L34_FFN_NORM_END
FSB_L34_FFN_BEGIN
FSB_L34_FFN_CPU_FALLBACK
FSB_L34_SWIGLU_BEGIN
[SwiGLU] width=27648 batch=1 n=27648 nbytes=110592
[SwiGLU] buf g(id=479 size=110592) u(id=480 size=110592) o(id=481 size=110592) d(id=482 size=4)
[SwiGLU] dispatch op=1 width=27648 batch=1
[SwiGLU] download n=27648
FSB_L34_SWIGLU_END
FSB_L34_DOWN_BEGIN
FSB_L34_DOWN_END
FSB_L34_FFN_END
FSB_L34_EXIT
FSB_L35_ENTER
FSB_L35_ATTN_NORM_BEGIN
FSB_L35_ATTN_NORM_END
FSB_L35_QKV_BEGIN
FSB_L35_QKV_CPU_FALLBACK
FSB_L35_QKV_END
FSB_L35_ROPE_KV_BEGIN b=0
FSB_L35_ROPE_KV_END
FSB_L35_ATTN_BEGIN
FSB_L35_ATTN_END
FSB_L35_OPROJ_BEGIN
FSB_L35_OPROJ_END
FSB_L35_FFN_NORM_BEGIN
FSB_L35_FFN_NORM_END
FSB_L35_FFN_BEGIN
FSB_L35_FFN_CPU_FALLBACK
FSB_L35_SWIGLU_BEGIN
[SwiGLU] width=27648 batch=1 n=27648 nbytes=110592
[SwiGLU] buf g(id=479 size=110592) u(id=480 size=110592) o(id=481 size=110592) d(id=482 size=4)
[SwiGLU] dispatch op=1 width=27648 batch=1
[SwiGLU] download n=27648
FSB_L35_SWIGLU_END
FSB_L35_DOWN_BEGIN
FSB_L35_DOWN_END
FSB_L35_FFN_END
FSB_L35_EXIT
FSB_L36_ENTER
FSB_L36_ATTN_NORM_BEGIN
FSB_L36_ATTN_NORM_END
FSB_L36_QKV_BEGIN
FSB_L36_QKV_CPU_FALLBACK
FSB_L36_QKV_END
FSB_L36_ROPE_KV_BEGIN b=0
FSB_L36_ROPE_KV_END
FSB_L36_ATTN_BEGIN
FSB_L36_ATTN_END
FSB_L36_OPROJ_BEGIN
FSB_L36_OPROJ_END
FSB_L36_FFN_NORM_BEGIN
FSB_L36_FFN_NORM_END
FSB_L36_FFN_BEGIN
FSB_L36_FFN_CPU_FALLBACK
FSB_L36_SWIGLU_BEGIN
[SwiGLU] width=27648 batch=1 n=27648 nbytes=110592
[SwiGLU] buf g(id=479 size=110592) u(id=480 size=110592) o(id=481 size=110592) d(id=482 size=4)
[SwiGLU] dispatch op=1 width=27648 batch=1
[SwiGLU] download n=27648
FSB_L36_SWIGLU_END
FSB_L36_DOWN_BEGIN
FSB_L36_DOWN_END
FSB_L36_FFN_END
FSB_L36_EXIT
FSB_L37_ENTER
FSB_L37_ATTN_NORM_BEGIN
FSB_L37_ATTN_NORM_END
FSB_L37_QKV_BEGIN
FSB_L37_QKV_CPU_FALLBACK
FSB_L37_QKV_END
FSB_L37_ROPE_KV_BEGIN b=0
FSB_L37_ROPE_KV_END
FSB_L37_ATTN_BEGIN
FSB_L37_ATTN_END
FSB_L37_OPROJ_BEGIN
FSB_L37_OPROJ_END
FSB_L37_FFN_NORM_BEGIN
FSB_L37_FFN_NORM_END
FSB_L37_FFN_BEGIN
FSB_L37_FFN_CPU_FALLBACK
FSB_L37_SWIGLU_BEGIN
[SwiGLU] width=27648 batch=1 n=27648 nbytes=110592
[SwiGLU] buf g(id=479 size=110592) u(id=480 size=110592) o(id=481 size=110592) d(id=482 size=4)
[SwiGLU] dispatch op=1 width=27648 batch=1
[SwiGLU] download n=27648
FSB_L37_SWIGLU_END
FSB_L37_DOWN_BEGIN
FSB_L37_DOWN_END
FSB_L37_FFN_END
FSB_L37_EXIT
FSB_L38_ENTER
FSB_L38_ATTN_NORM_BEGIN
FSB_L38_ATTN_NORM_END
FSB_L38_QKV_BEGIN
FSB_L38_QKV_CPU_FALLBACK
FSB_L38_QKV_END
FSB_L38_ROPE_KV_BEGIN b=0
FSB_L38_ROPE_KV_END
FSB_L38_ATTN_BEGIN
FSB_L38_ATTN_END
FSB_L38_OPROJ_BEGIN
FSB_L38_OPROJ_END
FSB_L38_FFN_NORM_BEGIN
FSB_L38_FFN_NORM_END
FSB_L38_FFN_BEGIN
FSB_L38_FFN_CPU_FALLBACK
FSB_L38_SWIGLU_BEGIN
[SwiGLU] width=27648 batch=1 n=27648 nbytes=110592
[SwiGLU] buf g(id=479 size=110592) u(id=480 size=110592) o(id=481 size=110592) d(id=482 size=4)
[SwiGLU] dispatch op=1 width=27648 batch=1
[SwiGLU] download n=27648
FSB_L38_SWIGLU_END
FSB_L38_DOWN_BEGIN
FSB_L38_DOWN_END
FSB_L38_FFN_END
FSB_L38_EXIT
FSB_L39_ENTER
FSB_L39_ATTN_NORM_BEGIN
FSB_L39_ATTN_NORM_END
FSB_L39_QKV_BEGIN
FSB_L39_QKV_CPU_FALLBACK
FSB_L39_QKV_END
FSB_L39_ROPE_KV_BEGIN b=0
FSB_L39_ROPE_KV_END
FSB_L39_ATTN_BEGIN
FSB_L39_ATTN_END
FSB_L39_OPROJ_BEGIN
FSB_L39_OPROJ_END
FSB_L39_FFN_NORM_BEGIN
FSB_L39_FFN_NORM_END
FSB_L39_FFN_BEGIN
FSB_L39_FFN_CPU_FALLBACK
FSB_L39_SWIGLU_BEGIN
[SwiGLU] width=27648 batch=1 n=27648 nbytes=110592
[SwiGLU] buf g(id=479 size=110592) u(id=480 size=110592) o(id=481 size=110592) d(id=482 size=4)
[SwiGLU] dispatch op=1 width=27648 batch=1
[SwiGLU] download n=27648
FSB_L39_SWIGLU_END
FSB_L39_DOWN_BEGIN
FSB_L39_DOWN_END
FSB_L39_FFN_END
FSB_L39_EXIT
FSB_L40_ENTER
FSB_L40_ATTN_NORM_BEGIN
FSB_L40_ATTN_NORM_END
FSB_L40_QKV_BEGIN
FSB_L40_QKV_CPU_FALLBACK
FSB_L40_QKV_END
FSB_L40_ROPE_KV_BEGIN b=0
FSB_L40_ROPE_KV_END
FSB_L40_ATTN_BEGIN
FSB_L40_ATTN_END
FSB_L40_OPROJ_BEGIN
FSB_L40_OPROJ_END
FSB_L40_FFN_NORM_BEGIN
FSB_L40_FFN_NORM_END
FSB_L40_FFN_BEGIN
FSB_L40_FFN_CPU_FALLBACK
FSB_L40_SWIGLU_BEGIN
[SwiGLU] width=27648 batch=1 n=27648 nbytes=110592
[SwiGLU] buf g(id=479 size=110592) u(id=480 size=110592) o(id=481 size=110592) d(id=482 size=4)
[SwiGLU] dispatch op=1 width=27648 batch=1
[SwiGLU] download n=27648
FSB_L40_SWIGLU_END
FSB_L40_DOWN_BEGIN
FSB_L40_DOWN_END
FSB_L40_FFN_END
FSB_L40_EXIT
FSB_L41_ENTER
FSB_L41_ATTN_NORM_BEGIN
FSB_L41_ATTN_NORM_END
FSB_L41_QKV_BEGIN
FSB_L41_QKV_CPU_FALLBACK
FSB_L41_QKV_END
FSB_L41_ROPE_KV_BEGIN b=0
FSB_L41_ROPE_KV_END
FSB_L41_ATTN_BEGIN
FSB_L41_ATTN_END
FSB_L41_OPROJ_BEGIN
FSB_L41_OPROJ_END
FSB_L41_FFN_NORM_BEGIN
FSB_L41_FFN_NORM_END
FSB_L41_FFN_BEGIN
FSB_L41_FFN_CPU_FALLBACK
FSB_L41_SWIGLU_BEGIN
[SwiGLU] width=27648 batch=1 n=27648 nbytes=110592
[SwiGLU] buf g(id=479 size=110592) u(id=480 size=110592) o(id=481 size=110592) d(id=482 size=4)
[SwiGLU] dispatch op=1 width=27648 batch=1
[SwiGLU] download n=27648
FSB_L41_SWIGLU_END
FSB_L41_DOWN_BEGIN
FSB_L41_DOWN_END
FSB_L41_FFN_END
FSB_L41_EXIT
FSB_L42_ENTER
FSB_L42_ATTN_NORM_BEGIN
FSB_L42_ATTN_NORM_END
FSB_L42_QKV_BEGIN
FSB_L42_QKV_CPU_FALLBACK
FSB_L42_QKV_END
FSB_L42_ROPE_KV_BEGIN b=0
FSB_L42_ROPE_KV_END
FSB_L42_ATTN_BEGIN
FSB_L42_ATTN_END
FSB_L42_OPROJ_BEGIN
FSB_L42_OPROJ_END
FSB_L42_FFN_NORM_BEGIN
FSB_L42_FFN_NORM_END
FSB_L42_FFN_BEGIN
FSB_L42_FFN_CPU_FALLBACK
FSB_L42_SWIGLU_BEGIN
[SwiGLU] width=27648 batch=1 n=27648 nbytes=110592
[SwiGLU] buf g(id=479 size=110592) u(id=480 size=110592) o(id=481 size=110592) d(id=482 size=4)
[SwiGLU] dispatch op=1 width=27648 batch=1
[SwiGLU] download n=27648
FSB_L42_SWIGLU_END
FSB_L42_DOWN_BEGIN
FSB_L42_DOWN_END
FSB_L42_FFN_END
FSB_L42_EXIT
FSB_L43_ENTER
FSB_L43_ATTN_NORM_BEGIN
FSB_L43_ATTN_NORM_END
FSB_L43_QKV_BEGIN
FSB_L43_QKV_CPU_FALLBACK
FSB_L43_QKV_END
FSB_L43_ROPE_KV_BEGIN b=0
FSB_L43_ROPE_KV_END
FSB_L43_ATTN_BEGIN
FSB_L43_ATTN_END
FSB_L43_OPROJ_BEGIN
FSB_L43_OPROJ_END
FSB_L43_FFN_NORM_BEGIN
FSB_L43_FFN_NORM_END
FSB_L43_FFN_BEGIN
FSB_L43_FFN_CPU_FALLBACK
FSB_L43_SWIGLU_BEGIN
[SwiGLU] width=27648 batch=1 n=27648 nbytes=110592
[SwiGLU] buf g(id=479 size=110592) u(id=480 size=110592) o(id=481 size=110592) d(id=482 size=4)
[SwiGLU] dispatch op=1 width=27648 batch=1
[SwiGLU] download n=27648
FSB_L43_SWIGLU_END
FSB_L43_DOWN_BEGIN
FSB_L43_DOWN_END
FSB_L43_FFN_END
FSB_L43_EXIT
FSB_L44_ENTER
FSB_L44_ATTN_NORM_BEGIN
FSB_L44_ATTN_NORM_END
FSB_L44_QKV_BEGIN
FSB_L44_QKV_CPU_FALLBACK
FSB_L44_QKV_END
FSB_L44_ROPE_KV_BEGIN b=0
FSB_L44_ROPE_KV_END
FSB_L44_ATTN_BEGIN
FSB_L44_ATTN_END
FSB_L44_OPROJ_BEGIN
FSB_L44_OPROJ_END
FSB_L44_FFN_NORM_BEGIN
FSB_L44_FFN_NORM_END
FSB_L44_FFN_BEGIN
FSB_L44_FFN_CPU_FALLBACK
FSB_L44_SWIGLU_BEGIN
[SwiGLU] width=27648 batch=1 n=27648 nbytes=110592
[SwiGLU] buf g(id=479 size=110592) u(id=480 size=110592) o(id=481 size=110592) d(id=482 size=4)
[SwiGLU] dispatch op=1 width=27648 batch=1
[SwiGLU] download n=27648
FSB_L44_SWIGLU_END
FSB_L44_DOWN_BEGIN
FSB_L44_DOWN_END
FSB_L44_FFN_END
FSB_L44_EXIT
FSB_L45_ENTER
FSB_L45_ATTN_NORM_BEGIN
FSB_L45_ATTN_NORM_END
FSB_L45_QKV_BEGIN
FSB_L45_QKV_CPU_FALLBACK
FSB_L45_QKV_END
FSB_L45_ROPE_KV_BEGIN b=0
FSB_L45_ROPE_KV_END
FSB_L45_ATTN_BEGIN
FSB_L45_ATTN_END
FSB_L45_OPROJ_BEGIN
FSB_L45_OPROJ_END
FSB_L45_FFN_NORM_BEGIN
FSB_L45_FFN_NORM_END
FSB_L45_FFN_BEGIN
FSB_L45_FFN_CPU_FALLBACK
FSB_L45_SWIGLU_BEGIN
[SwiGLU] width=27648 batch=1 n=27648 nbytes=110592
[SwiGLU] buf g(id=479 size=110592) u(id=480 size=110592) o(id=481 size=110592) d(id=482 size=4)
[SwiGLU] dispatch op=1 width=27648 batch=1
[SwiGLU] download n=27648
FSB_L45_SWIGLU_END
FSB_L45_DOWN_BEGIN
FSB_L45_DOWN_END
FSB_L45_FFN_END
FSB_L45_EXIT
FSB_L46_ENTER
FSB_L46_ATTN_NORM_BEGIN
FSB_L46_ATTN_NORM_END
FSB_L46_QKV_BEGIN
FSB_L46_QKV_CPU_FALLBACK
FSB_L46_QKV_END
FSB_L46_ROPE_KV_BEGIN b=0
FSB_L46_ROPE_KV_END
FSB_L46_ATTN_BEGIN
FSB_L46_ATTN_END
FSB_L46_OPROJ_BEGIN
FSB_L46_OPROJ_END
FSB_L46_FFN_NORM_BEGIN
FSB_L46_FFN_NORM_END
FSB_L46_FFN_BEGIN
FSB_L46_FFN_CPU_FALLBACK
FSB_L46_SWIGLU_BEGIN
[SwiGLU] width=27648 batch=1 n=27648 nbytes=110592
[SwiGLU] buf g(id=479 size=110592) u(id=480 size=110592) o(id=481 size=110592) d(id=482 size=4)
[SwiGLU] dispatch op=1 width=27648 batch=1
[SwiGLU] download n=27648
FSB_L46_SWIGLU_END
FSB_L46_DOWN_BEGIN
FSB_L46_DOWN_END
FSB_L46_FFN_END
FSB_L46_EXIT
FSB_L47_ENTER
FSB_L47_ATTN_NORM_BEGIN
FSB_L47_ATTN_NORM_END
FSB_L47_QKV_BEGIN
FSB_L47_QKV_CPU_FALLBACK
FSB_L47_QKV_END
FSB_L47_ROPE_KV_BEGIN b=0
FSB_L47_ROPE_KV_END
FSB_L47_ATTN_BEGIN
FSB_L47_ATTN_END
FSB_L47_OPROJ_BEGIN
FSB_L47_OPROJ_END
FSB_L47_FFN_NORM_BEGIN
FSB_L47_FFN_NORM_END
FSB_L47_FFN_BEGIN
FSB_L47_FFN_CPU_FALLBACK
FSB_L47_SWIGLU_BEGIN
[SwiGLU] width=27648 batch=1 n=27648 nbytes=110592
[SwiGLU] buf g(id=479 size=110592) u(id=480 size=110592) o(id=481 size=110592) d(id=482 size=4)
[SwiGLU] dispatch op=1 width=27648 batch=1
[SwiGLU] download n=27648
FSB_L47_SWIGLU_END
FSB_L47_DOWN_BEGIN
FSB_L47_DOWN_END
FSB_L47_FFN_END
FSB_L47_EXIT
FSB_L48_ENTER
FSB_L48_ATTN_NORM_BEGIN
FSB_L48_ATTN_NORM_END
FSB_L48_QKV_BEGIN
FSB_L48_QKV_CPU_FALLBACK
FSB_L48_QKV_END
FSB_L48_ROPE_KV_BEGIN b=0
FSB_L48_ROPE_KV_END
FSB_L48_ATTN_BEGIN
FSB_L48_ATTN_END
FSB_L48_OPROJ_BEGIN
FSB_L48_OPROJ_END
FSB_L48_FFN_NORM_BEGIN
FSB_L48_FFN_NORM_END
FSB_L48_FFN_BEGIN
FSB_L48_FFN_CPU_FALLBACK
FSB_L48_SWIGLU_BEGIN
[SwiGLU] width=27648 batch=1 n=27648 nbytes=110592
[SwiGLU] buf g(id=479 size=110592) u(id=480 size=110592) o(id=481 size=110592) d(id=482 size=4)
[SwiGLU] dispatch op=1 width=27648 batch=1
[SwiGLU] download n=27648
FSB_L48_SWIGLU_END
FSB_L48_DOWN_BEGIN
FSB_L48_DOWN_END
FSB_L48_FFN_END
FSB_L48_EXIT
FSB_L49_ENTER
FSB_L49_ATTN_NORM_BEGIN
FSB_L49_ATTN_NORM_END
FSB_L49_QKV_BEGIN
FSB_L49_QKV_CPU_FALLBACK
FSB_L49_QKV_END
FSB_L49_ROPE_KV_BEGIN b=0
FSB_L49_ROPE_KV_END
FSB_L49_ATTN_BEGIN
FSB_L49_ATTN_END
FSB_L49_OPROJ_BEGIN
FSB_L49_OPROJ_END
FSB_L49_FFN_NORM_BEGIN
FSB_L49_FFN_NORM_END
FSB_L49_FFN_BEGIN
FSB_L49_FFN_CPU_FALLBACK
FSB_L49_SWIGLU_BEGIN
[SwiGLU] width=27648 batch=1 n=27648 nbytes=110592
[SwiGLU] buf g(id=479 size=110592) u(id=480 size=110592) o(id=481 size=110592) d(id=482 size=4)
[SwiGLU] dispatch op=1 width=27648 batch=1
[SwiGLU] download n=27648
FSB_L49_SWIGLU_END
FSB_L49_DOWN_BEGIN
FSB_L49_DOWN_END
FSB_L49_FFN_END
FSB_L49_EXIT
FSB_L50_ENTER
FSB_L50_ATTN_NORM_BEGIN
FSB_L50_ATTN_NORM_END
FSB_L50_QKV_BEGIN
FSB_L50_QKV_CPU_FALLBACK
FSB_L50_QKV_END
FSB_L50_ROPE_KV_BEGIN b=0
FSB_L50_ROPE_KV_END
FSB_L50_ATTN_BEGIN
FSB_L50_ATTN_END
FSB_L50_OPROJ_BEGIN
FSB_L50_OPROJ_END
FSB_L50_FFN_NORM_BEGIN
FSB_L50_FFN_NORM_END
FSB_L50_FFN_BEGIN
FSB_L50_FFN_CPU_FALLBACK
FSB_L50_SWIGLU_BEGIN
[SwiGLU] width=27648 batch=1 n=27648 nbytes=110592
[SwiGLU] buf g(id=479 size=110592) u(id=480 size=110592) o(id=481 size=110592) d(id=482 size=4)
[SwiGLU] dispatch op=1 width=27648 batch=1
[SwiGLU] download n=27648
FSB_L50_SWIGLU_END
FSB_L50_DOWN_BEGIN
FSB_L50_DOWN_END
FSB_L50_FFN_END
FSB_L50_EXIT
FSB_L51_ENTER
FSB_L51_ATTN_NORM_BEGIN
FSB_L51_ATTN_NORM_END
FSB_L51_QKV_BEGIN
FSB_L51_QKV_CPU_FALLBACK
FSB_L51_QKV_END
FSB_L51_ROPE_KV_BEGIN b=0
FSB_L51_ROPE_KV_END
FSB_L51_ATTN_BEGIN
FSB_L51_ATTN_END
FSB_L51_OPROJ_BEGIN
FSB_L51_OPROJ_END
FSB_L51_FFN_NORM_BEGIN
FSB_L51_FFN_NORM_END
FSB_L51_FFN_BEGIN
FSB_L51_FFN_CPU_FALLBACK
FSB_L51_SWIGLU_BEGIN
[SwiGLU] width=27648 batch=1 n=27648 nbytes=110592
[SwiGLU] buf g(id=479 size=110592) u(id=480 size=110592) o(id=481 size=110592) d(id=482 size=4)
[SwiGLU] dispatch op=1 width=27648 batch=1
[SwiGLU] download n=27648
FSB_L51_SWIGLU_END
FSB_L51_DOWN_BEGIN
FSB_L51_DOWN_END
FSB_L51_FFN_END
FSB_L51_EXIT
FSB_L52_ENTER
FSB_L52_ATTN_NORM_BEGIN
FSB_L52_ATTN_NORM_END
FSB_L52_QKV_BEGIN
FSB_L52_QKV_CPU_FALLBACK
FSB_L52_QKV_END
FSB_L52_ROPE_KV_BEGIN b=0
FSB_L52_ROPE_KV_END
FSB_L52_ATTN_BEGIN
FSB_L52_ATTN_END
FSB_L52_OPROJ_BEGIN
FSB_L52_OPROJ_END
FSB_L52_FFN_NORM_BEGIN
FSB_L52_FFN_NORM_END
FSB_L52_FFN_BEGIN
FSB_L52_FFN_CPU_FALLBACK
FSB_L52_SWIGLU_BEGIN
[SwiGLU] width=27648 batch=1 n=27648 nbytes=110592
[SwiGLU] buf g(id=479 size=110592) u(id=480 size=110592) o(id=481 size=110592) d(id=482 size=4)
[SwiGLU] dispatch op=1 width=27648 batch=1
[SwiGLU] download n=27648
FSB_L52_SWIGLU_END
FSB_L52_DOWN_BEGIN
FSB_L52_DOWN_END
FSB_L52_FFN_END
FSB_L52_EXIT
FSB_L53_ENTER
FSB_L53_ATTN_NORM_BEGIN
FSB_L53_ATTN_NORM_END
FSB_L53_QKV_BEGIN
FSB_L53_QKV_CPU_FALLBACK
FSB_L53_QKV_END
FSB_L53_ROPE_KV_BEGIN b=0
FSB_L53_ROPE_KV_END
FSB_L53_ATTN_BEGIN
FSB_L53_ATTN_END
FSB_L53_OPROJ_BEGIN
FSB_L53_OPROJ_END
FSB_L53_FFN_NORM_BEGIN
FSB_L53_FFN_NORM_END
FSB_L53_FFN_BEGIN
FSB_L53_FFN_CPU_FALLBACK
FSB_L53_SWIGLU_BEGIN
[SwiGLU] width=27648 batch=1 n=27648 nbytes=110592
[SwiGLU] buf g(id=479 size=110592) u(id=480 size=110592) o(id=481 size=110592) d(id=482 size=4)
[SwiGLU] dispatch op=1 width=27648 batch=1
[SwiGLU] download n=27648
FSB_L53_SWIGLU_END
FSB_L53_DOWN_BEGIN
FSB_L53_DOWN_END
FSB_L53_FFN_END
FSB_L53_EXIT
FSB_L54_ENTER
FSB_L54_ATTN_NORM_BEGIN
FSB_L54_ATTN_NORM_END
FSB_L54_QKV_BEGIN
FSB_L54_QKV_CPU_FALLBACK
FSB_L54_QKV_END
FSB_L54_ROPE_KV_BEGIN b=0
FSB_L54_ROPE_KV_END
FSB_L54_ATTN_BEGIN
FSB_L54_ATTN_END
FSB_L54_OPROJ_BEGIN
FSB_L54_OPROJ_END
FSB_L54_FFN_NORM_BEGIN
FSB_L54_FFN_NORM_END
FSB_L54_FFN_BEGIN
FSB_L54_FFN_CPU_FALLBACK
FSB_L54_SWIGLU_BEGIN
[SwiGLU] width=27648 batch=1 n=27648 nbytes=110592
[SwiGLU] buf g(id=479 size=110592) u(id=480 size=110592) o(id=481 size=110592) d(id=482 size=4)
[SwiGLU] dispatch op=1 width=27648 batch=1
[SwiGLU] download n=27648
FSB_L54_SWIGLU_END
FSB_L54_DOWN_BEGIN
FSB_L54_DOWN_END
FSB_L54_FFN_END
FSB_L54_EXIT
FSB_L55_ENTER
FSB_L55_ATTN_NORM_BEGIN
FSB_L55_ATTN_NORM_END
FSB_L55_QKV_BEGIN
FSB_L55_QKV_CPU_FALLBACK
FSB_L55_QKV_END
FSB_L55_ROPE_KV_BEGIN b=0
FSB_L55_ROPE_KV_END
FSB_L55_ATTN_BEGIN
FSB_L55_ATTN_END
FSB_L55_OPROJ_BEGIN
FSB_L55_OPROJ_END
FSB_L55_FFN_NORM_BEGIN
FSB_L55_FFN_NORM_END
FSB_L55_FFN_BEGIN
FSB_L55_FFN_CPU_FALLBACK
FSB_L55_SWIGLU_BEGIN
[SwiGLU] width=27648 batch=1 n=27648 nbytes=110592
[SwiGLU] buf g(id=479 size=110592) u(id=480 size=110592) o(id=481 size=110592) d(id=482 size=4)
[SwiGLU] dispatch op=1 width=27648 batch=1
[SwiGLU] download n=27648
FSB_L55_SWIGLU_END
FSB_L55_DOWN_BEGIN
FSB_L55_DOWN_END
FSB_L55_FFN_END
FSB_L55_EXIT
FSB_L56_ENTER
FSB_L56_ATTN_NORM_BEGIN
FSB_L56_ATTN_NORM_END
FSB_L56_QKV_BEGIN
FSB_L56_QKV_CPU_FALLBACK
FSB_L56_QKV_END
FSB_L56_ROPE_KV_BEGIN b=0
FSB_L56_ROPE_KV_END
FSB_L56_ATTN_BEGIN
FSB_L56_ATTN_END
FSB_L56_OPROJ_BEGIN
FSB_L56_OPROJ_END
FSB_L56_FFN_NORM_BEGIN
FSB_L56_FFN_NORM_END
FSB_L56_FFN_BEGIN
FSB_L56_FFN_CPU_FALLBACK
FSB_L56_SWIGLU_BEGIN
[SwiGLU] width=27648 batch=1 n=27648 nbytes=110592
[SwiGLU] buf g(id=479 size=110592) u(id=480 size=110592) o(id=481 size=110592) d(id=482 size=4)
[SwiGLU] dispatch op=1 width=27648 batch=1
[SwiGLU] download n=27648
FSB_L56_SWIGLU_END
FSB_L56_DOWN_BEGIN
FSB_L56_DOWN_END
FSB_L56_FFN_END
FSB_L56_EXIT
FSB_L57_ENTER
FSB_L57_ATTN_NORM_BEGIN
FSB_L57_ATTN_NORM_END
FSB_L57_QKV_BEGIN
FSB_L57_QKV_CPU_FALLBACK
FSB_L57_QKV_END
FSB_L57_ROPE_KV_BEGIN b=0
FSB_L57_ROPE_KV_END
FSB_L57_ATTN_BEGIN
FSB_L57_ATTN_END
FSB_L57_OPROJ_BEGIN
FSB_L57_OPROJ_END
FSB_L57_FFN_NORM_BEGIN
FSB_L57_FFN_NORM_END
FSB_L57_FFN_BEGIN
FSB_L57_FFN_CPU_FALLBACK
FSB_L57_SWIGLU_BEGIN
[SwiGLU] width=27648 batch=1 n=27648 nbytes=110592
[SwiGLU] buf g(id=479 size=110592) u(id=480 size=110592) o(id=481 size=110592) d(id=482 size=4)
[SwiGLU] dispatch op=1 width=27648 batch=1
[SwiGLU] download n=27648
FSB_L57_SWIGLU_END
FSB_L57_DOWN_BEGIN
FSB_L57_DOWN_END
FSB_L57_FFN_END
FSB_L57_EXIT
FSB_L58_ENTER
FSB_L58_ATTN_NORM_BEGIN
FSB_L58_ATTN_NORM_END
FSB_L58_QKV_BEGIN
FSB_L58_QKV_CPU_FALLBACK
FSB_L58_QKV_END
FSB_L58_ROPE_KV_BEGIN b=0
FSB_L58_ROPE_KV_END
FSB_L58_ATTN_BEGIN
FSB_L58_ATTN_END
FSB_L58_OPROJ_BEGIN
FSB_L58_OPROJ_END
FSB_L58_FFN_NORM_BEGIN
FSB_L58_FFN_NORM_END
FSB_L58_FFN_BEGIN
FSB_L58_FFN_CPU_FALLBACK
FSB_L58_SWIGLU_BEGIN
[SwiGLU] width=27648 batch=1 n=27648 nbytes=110592
[SwiGLU] buf g(id=479 size=110592) u(id=480 size=110592) o(id=481 size=110592) d(id=482 size=4)
[SwiGLU] dispatch op=1 width=27648 batch=1
[SwiGLU] download n=27648
FSB_L58_SWIGLU_END
FSB_L58_DOWN_BEGIN
FSB_L58_DOWN_END
FSB_L58_FFN_END
FSB_L58_EXIT
FSB_L59_ENTER
FSB_L59_ATTN_NORM_BEGIN
FSB_L59_ATTN_NORM_END
FSB_L59_QKV_BEGIN
FSB_L59_QKV_CPU_FALLBACK
FSB_L59_QKV_END
FSB_L59_ROPE_KV_BEGIN b=0
FSB_L59_ROPE_KV_END
FSB_L59_ATTN_BEGIN
FSB_L59_ATTN_END
FSB_L59_OPROJ_BEGIN
FSB_L59_OPROJ_END
FSB_L59_FFN_NORM_BEGIN
FSB_L59_FFN_NORM_END
FSB_L59_FFN_BEGIN
FSB_L59_FFN_CPU_FALLBACK
FSB_L59_SWIGLU_BEGIN
[SwiGLU] width=27648 batch=1 n=27648 nbytes=110592
[SwiGLU] buf g(id=479 size=110592) u(id=480 size=110592) o(id=481 size=110592) d(id=482 size=4)
[SwiGLU] dispatch op=1 width=27648 batch=1
[SwiGLU] download n=27648
FSB_L59_SWIGLU_END
FSB_L59_DOWN_BEGIN
FSB_L59_DOWN_END
FSB_L59_FFN_END
FSB_L59_EXIT
FSB_L60_ENTER
FSB_L60_ATTN_NORM_BEGIN
FSB_L60_ATTN_NORM_END
FSB_L60_QKV_BEGIN
FSB_L60_QKV_CPU_FALLBACK
FSB_L60_QKV_END
FSB_L60_ROPE_KV_BEGIN b=0
FSB_L60_ROPE_KV_END
FSB_L60_ATTN_BEGIN
FSB_L60_ATTN_END
FSB_L60_OPROJ_BEGIN
FSB_L60_OPROJ_END
FSB_L60_FFN_NORM_BEGIN
FSB_L60_FFN_NORM_END
FSB_L60_FFN_BEGIN
FSB_L60_FFN_CPU_FALLBACK
FSB_L60_SWIGLU_BEGIN
[SwiGLU] width=27648 batch=1 n=27648 nbytes=110592
[SwiGLU] buf g(id=479 size=110592) u(id=480 size=110592) o(id=481 size=110592) d(id=482 size=4)
[SwiGLU] dispatch op=1 width=27648 batch=1
[SwiGLU] download n=27648
FSB_L60_SWIGLU_END
FSB_L60_DOWN_BEGIN
FSB_L60_DOWN_END
FSB_L60_FFN_END
FSB_L60_EXIT
FSB_L61_ENTER
FSB_L61_ATTN_NORM_BEGIN
FSB_L61_ATTN_NORM_END
FSB_L61_QKV_BEGIN
FSB_L61_QKV_CPU_FALLBACK
FSB_L61_QKV_END
FSB_L61_ROPE_KV_BEGIN b=0
FSB_L61_ROPE_KV_END
FSB_L61_ATTN_BEGIN
FSB_L61_ATTN_END
FSB_L61_OPROJ_BEGIN
FSB_L61_OPROJ_END
FSB_L61_FFN_NORM_BEGIN
FSB_L61_FFN_NORM_END
FSB_L61_FFN_BEGIN
FSB_L61_FFN_CPU_FALLBACK
FSB_L61_SWIGLU_BEGIN
[SwiGLU] width=27648 batch=1 n=27648 nbytes=110592
[SwiGLU] buf g(id=479 size=110592) u(id=480 size=110592) o(id=481 size=110592) d(id=482 size=4)
[SwiGLU] dispatch op=1 width=27648 batch=1
[SwiGLU] download n=27648
FSB_L61_SWIGLU_END
FSB_L61_DOWN_BEGIN
FSB_L61_DOWN_END
FSB_L61_FFN_END
FSB_L61_EXIT
FSB_L62_ENTER
FSB_L62_ATTN_NORM_BEGIN
FSB_L62_ATTN_NORM_END
FSB_L62_QKV_BEGIN
FSB_L62_QKV_CPU_FALLBACK
FSB_L62_QKV_END
FSB_L62_ROPE_KV_BEGIN b=0
FSB_L62_ROPE_KV_END
FSB_L62_ATTN_BEGIN
FSB_L62_ATTN_END
FSB_L62_OPROJ_BEGIN
FSB_L62_OPROJ_END
FSB_L62_FFN_NORM_BEGIN
FSB_L62_FFN_NORM_END
FSB_L62_FFN_BEGIN
FSB_L62_FFN_CPU_FALLBACK
FSB_L62_SWIGLU_BEGIN
[SwiGLU] width=27648 batch=1 n=27648 nbytes=110592
[SwiGLU] buf g(id=479 size=110592) u(id=480 size=110592) o(id=481 size=110592) d(id=482 size=4)
[SwiGLU] dispatch op=1 width=27648 batch=1
[SwiGLU] download n=27648
FSB_L62_SWIGLU_END
FSB_L62_DOWN_BEGIN
FSB_L62_DOWN_END
FSB_L62_FFN_END
FSB_L62_EXIT
FSB_L63_ENTER
FSB_L63_ATTN_NORM_BEGIN
FSB_L63_ATTN_NORM_END
FSB_L63_QKV_BEGIN
FSB_L63_QKV_CPU_FALLBACK
FSB_L63_QKV_END
FSB_L63_ROPE_KV_BEGIN b=0
FSB_L63_ROPE_KV_END
FSB_L63_ATTN_BEGIN
FSB_L63_ATTN_END
FSB_L63_OPROJ_BEGIN
FSB_L63_OPROJ_END
FSB_L63_FFN_NORM_BEGIN
FSB_L63_FFN_NORM_END
FSB_L63_FFN_BEGIN
FSB_L63_FFN_CPU_FALLBACK
FSB_L63_SWIGLU_BEGIN
[SwiGLU] width=27648 batch=1 n=27648 nbytes=110592
[SwiGLU] buf g(id=479 size=110592) u(id=480 size=110592) o(id=481 size=110592) d(id=482 size=4)
[SwiGLU] dispatch op=1 width=27648 batch=1
[SwiGLU] download n=27648
FSB_L63_SWIGLU_END
FSB_L63_DOWN_BEGIN
FSB_L63_DOWN_END
FSB_L63_FFN_END
FSB_L63_EXIT
FSB_COPY_HIDDEN
FSB_EXIT_OK
VSGW_FORWARD_BLOCK_OK
VSGW_TOP1_BEGIN
VSGW_TOP1_FALLBACK
VSGW_TOP1_END tok0=198 tok1=-1
VSGW_COMMIT_OK accepted=1
VSGW_MIRROR_COMMIT_OK
SPEC_VSGW_END verified=2
RUN_GENERATE_END got=2
THRESHOLD_GEN_END ntok=2 got=2
THRESHOLD_RESULT ntok=2 PASS

=== THRESHOLD ntok=3 ===
SPEC_SETUP_ENTER spec=1
SPEC_INIT_BEGIN
SPEC_INIT_OK
SPEC_LOAD_BEGIN
SPEC_LOAD_END ok=1
SPEC_VK_BEGIN spec=1
SPEC_VK_END initialized=1 devices=2
SPEC_CONFIG_BEGIN
SPEC_CONFIG_END
SPEC_SETUP_EXIT
THRESHOLD_SETUP_OK ntok=3
THRESHOLD_GEN_BEGIN ntok=3
RUN_TOKENIZE_BEGIN n=3
RUN_TOKENIZE_OK tokens=19
RUN_GENERATE_BEGIN prompt=19 out=3
SPEC_PATH_ENTER gen=0 rem=3
SPEC_BUILD_PROPOSALS_BEGIN
SPEC_BUILD_PROPOSALS_END count=2
SPEC_VSGW_BEGIN proposals=2
VSGW_ENTER proposals=2 maxEmit=3
VSGW_LOGITS_0_BEGIN
VSGW_LOGITS_0_END first=198
VSGW_KV_BASE=19 B=2
VSGW_ADVANCE_BY_BEGIN B=2
VSGW_ADVANCE_BY_OK kv=21
VSGW_FORWARD_BLOCK_BEGIN B=2 base=19
FSB_EMBED_BEGIN B=2
FSB_EMBED_OK
FSB_L0_ENTER
FSB_L0_ATTN_NORM_BEGIN
FSB_L0_ATTN_NORM_END
FSB_L0_QKV_BEGIN
FSB_L0_QKV_CPU_FALLBACK
FSB_L0_QKV_END
FSB_L0_ROPE_KV_BEGIN b=0
FSB_L0_ROPE_KV_BEGIN b=1
FSB_L0_ROPE_KV_END
FSB_L0_ATTN_BEGIN
FSB_L0_ATTN_END
FSB_L0_OPROJ_BEGIN
FSB_L0_OPROJ_END
FSB_L0_FFN_NORM_BEGIN
FSB_L0_FFN_NORM_END
FSB_L0_FFN_BEGIN
FSB_L0_FFN_CPU_FALLBACK
FSB_L0_SWIGLU_BEGIN
[SwiGLU] width=27648 batch=2 n=55296 nbytes=221184
[SwiGLU] buf g(id=479 size=221184) u(id=480 size=221184) o(id=481 size=221184) d(id=482 size=4)
[SwiGLU] dispatch op=1 width=27648 batch=2
[SwiGLU] download n=55296
FSB_L0_SWIGLU_END
FSB_L0_DOWN_BEGIN
FSB_L0_DOWN_END
FSB_L0_FFN_END
FSB_L0_EXIT
FSB_L1_ENTER
FSB_L1_ATTN_NORM_BEGIN
FSB_L1_ATTN_NORM_END
FSB_L1_QKV_BEGIN
FSB_L1_QKV_CPU_FALLBACK
FSB_L1_QKV_END
FSB_L1_ROPE_KV_BEGIN b=0
FSB_L1_ROPE_KV_BEGIN b=1
FSB_L1_ROPE_KV_END
FSB_L1_ATTN_BEGIN
FSB_L1_ATTN_END
FSB_L1_OPROJ_BEGIN
FSB_L1_OPROJ_END
FSB_L1_FFN_NORM_BEGIN
FSB_L1_FFN_NORM_END
FSB_L1_FFN_BEGIN
FSB_L1_FFN_CPU_FALLBACK
FSB_L1_SWIGLU_BEGIN
[SwiGLU] width=27648 batch=2 n=55296 nbytes=221184
[SwiGLU] buf g(id=479 size=221184) u(id=480 size=221184) o(id=481 size=221184) d(id=482 size=4)
[SwiGLU] dispatch op=1 width=27648 batch=2
[SwiGLU] download n=55296
FSB_L1_SWIGLU_END
FSB_L1_DOWN_BEGIN
FSB_L1_DOWN_END
FSB_L1_FFN_END
FSB_L1_EXIT
FSB_L2_ENTER
FSB_L2_ATTN_NORM_BEGIN
FSB_L2_ATTN_NORM_END
FSB_L2_QKV_BEGIN
FSB_L2_QKV_CPU_FALLBACK
FSB_L2_QKV_END
FSB_L2_ROPE_KV_BEGIN b=0
FSB_L2_ROPE_KV_BEGIN b=1
FSB_L2_ROPE_KV_END
FSB_L2_ATTN_BEGIN
FSB_L2_ATTN_END
FSB_L2_OPROJ_BEGIN
FSB_L2_OPROJ_END
FSB_L2_FFN_NORM_BEGIN
FSB_L2_FFN_NORM_END
FSB_L2_FFN_BEGIN
FSB_L2_FFN_CPU_FALLBACK
FSB_L2_SWIGLU_BEGIN
[SwiGLU] width=27648 batch=2 n=55296 nbytes=221184
[SwiGLU] buf g(id=479 size=221184) u(id=480 size=221184) o(id=481 size=221184) d(id=482 size=4)
[SwiGLU] dispatch op=1 width=27648 batch=2
[SwiGLU] download n=55296
FSB_L2_SWIGLU_END
FSB_L2_DOWN_BEGIN
FSB_L2_DOWN_END
FSB_L2_FFN_END
FSB_L2_EXIT
FSB_L3_ENTER
FSB_L3_ATTN_NORM_BEGIN
FSB_L3_ATTN_NORM_END
FSB_L3_QKV_BEGIN
FSB_L3_QKV_CPU_FALLBACK
FSB_L3_QKV_END
FSB_L3_ROPE_KV_BEGIN b=0
FSB_L3_ROPE_KV_BEGIN b=1
FSB_L3_ROPE_KV_END
FSB_L3_ATTN_BEGIN
FSB_L3_ATTN_END
FSB_L3_OPROJ_BEGIN
FSB_L3_OPROJ_END
FSB_L3_FFN_NORM_BEGIN
FSB_L3_FFN_NORM_END
FSB_L3_FFN_BEGIN
FSB_L3_FFN_CPU_FALLBACK
FSB_L3_SWIGLU_BEGIN
[SwiGLU] width=27648 batch=2 n=55296 nbytes=221184
[SwiGLU] buf g(id=479 size=221184) u(id=480 size=221184) o(id=481 size=221184) d(id=482 size=4)
[SwiGLU] dispatch op=1 width=27648 batch=2
[SwiGLU] download n=55296
FSB_L3_SWIGLU_END
FSB_L3_DOWN_BEGIN
FSB_L3_DOWN_END
FSB_L3_FFN_END
FSB_L3_EXIT
FSB_L4_ENTER
FSB_L4_ATTN_NORM_BEGIN
FSB_L4_ATTN_NORM_END
FSB_L4_QKV_BEGIN
FSB_L4_QKV_CPU_FALLBACK
FSB_L4_QKV_END
FSB_L4_ROPE_KV_BEGIN b=0
FSB_L4_ROPE_KV_BEGIN b=1
FSB_L4_ROPE_KV_END
FSB_L4_ATTN_BEGIN
FSB_L4_ATTN_END
FSB_L4_OPROJ_BEGIN
FSB_L4_OPROJ_END
FSB_L4_FFN_NORM_BEGIN
FSB_L4_FFN_NORM_END
FSB_L4_FFN_BEGIN
FSB_L4_FFN_CPU_FALLBACK
FSB_L4_SWIGLU_BEGIN
[SwiGLU] width=27648 batch=2 n=55296 nbytes=221184
[SwiGLU] buf g(id=479 size=221184) u(id=480 size=221184) o(id=481 size=221184) d(id=482 size=4)
[SwiGLU] dispatch op=1 width=27648 batch=2
[SwiGLU] download n=55296
FSB_L4_SWIGLU_END
FSB_L4_DOWN_BEGIN
FSB_L4_DOWN_END
FSB_L4_FFN_END
FSB_L4_EXIT
FSB_L5_ENTER
FSB_L5_ATTN_NORM_BEGIN
FSB_L5_ATTN_NORM_END
FSB_L5_QKV_BEGIN
FSB_L5_QKV_CPU_FALLBACK
FSB_L5_QKV_END
FSB_L5_ROPE_KV_BEGIN b=0
FSB_L5_ROPE_KV_BEGIN b=1
FSB_L5_ROPE_KV_END
FSB_L5_ATTN_BEGIN
FSB_L5_ATTN_END
FSB_L5_OPROJ_BEGIN
FSB_L5_OPROJ_END
FSB_L5_FFN_NORM_BEGIN
FSB_L5_FFN_NORM_END
FSB_L5_FFN_BEGIN
FSB_L5_FFN_CPU_FALLBACK
FSB_L5_SWIGLU_BEGIN
[SwiGLU] width=27648 batch=2 n=55296 nbytes=221184
[SwiGLU] buf g(id=479 size=221184) u(id=480 size=221184) o(id=481 size=221184) d(id=482 size=4)
[SwiGLU] dispatch op=1 width=27648 batch=2
[SwiGLU] download n=55296
FSB_L5_SWIGLU_END
FSB_L5_DOWN_BEGIN
FSB_L5_DOWN_END
FSB_L5_FFN_END
FSB_L5_EXIT
FSB_L6_ENTER
FSB_L6_ATTN_NORM_BEGIN
FSB_L6_ATTN_NORM_END
FSB_L6_QKV_BEGIN
FSB_L6_QKV_CPU_FALLBACK
FSB_L6_QKV_END
FSB_L6_ROPE_KV_BEGIN b=0
FSB_L6_ROPE_KV_BEGIN b=1
FSB_L6_ROPE_KV_END
FSB_L6_ATTN_BEGIN
FSB_L6_ATTN_END
FSB_L6_OPROJ_BEGIN
FSB_L6_OPROJ_END
FSB_L6_FFN_NORM_BEGIN
FSB_L6_FFN_NORM_END
FSB_L6_FFN_BEGIN
FSB_L6_FFN_CPU_FALLBACK
FSB_L6_SWIGLU_BEGIN
[SwiGLU] width=27648 batch=2 n=55296 nbytes=221184
[SwiGLU] buf g(id=479 size=221184) u(id=480 size=221184) o(id=481 size=221184) d(id=482 size=4)
[SwiGLU] dispatch op=1 width=27648 batch=2
[SwiGLU] download n=55296
FSB_L6_SWIGLU_END
FSB_L6_DOWN_BEGIN
FSB_L6_DOWN_END
FSB_L6_FFN_END
FSB_L6_EXIT
FSB_L7_ENTER
FSB_L7_ATTN_NORM_BEGIN
FSB_L7_ATTN_NORM_END
FSB_L7_QKV_BEGIN
FSB_L7_QKV_CPU_FALLBACK
FSB_L7_QKV_END
FSB_L7_ROPE_KV_BEGIN b=0
FSB_L7_ROPE_KV_BEGIN b=1
FSB_L7_ROPE_KV_END
FSB_L7_ATTN_BEGIN
FSB_L7_ATTN_END
FSB_L7_OPROJ_BEGIN
FSB_L7_OPROJ_END
FSB_L7_FFN_NORM_BEGIN
FSB_L7_FFN_NORM_END
FSB_L7_FFN_BEGIN
FSB_L7_FFN_CPU_FALLBACK
FSB_L7_SWIGLU_BEGIN
[SwiGLU] width=27648 batch=2 n=55296 nbytes=221184
[SwiGLU] buf g(id=479 size=221184) u(id=480 size=221184) o(id=481 size=221184) d(id=482 size=4)
[SwiGLU] dispatch op=1 width=27648 batch=2
[SwiGLU] download n=55296
FSB_L7_SWIGLU_END
FSB_L7_DOWN_BEGIN
FSB_L7_DOWN_END
FSB_L7_FFN_END
FSB_L7_EXIT
FSB_L8_ENTER
FSB_L8_ATTN_NORM_BEGIN
FSB_L8_ATTN_NORM_END
FSB_L8_QKV_BEGIN
FSB_L8_QKV_CPU_FALLBACK
FSB_L8_QKV_END
FSB_L8_ROPE_KV_BEGIN b=0
FSB_L8_ROPE_KV_BEGIN b=1
FSB_L8_ROPE_KV_END
FSB_L8_ATTN_BEGIN
FSB_L8_ATTN_END
FSB_L8_OPROJ_BEGIN
FSB_L8_OPROJ_END
FSB_L8_FFN_NORM_BEGIN
FSB_L8_FFN_NORM_END
FSB_L8_FFN_BEGIN
FSB_L8_FFN_CPU_FALLBACK
FSB_L8_SWIGLU_BEGIN
[SwiGLU] width=27648 batch=2 n=55296 nbytes=221184
[SwiGLU] buf g(id=479 size=221184) u(id=480 size=221184) o(id=481 size=221184) d(id=482 size=4)
[SwiGLU] dispatch op=1 width=27648 batch=2
[SwiGLU] download n=55296
FSB_L8_SWIGLU_END
FSB_L8_DOWN_BEGIN
FSB_L8_DOWN_END
FSB_L8_FFN_END
FSB_L8_EXIT
FSB_L9_ENTER
FSB_L9_ATTN_NORM_BEGIN
FSB_L9_ATTN_NORM_END
FSB_L9_QKV_BEGIN
FSB_L9_QKV_CPU_FALLBACK
FSB_L9_QKV_END
FSB_L9_ROPE_KV_BEGIN b=0
FSB_L9_ROPE_KV_BEGIN b=1
FSB_L9_ROPE_KV_END
FSB_L9_ATTN_BEGIN
FSB_L9_ATTN_END
FSB_L9_OPROJ_BEGIN
FSB_L9_OPROJ_END
FSB_L9_FFN_NORM_BEGIN
FSB_L9_FFN_NORM_END
FSB_L9_FFN_BEGIN
FSB_L9_FFN_CPU_FALLBACK
FSB_L9_SWIGLU_BEGIN
[SwiGLU] width=27648 batch=2 n=55296 nbytes=221184
[SwiGLU] buf g(id=479 size=221184) u(id=480 size=221184) o(id=481 size=221184) d(id=482 size=4)
[SwiGLU] dispatch op=1 width=27648 batch=2
[SwiGLU] download n=55296
FSB_L9_SWIGLU_END
FSB_L9_DOWN_BEGIN
FSB_L9_DOWN_END
FSB_L9_FFN_END
FSB_L9_EXIT
FSB_L10_ENTER
FSB_L10_ATTN_NORM_BEGIN
FSB_L10_ATTN_NORM_END
FSB_L10_QKV_BEGIN
FSB_L10_QKV_CPU_FALLBACK
FSB_L10_QKV_END
FSB_L10_ROPE_KV_BEGIN b=0
FSB_L10_ROPE_KV_BEGIN b=1
FSB_L10_ROPE_KV_END
FSB_L10_ATTN_BEGIN
FSB_L10_ATTN_END
FSB_L10_OPROJ_BEGIN
FSB_L10_OPROJ_END
FSB_L10_FFN_NORM_BEGIN
FSB_L10_FFN_NORM_END
FSB_L10_FFN_BEGIN
FSB_L10_FFN_CPU_FALLBACK
FSB_L10_SWIGLU_BEGIN
[SwiGLU] width=27648 batch=2 n=55296 nbytes=221184
[SwiGLU] buf g(id=479 size=221184) u(id=480 size=221184) o(id=481 size=221184) d(id=482 size=4)
[SwiGLU] dispatch op=1 width=27648 batch=2
[SwiGLU] download n=55296
FSB_L10_SWIGLU_END
FSB_L10_DOWN_BEGIN
FSB_L10_DOWN_END
FSB_L10_FFN_END
FSB_L10_EXIT
FSB_L11_ENTER
FSB_L11_ATTN_NORM_BEGIN
FSB_L11_ATTN_NORM_END
FSB_L11_QKV_BEGIN
FSB_L11_QKV_CPU_FALLBACK
FSB_L11_QKV_END
FSB_L11_ROPE_KV_BEGIN b=0
FSB_L11_ROPE_KV_BEGIN b=1
FSB_L11_ROPE_KV_END
FSB_L11_ATTN_BEGIN
FSB_L11_ATTN_END
FSB_L11_OPROJ_BEGIN
FSB_L11_OPROJ_END
FSB_L11_FFN_NORM_BEGIN
FSB_L11_FFN_NORM_END
FSB_L11_FFN_BEGIN
FSB_L11_FFN_CPU_FALLBACK
FSB_L11_SWIGLU_BEGIN
[SwiGLU] width=27648 batch=2 n=55296 nbytes=221184
[SwiGLU] buf g(id=479 size=221184) u(id=480 size=221184) o(id=481 size=221184) d(id=482 size=4)
[SwiGLU] dispatch op=1 width=27648 batch=2
[SwiGLU] download n=55296
FSB_L11_SWIGLU_END
FSB_L11_DOWN_BEGIN
FSB_L11_DOWN_END
FSB_L11_FFN_END
FSB_L11_EXIT
FSB_L12_ENTER
FSB_L12_ATTN_NORM_BEGIN
FSB_L12_ATTN_NORM_END
FSB_L12_QKV_BEGIN
FSB_L12_QKV_CPU_FALLBACK
FSB_L12_QKV_END
FSB_L12_ROPE_KV_BEGIN b=0
FSB_L12_ROPE_KV_BEGIN b=1
FSB_L12_ROPE_KV_END
FSB_L12_ATTN_BEGIN
FSB_L12_ATTN_END
FSB_L12_OPROJ_BEGIN
FSB_L12_OPROJ_END
FSB_L12_FFN_NORM_BEGIN
FSB_L12_FFN_NORM_END
FSB_L12_FFN_BEGIN
FSB_L12_FFN_CPU_FALLBACK
FSB_L12_SWIGLU_BEGIN
[SwiGLU] width=27648 batch=2 n=55296 nbytes=221184
[SwiGLU] buf g(id=479 size=221184) u(id=480 size=221184) o(id=481 size=221184) d(id=482 size=4)
[SwiGLU] dispatch op=1 width=27648 batch=2
[SwiGLU] download n=55296
FSB_L12_SWIGLU_END
FSB_L12_DOWN_BEGIN
FSB_L12_DOWN_END
FSB_L12_FFN_END
FSB_L12_EXIT
FSB_L13_ENTER
FSB_L13_ATTN_NORM_BEGIN
FSB_L13_ATTN_NORM_END
FSB_L13_QKV_BEGIN
FSB_L13_QKV_CPU_FALLBACK
FSB_L13_QKV_END
FSB_L13_ROPE_KV_BEGIN b=0
FSB_L13_ROPE_KV_BEGIN b=1
FSB_L13_ROPE_KV_END
FSB_L13_ATTN_BEGIN
FSB_L13_ATTN_END
FSB_L13_OPROJ_BEGIN
FSB_L13_OPROJ_END
FSB_L13_FFN_NORM_BEGIN
FSB_L13_FFN_NORM_END
FSB_L13_FFN_BEGIN
FSB_L13_FFN_CPU_FALLBACK
FSB_L13_SWIGLU_BEGIN
[SwiGLU] width=27648 batch=2 n=55296 nbytes=221184
[SwiGLU] buf g(id=479 size=221184) u(id=480 size=221184) o(id=481 size=221184) d(id=482 size=4)
[SwiGLU] dispatch op=1 width=27648 batch=2
[SwiGLU] download n=55296
FSB_L13_SWIGLU_END
FSB_L13_DOWN_BEGIN
FSB_L13_DOWN_END
FSB_L13_FFN_END
FSB_L13_EXIT
FSB_L14_ENTER
FSB_L14_ATTN_NORM_BEGIN
FSB_L14_ATTN_NORM_END
FSB_L14_QKV_BEGIN
FSB_L14_QKV_CPU_FALLBACK
FSB_L14_QKV_END
FSB_L14_ROPE_KV_BEGIN b=0
FSB_L14_ROPE_KV_BEGIN b=1
FSB_L14_ROPE_KV_END
FSB_L14_ATTN_BEGIN
FSB_L14_ATTN_END
FSB_L14_OPROJ_BEGIN
FSB_L14_OPROJ_END
FSB_L14_FFN_NORM_BEGIN
FSB_L14_FFN_NORM_END
FSB_L14_FFN_BEGIN
FSB_L14_FFN_CPU_FALLBACK
FSB_L14_SWIGLU_BEGIN
[SwiGLU] width=27648 batch=2 n=55296 nbytes=221184
[SwiGLU] buf g(id=479 size=221184) u(id=480 size=221184) o(id=481 size=221184) d(id=482 size=4)
[SwiGLU] dispatch op=1 width=27648 batch=2
[SwiGLU] download n=55296
FSB_L14_SWIGLU_END
FSB_L14_DOWN_BEGIN
FSB_L14_DOWN_END
FSB_L14_FFN_END
FSB_L14_EXIT
FSB_L15_ENTER
FSB_L15_ATTN_NORM_BEGIN
FSB_L15_ATTN_NORM_END
FSB_L15_QKV_BEGIN
FSB_L15_QKV_CPU_FALLBACK
FSB_L15_QKV_END
FSB_L15_ROPE_KV_BEGIN b=0
FSB_L15_ROPE_KV_BEGIN b=1
FSB_L15_ROPE_KV_END
FSB_L15_ATTN_BEGIN
FSB_L15_ATTN_END
FSB_L15_OPROJ_BEGIN
FSB_L15_OPROJ_END
FSB_L15_FFN_NORM_BEGIN
FSB_L15_FFN_NORM_END
FSB_L15_FFN_BEGIN
FSB_L15_FFN_CPU_FALLBACK
FSB_L15_SWIGLU_BEGIN
[SwiGLU] width=27648 batch=2 n=55296 nbytes=221184
[SwiGLU] buf g(id=479 size=221184) u(id=480 size=221184) o(id=481 size=221184) d(id=482 size=4)
[SwiGLU] dispatch op=1 width=27648 batch=2
[SwiGLU] download n=55296
FSB_L15_SWIGLU_END
FSB_L15_DOWN_BEGIN
FSB_L15_DOWN_END
FSB_L15_FFN_END
FSB_L15_EXIT
FSB_L16_ENTER
FSB_L16_ATTN_NORM_BEGIN
FSB_L16_ATTN_NORM_END
FSB_L16_QKV_BEGIN
FSB_L16_QKV_CPU_FALLBACK
FSB_L16_QKV_END
FSB_L16_ROPE_KV_BEGIN b=0
FSB_L16_ROPE_KV_BEGIN b=1
FSB_L16_ROPE_KV_END
FSB_L16_ATTN_BEGIN
FSB_L16_ATTN_END
FSB_L16_OPROJ_BEGIN
FSB_L16_OPROJ_END
FSB_L16_FFN_NORM_BEGIN
FSB_L16_FFN_NORM_END
FSB_L16_FFN_BEGIN
FSB_L16_FFN_CPU_FALLBACK
FSB_L16_SWIGLU_BEGIN
[SwiGLU] width=27648 batch=2 n=55296 nbytes=221184
[SwiGLU] buf g(id=479 size=221184) u(id=480 size=221184) o(id=481 size=221184) d(id=482 size=4)
[SwiGLU] dispatch op=1 width=27648 batch=2
[SwiGLU] download n=55296
FSB_L16_SWIGLU_END
FSB_L16_DOWN_BEGIN
FSB_L16_DOWN_END
FSB_L16_FFN_END
FSB_L16_EXIT
FSB_L17_ENTER
FSB_L17_ATTN_NORM_BEGIN
FSB_L17_ATTN_NORM_END
FSB_L17_QKV_BEGIN
FSB_L17_QKV_CPU_FALLBACK
FSB_L17_QKV_END
FSB_L17_ROPE_KV_BEGIN b=0
FSB_L17_ROPE_KV_BEGIN b=1
FSB_L17_ROPE_KV_END
FSB_L17_ATTN_BEGIN
FSB_L17_ATTN_END
FSB_L17_OPROJ_BEGIN
FSB_L17_OPROJ_END
FSB_L17_FFN_NORM_BEGIN
FSB_L17_FFN_NORM_END
FSB_L17_FFN_BEGIN
FSB_L17_FFN_CPU_FALLBACK
FSB_L17_SWIGLU_BEGIN
[SwiGLU] width=27648 batch=2 n=55296 nbytes=221184
[SwiGLU] buf g(id=479 size=221184) u(id=480 size=221184) o(id=481 size=221184) d(id=482 size=4)
[SwiGLU] dispatch op=1 width=27648 batch=2
[SwiGLU] download n=55296
FSB_L17_SWIGLU_END
FSB_L17_DOWN_BEGIN
FSB_L17_DOWN_END
FSB_L17_FFN_END
FSB_L17_EXIT
FSB_L18_ENTER
FSB_L18_ATTN_NORM_BEGIN
FSB_L18_ATTN_NORM_END
FSB_L18_QKV_BEGIN
FSB_L18_QKV_CPU_FALLBACK
FSB_L18_QKV_END
FSB_L18_ROPE_KV_BEGIN b=0
FSB_L18_ROPE_KV_BEGIN b=1
FSB_L18_ROPE_KV_END
FSB_L18_ATTN_BEGIN
FSB_L18_ATTN_END
FSB_L18_OPROJ_BEGIN
FSB_L18_OPROJ_END
FSB_L18_FFN_NORM_BEGIN
FSB_L18_FFN_NORM_END
FSB_L18_FFN_BEGIN
FSB_L18_FFN_CPU_FALLBACK
FSB_L18_SWIGLU_BEGIN
[SwiGLU] width=27648 batch=2 n=55296 nbytes=221184
[SwiGLU] buf g(id=479 size=221184) u(id=480 size=221184) o(id=481 size=221184) d(id=482 size=4)
[SwiGLU] dispatch op=1 width=27648 batch=2
[SwiGLU] download n=55296
FSB_L18_SWIGLU_END
FSB_L18_DOWN_BEGIN
FSB_L18_DOWN_END
FSB_L18_FFN_END
FSB_L18_EXIT
FSB_L19_ENTER
FSB_L19_ATTN_NORM_BEGIN
FSB_L19_ATTN_NORM_END
FSB_L19_QKV_BEGIN
FSB_L19_QKV_CPU_FALLBACK
FSB_L19_QKV_END
FSB_L19_ROPE_KV_BEGIN b=0
FSB_L19_ROPE_KV_BEGIN b=1
FSB_L19_ROPE_KV_END
FSB_L19_ATTN_BEGIN
FSB_L19_ATTN_END
FSB_L19_OPROJ_BEGIN
FSB_L19_OPROJ_END
FSB_L19_FFN_NORM_BEGIN
FSB_L19_FFN_NORM_END
FSB_L19_FFN_BEGIN
FSB_L19_FFN_CPU_FALLBACK
FSB_L19_SWIGLU_BEGIN
[SwiGLU] width=27648 batch=2 n=55296 nbytes=221184
[SwiGLU] buf g(id=479 size=221184) u(id=480 size=221184) o(id=481 size=221184) d(id=482 size=4)
[SwiGLU] dispatch op=1 width=27648 batch=2
[SwiGLU] download n=55296
FSB_L19_SWIGLU_END
FSB_L19_DOWN_BEGIN
FSB_L19_DOWN_END
FSB_L19_FFN_END
FSB_L19_EXIT
FSB_L20_ENTER
FSB_L20_ATTN_NORM_BEGIN
FSB_L20_ATTN_NORM_END
FSB_L20_QKV_BEGIN
FSB_L20_QKV_CPU_FALLBACK
FSB_L20_QKV_END
FSB_L20_ROPE_KV_BEGIN b=0
FSB_L20_ROPE_KV_BEGIN b=1
FSB_L20_ROPE_KV_END
FSB_L20_ATTN_BEGIN
FSB_L20_ATTN_END
FSB_L20_OPROJ_BEGIN
FSB_L20_OPROJ_END
FSB_L20_FFN_NORM_BEGIN
FSB_L20_FFN_NORM_END
FSB_L20_FFN_BEGIN
FSB_L20_FFN_CPU_FALLBACK
FSB_L20_SWIGLU_BEGIN
[SwiGLU] width=27648 batch=2 n=55296 nbytes=221184
[SwiGLU] buf g(id=479 size=221184) u(id=480 size=221184) o(id=481 size=221184) d(id=482 size=4)
[SwiGLU] dispatch op=1 width=27648 batch=2
[SwiGLU] download n=55296
FSB_L20_SWIGLU_END
FSB_L20_DOWN_BEGIN
FSB_L20_DOWN_END
FSB_L20_FFN_END
FSB_L20_EXIT
FSB_L21_ENTER
FSB_L21_ATTN_NORM_BEGIN
FSB_L21_ATTN_NORM_END
FSB_L21_QKV_BEGIN
FSB_L21_QKV_CPU_FALLBACK
FSB_L21_QKV_END
FSB_L21_ROPE_KV_BEGIN b=0
FSB_L21_ROPE_KV_BEGIN b=1
FSB_L21_ROPE_KV_END
FSB_L21_ATTN_BEGIN
FSB_L21_ATTN_END
FSB_L21_OPROJ_BEGIN
FSB_L21_OPROJ_END
FSB_L21_FFN_NORM_BEGIN
FSB_L21_FFN_NORM_END
FSB_L21_FFN_BEGIN
FSB_L21_FFN_CPU_FALLBACK
FSB_L21_SWIGLU_BEGIN
[SwiGLU] width=27648 batch=2 n=55296 nbytes=221184
[SwiGLU] buf g(id=479 size=221184) u(id=480 size=221184) o(id=481 size=221184) d(id=482 size=4)
[SwiGLU] dispatch op=1 width=27648 batch=2
[SwiGLU] download n=55296
FSB_L21_SWIGLU_END
FSB_L21_DOWN_BEGIN
FSB_L21_DOWN_END
FSB_L21_FFN_END
FSB_L21_EXIT
FSB_L22_ENTER
FSB_L22_ATTN_NORM_BEGIN
FSB_L22_ATTN_NORM_END
FSB_L22_QKV_BEGIN
FSB_L22_QKV_CPU_FALLBACK
FSB_L22_QKV_END
FSB_L22_ROPE_KV_BEGIN b=0
FSB_L22_ROPE_KV_BEGIN b=1
FSB_L22_ROPE_KV_END
FSB_L22_ATTN_BEGIN
FSB_L22_ATTN_END
FSB_L22_OPROJ_BEGIN
FSB_L22_OPROJ_END
FSB_L22_FFN_NORM_BEGIN
FSB_L22_FFN_NORM_END
FSB_L22_FFN_BEGIN
FSB_L22_FFN_CPU_FALLBACK
FSB_L22_SWIGLU_BEGIN
[SwiGLU] width=27648 batch=2 n=55296 nbytes=221184
[SwiGLU] buf g(id=479 size=221184) u(id=480 size=221184) o(id=481 size=221184) d(id=482 size=4)
[SwiGLU] dispatch op=1 width=27648 batch=2
[SwiGLU] download n=55296
FSB_L22_SWIGLU_END
FSB_L22_DOWN_BEGIN
FSB_L22_DOWN_END
FSB_L22_FFN_END
FSB_L22_EXIT
FSB_L23_ENTER
FSB_L23_ATTN_NORM_BEGIN
FSB_L23_ATTN_NORM_END
FSB_L23_QKV_BEGIN
FSB_L23_QKV_CPU_FALLBACK
FSB_L23_QKV_END
FSB_L23_ROPE_KV_BEGIN b=0
FSB_L23_ROPE_KV_BEGIN b=1
FSB_L23_ROPE_KV_END
FSB_L23_ATTN_BEGIN
FSB_L23_ATTN_END
FSB_L23_OPROJ_BEGIN
FSB_L23_OPROJ_END
FSB_L23_FFN_NORM_BEGIN
FSB_L23_FFN_NORM_END
FSB_L23_FFN_BEGIN
FSB_L23_FFN_CPU_FALLBACK
FSB_L23_SWIGLU_BEGIN
[SwiGLU] width=27648 batch=2 n=55296 nbytes=221184
[SwiGLU] buf g(id=479 size=221184) u(id=480 size=221184) o(id=481 size=221184) d(id=482 size=4)
[SwiGLU] dispatch op=1 width=27648 batch=2
[SwiGLU] download n=55296
FSB_L23_SWIGLU_END
FSB_L23_DOWN_BEGIN
FSB_L23_DOWN_END
FSB_L23_FFN_END
FSB_L23_EXIT
FSB_L24_ENTER
FSB_L24_ATTN_NORM_BEGIN
FSB_L24_ATTN_NORM_END
FSB_L24_QKV_BEGIN
FSB_L24_QKV_CPU_FALLBACK
FSB_L24_QKV_END
FSB_L24_ROPE_KV_BEGIN b=0
FSB_L24_ROPE_KV_BEGIN b=1
FSB_L24_ROPE_KV_END
FSB_L24_ATTN_BEGIN
FSB_L24_ATTN_END
FSB_L24_OPROJ_BEGIN
FSB_L24_OPROJ_END
FSB_L24_FFN_NORM_BEGIN
FSB_L24_FFN_NORM_END
FSB_L24_FFN_BEGIN
FSB_L24_FFN_CPU_FALLBACK
FSB_L24_SWIGLU_BEGIN
[SwiGLU] width=27648 batch=2 n=55296 nbytes=221184
[SwiGLU] buf g(id=479 size=221184) u(id=480 size=221184) o(id=481 size=221184) d(id=482 size=4)
[SwiGLU] dispatch op=1 width=27648 batch=2
[SwiGLU] download n=55296
FSB_L24_SWIGLU_END
FSB_L24_DOWN_BEGIN
FSB_L24_DOWN_END
FSB_L24_FFN_END
FSB_L24_EXIT
FSB_L25_ENTER
FSB_L25_ATTN_NORM_BEGIN
FSB_L25_ATTN_NORM_END
FSB_L25_QKV_BEGIN
FSB_L25_QKV_CPU_FALLBACK
FSB_L25_QKV_END
FSB_L25_ROPE_KV_BEGIN b=0
FSB_L25_ROPE_KV_BEGIN b=1
FSB_L25_ROPE_KV_END
FSB_L25_ATTN_BEGIN
FSB_L25_ATTN_END
FSB_L25_OPROJ_BEGIN
FSB_L25_OPROJ_END
FSB_L25_FFN_NORM_BEGIN
FSB_L25_FFN_NORM_END
FSB_L25_FFN_BEGIN
FSB_L25_FFN_CPU_FALLBACK
FSB_L25_SWIGLU_BEGIN
[SwiGLU] width=27648 batch=2 n=55296 nbytes=221184
[SwiGLU] buf g(id=479 size=221184) u(id=480 size=221184) o(id=481 size=221184) d(id=482 size=4)
[SwiGLU] dispatch op=1 width=27648 batch=2
[SwiGLU] download n=55296
FSB_L25_SWIGLU_END
FSB_L25_DOWN_BEGIN
FSB_L25_DOWN_END
FSB_L25_FFN_END
FSB_L25_EXIT
FSB_L26_ENTER
FSB_L26_ATTN_NORM_BEGIN
FSB_L26_ATTN_NORM_END
FSB_L26_QKV_BEGIN
FSB_L26_QKV_CPU_FALLBACK
FSB_L26_QKV_END
FSB_L26_ROPE_KV_BEGIN b=0
FSB_L26_ROPE_KV_BEGIN b=1
FSB_L26_ROPE_KV_END
FSB_L26_ATTN_BEGIN
FSB_L26_ATTN_END
FSB_L26_OPROJ_BEGIN
FSB_L26_OPROJ_END
FSB_L26_FFN_NORM_BEGIN
FSB_L26_FFN_NORM_END
FSB_L26_FFN_BEGIN
FSB_L26_FFN_CPU_FALLBACK
FSB_L26_SWIGLU_BEGIN
[SwiGLU] width=27648 batch=2 n=55296 nbytes=221184
[SwiGLU] buf g(id=479 size=221184) u(id=480 size=221184) o(id=481 size=221184) d(id=482 size=4)
[SwiGLU] dispatch op=1 width=27648 batch=2
[SwiGLU] download n=55296
FSB_L26_SWIGLU_END
FSB_L26_DOWN_BEGIN
FSB_L26_DOWN_END
FSB_L26_FFN_END
FSB_L26_EXIT
FSB_L27_ENTER
FSB_L27_ATTN_NORM_BEGIN
FSB_L27_ATTN_NORM_END
FSB_L27_QKV_BEGIN
FSB_L27_QKV_CPU_FALLBACK
FSB_L27_QKV_END
FSB_L27_ROPE_KV_BEGIN b=0
FSB_L27_ROPE_KV_BEGIN b=1
FSB_L27_ROPE_KV_END
FSB_L27_ATTN_BEGIN
FSB_L27_ATTN_END
FSB_L27_OPROJ_BEGIN
FSB_L27_OPROJ_END
FSB_L27_FFN_NORM_BEGIN
FSB_L27_FFN_NORM_END
FSB_L27_FFN_BEGIN
FSB_L27_FFN_CPU_FALLBACK
FSB_L27_SWIGLU_BEGIN
[SwiGLU] width=27648 batch=2 n=55296 nbytes=221184
[SwiGLU] buf g(id=479 size=221184) u(id=480 size=221184) o(id=481 size=221184) d(id=482 size=4)
[SwiGLU] dispatch op=1 width=27648 batch=2
[SwiGLU] download n=55296
FSB_L27_SWIGLU_END
FSB_L27_DOWN_BEGIN
FSB_L27_DOWN_END
FSB_L27_FFN_END
FSB_L27_EXIT
FSB_L28_ENTER
FSB_L28_ATTN_NORM_BEGIN
FSB_L28_ATTN_NORM_END
FSB_L28_QKV_BEGIN
FSB_L28_QKV_CPU_FALLBACK
FSB_L28_QKV_END
FSB_L28_ROPE_KV_BEGIN b=0
FSB_L28_ROPE_KV_BEGIN b=1
FSB_L28_ROPE_KV_END
FSB_L28_ATTN_BEGIN
FSB_L28_ATTN_END
FSB_L28_OPROJ_BEGIN
FSB_L28_OPROJ_END
FSB_L28_FFN_NORM_BEGIN
FSB_L28_FFN_NORM_END
FSB_L28_FFN_BEGIN
FSB_L28_FFN_CPU_FALLBACK
FSB_L28_SWIGLU_BEGIN
[SwiGLU] width=27648 batch=2 n=55296 nbytes=221184
[SwiGLU] buf g(id=479 size=221184) u(id=480 size=221184) o(id=481 size=221184) d(id=482 size=4)
[SwiGLU] dispatch op=1 width=27648 batch=2
[SwiGLU] download n=55296
FSB_L28_SWIGLU_END
FSB_L28_DOWN_BEGIN
FSB_L28_DOWN_END
FSB_L28_FFN_END
FSB_L28_EXIT
FSB_L29_ENTER
FSB_L29_ATTN_NORM_BEGIN
FSB_L29_ATTN_NORM_END
FSB_L29_QKV_BEGIN
FSB_L29_QKV_CPU_FALLBACK
FSB_L29_QKV_END
FSB_L29_ROPE_KV_BEGIN b=0
FSB_L29_ROPE_KV_BEGIN b=1
FSB_L29_ROPE_KV_END
FSB_L29_ATTN_BEGIN
FSB_L29_ATTN_END
FSB_L29_OPROJ_BEGIN
FSB_L29_OPROJ_END
FSB_L29_FFN_NORM_BEGIN
FSB_L29_FFN_NORM_END
FSB_L29_FFN_BEGIN
FSB_L29_FFN_CPU_FALLBACK
FSB_L29_SWIGLU_BEGIN
[SwiGLU] width=27648 batch=2 n=55296 nbytes=221184
[SwiGLU] buf g(id=479 size=221184) u(id=480 size=221184) o(id=481 size=221184) d(id=482 size=4)
[SwiGLU] dispatch op=1 width=27648 batch=2
[SwiGLU] download n=55296
FSB_L29_SWIGLU_END
FSB_L29_DOWN_BEGIN
FSB_L29_DOWN_END
FSB_L29_FFN_END
FSB_L29_EXIT
FSB_L30_ENTER
FSB_L30_ATTN_NORM_BEGIN
FSB_L30_ATTN_NORM_END
FSB_L30_QKV_BEGIN
FSB_L30_QKV_CPU_FALLBACK
FSB_L30_QKV_END
FSB_L30_ROPE_KV_BEGIN b=0
FSB_L30_ROPE_KV_BEGIN b=1
FSB_L30_ROPE_KV_END
FSB_L30_ATTN_BEGIN
FSB_L30_ATTN_END
FSB_L30_OPROJ_BEGIN
FSB_L30_OPROJ_END
FSB_L30_FFN_NORM_BEGIN
FSB_L30_FFN_NORM_END
FSB_L30_FFN_BEGIN
FSB_L30_FFN_CPU_FALLBACK
FSB_L30_SWIGLU_BEGIN
[SwiGLU] width=27648 batch=2 n=55296 nbytes=221184
[SwiGLU] buf g(id=479 size=221184) u(id=480 size=221184) o(id=481 size=221184) d(id=482 size=4)
[SwiGLU] dispatch op=1 width=27648 batch=2
[SwiGLU] download n=55296
FSB_L30_SWIGLU_END
FSB_L30_DOWN_BEGIN
FSB_L30_DOWN_END
FSB_L30_FFN_END
FSB_L30_EXIT
FSB_L31_ENTER
FSB_L31_ATTN_NORM_BEGIN
FSB_L31_ATTN_NORM_END
FSB_L31_QKV_BEGIN
FSB_L31_QKV_CPU_FALLBACK
FSB_L31_QKV_END
FSB_L31_ROPE_KV_BEGIN b=0
FSB_L31_ROPE_KV_BEGIN b=1
FSB_L31_ROPE_KV_END
FSB_L31_ATTN_BEGIN
FSB_L31_ATTN_END
FSB_L31_OPROJ_BEGIN
FSB_L31_OPROJ_END
FSB_L31_FFN_NORM_BEGIN
FSB_L31_FFN_NORM_END
FSB_L31_FFN_BEGIN
FSB_L31_FFN_CPU_FALLBACK
FSB_L31_SWIGLU_BEGIN
[SwiGLU] width=27648 batch=2 n=55296 nbytes=221184
[SwiGLU] buf g(id=479 size=221184) u(id=480 size=221184) o(id=481 size=221184) d(id=482 size=4)
[SwiGLU] dispatch op=1 width=27648 batch=2
[SwiGLU] download n=55296
FSB_L31_SWIGLU_END
FSB_L31_DOWN_BEGIN
FSB_L31_DOWN_END
FSB_L31_FFN_END
FSB_L31_EXIT
FSB_L32_ENTER
FSB_L32_ATTN_NORM_BEGIN
FSB_L32_ATTN_NORM_END
FSB_L32_QKV_BEGIN
FSB_L32_QKV_CPU_FALLBACK
FSB_L32_QKV_END
FSB_L32_ROPE_KV_BEGIN b=0
FSB_L32_ROPE_KV_BEGIN b=1
FSB_L32_ROPE_KV_END
FSB_L32_ATTN_BEGIN
FSB_L32_ATTN_END
FSB_L32_OPROJ_BEGIN
FSB_L32_OPROJ_END
FSB_L32_FFN_NORM_BEGIN
FSB_L32_FFN_NORM_END
FSB_L32_FFN_BEGIN
FSB_L32_FFN_CPU_FALLBACK
FSB_L32_SWIGLU_BEGIN
[SwiGLU] width=27648 batch=2 n=55296 nbytes=221184
[SwiGLU] buf g(id=479 size=221184) u(id=480 size=221184) o(id=481 size=221184) d(id=482 size=4)
[SwiGLU] dispatch op=1 width=27648 batch=2
[SwiGLU] download n=55296
FSB_L32_SWIGLU_END
FSB_L32_DOWN_BEGIN
FSB_L32_DOWN_END
FSB_L32_FFN_END
FSB_L32_EXIT
FSB_L33_ENTER
FSB_L33_ATTN_NORM_BEGIN
FSB_L33_ATTN_NORM_END
FSB_L33_QKV_BEGIN
FSB_L33_QKV_CPU_FALLBACK
FSB_L33_QKV_END
FSB_L33_ROPE_KV_BEGIN b=0
FSB_L33_ROPE_KV_BEGIN b=1
FSB_L33_ROPE_KV_END
FSB_L33_ATTN_BEGIN
FSB_L33_ATTN_END
FSB_L33_OPROJ_BEGIN
FSB_L33_OPROJ_END
FSB_L33_FFN_NORM_BEGIN
FSB_L33_FFN_NORM_END
FSB_L33_FFN_BEGIN
FSB_L33_FFN_CPU_FALLBACK
FSB_L33_SWIGLU_BEGIN
[SwiGLU] width=27648 batch=2 n=55296 nbytes=221184
[SwiGLU] buf g(id=479 size=221184) u(id=480 size=221184) o(id=481 size=221184) d(id=482 size=4)
[SwiGLU] dispatch op=1 width=27648 batch=2
[SwiGLU] download n=55296
FSB_L33_SWIGLU_END
FSB_L33_DOWN_BEGIN
FSB_L33_DOWN_END
FSB_L33_FFN_END
FSB_L33_EXIT
FSB_L34_ENTER
FSB_L34_ATTN_NORM_BEGIN
FSB_L34_ATTN_NORM_END
FSB_L34_QKV_BEGIN
FSB_L34_QKV_CPU_FALLBACK
FSB_L34_QKV_END
FSB_L34_ROPE_KV_BEGIN b=0
FSB_L34_ROPE_KV_BEGIN b=1
FSB_L34_ROPE_KV_END
FSB_L34_ATTN_BEGIN
FSB_L34_ATTN_END
FSB_L34_OPROJ_BEGIN
FSB_L34_OPROJ_END
FSB_L34_FFN_NORM_BEGIN
FSB_L34_FFN_NORM_END
FSB_L34_FFN_BEGIN
FSB_L34_FFN_CPU_FALLBACK
FSB_L34_SWIGLU_BEGIN
[SwiGLU] width=27648 batch=2 n=55296 nbytes=221184
[SwiGLU] buf g(id=479 size=221184) u(id=480 size=221184) o(id=481 size=221184) d(id=482 size=4)
[SwiGLU] dispatch op=1 width=27648 batch=2
[SwiGLU] download n=55296
FSB_L34_SWIGLU_END
FSB_L34_DOWN_BEGIN
FSB_L34_DOWN_END
FSB_L34_FFN_END
FSB_L34_EXIT
FSB_L35_ENTER
FSB_L35_ATTN_NORM_BEGIN
FSB_L35_ATTN_NORM_END
FSB_L35_QKV_BEGIN
FSB_L35_QKV_CPU_FALLBACK
FSB_L35_QKV_END
FSB_L35_ROPE_KV_BEGIN b=0
FSB_L35_ROPE_KV_BEGIN b=1
FSB_L35_ROPE_KV_END
FSB_L35_ATTN_BEGIN
FSB_L35_ATTN_END
FSB_L35_OPROJ_BEGIN
FSB_L35_OPROJ_END
FSB_L35_FFN_NORM_BEGIN
FSB_L35_FFN_NORM_END
FSB_L35_FFN_BEGIN
FSB_L35_FFN_CPU_FALLBACK
FSB_L35_SWIGLU_BEGIN
[SwiGLU] width=27648 batch=2 n=55296 nbytes=221184
[SwiGLU] buf g(id=479 size=221184) u(id=480 size=221184) o(id=481 size=221184) d(id=482 size=4)
[SwiGLU] dispatch op=1 width=27648 batch=2
[SwiGLU] download n=55296
FSB_L35_SWIGLU_END
FSB_L35_DOWN_BEGIN
FSB_L35_DOWN_END
FSB_L35_FFN_END
FSB_L35_EXIT
FSB_L36_ENTER
FSB_L36_ATTN_NORM_BEGIN
FSB_L36_ATTN_NORM_END
FSB_L36_QKV_BEGIN
FSB_L36_QKV_CPU_FALLBACK
FSB_L36_QKV_END
FSB_L36_ROPE_KV_BEGIN b=0
FSB_L36_ROPE_KV_BEGIN b=1
FSB_L36_ROPE_KV_END
FSB_L36_ATTN_BEGIN
FSB_L36_ATTN_END
FSB_L36_OPROJ_BEGIN
FSB_L36_OPROJ_END
FSB_L36_FFN_NORM_BEGIN
FSB_L36_FFN_NORM_END
FSB_L36_FFN_BEGIN
FSB_L36_FFN_CPU_FALLBACK
FSB_L36_SWIGLU_BEGIN
[SwiGLU] width=27648 batch=2 n=55296 nbytes=221184
[SwiGLU] buf g(id=479 size=221184) u(id=480 size=221184) o(id=481 size=221184) d(id=482 size=4)
[SwiGLU] dispatch op=1 width=27648 batch=2
[SwiGLU] download n=55296
FSB_L36_SWIGLU_END
FSB_L36_DOWN_BEGIN
FSB_L36_DOWN_END
FSB_L36_FFN_END
FSB_L36_EXIT
FSB_L37_ENTER
FSB_L37_ATTN_NORM_BEGIN
FSB_L37_ATTN_NORM_END
FSB_L37_QKV_BEGIN
FSB_L37_QKV_CPU_FALLBACK
FSB_L37_QKV_END
FSB_L37_ROPE_KV_BEGIN b=0
FSB_L37_ROPE_KV_BEGIN b=1
FSB_L37_ROPE_KV_END
FSB_L37_ATTN_BEGIN
FSB_L37_ATTN_END
FSB_L37_OPROJ_BEGIN
FSB_L37_OPROJ_END
FSB_L37_FFN_NORM_BEGIN
FSB_L37_FFN_NORM_END
FSB_L37_FFN_BEGIN
FSB_L37_FFN_CPU_FALLBACK
FSB_L37_SWIGLU_BEGIN
[SwiGLU] width=27648 batch=2 n=55296 nbytes=221184
[SwiGLU] buf g(id=479 size=221184) u(id=480 size=221184) o(id=481 size=221184) d(id=482 size=4)
[SwiGLU] dispatch op=1 width=27648 batch=2
[SwiGLU] download n=55296
FSB_L37_SWIGLU_END
FSB_L37_DOWN_BEGIN
FSB_L37_DOWN_END
FSB_L37_FFN_END
FSB_L37_EXIT
FSB_L38_ENTER
FSB_L38_ATTN_NORM_BEGIN
FSB_L38_ATTN_NORM_END
FSB_L38_QKV_BEGIN
FSB_L38_QKV_CPU_FALLBACK
FSB_L38_QKV_END
FSB_L38_ROPE_KV_BEGIN b=0
FSB_L38_ROPE_KV_BEGIN b=1
FSB_L38_ROPE_KV_END
FSB_L38_ATTN_BEGIN
FSB_L38_ATTN_END
FSB_L38_OPROJ_BEGIN
FSB_L38_OPROJ_END
FSB_L38_FFN_NORM_BEGIN
FSB_L38_FFN_NORM_END
FSB_L38_FFN_BEGIN
FSB_L38_FFN_CPU_FALLBACK
FSB_L38_SWIGLU_BEGIN
[SwiGLU] width=27648 batch=2 n=55296 nbytes=221184
[SwiGLU] buf g(id=479 size=221184) u(id=480 size=221184) o(id=481 size=221184) d(id=482 size=4)
[SwiGLU] dispatch op=1 width=27648 batch=2
[SwiGLU] download n=55296
FSB_L38_SWIGLU_END
FSB_L38_DOWN_BEGIN
FSB_L38_DOWN_END
FSB_L38_FFN_END
FSB_L38_EXIT
FSB_L39_ENTER
FSB_L39_ATTN_NORM_BEGIN
FSB_L39_ATTN_NORM_END
FSB_L39_QKV_BEGIN
FSB_L39_QKV_CPU_FALLBACK
FSB_L39_QKV_END
FSB_L39_ROPE_KV_BEGIN b=0
FSB_L39_ROPE_KV_BEGIN b=1
FSB_L39_ROPE_KV_END
FSB_L39_ATTN_BEGIN
FSB_L39_ATTN_END
FSB_L39_OPROJ_BEGIN
FSB_L39_OPROJ_END
FSB_L39_FFN_NORM_BEGIN
FSB_L39_FFN_NORM_END
FSB_L39_FFN_BEGIN
FSB_L39_FFN_CPU_FALLBACK
FSB_L39_SWIGLU_BEGIN
[SwiGLU] width=27648 batch=2 n=55296 nbytes=221184
[SwiGLU] buf g(id=479 size=221184) u(id=480 size=221184) o(id=481 size=221184) d(id=482 size=4)
[SwiGLU] dispatch op=1 width=27648 batch=2
[SwiGLU] download n=55296
FSB_L39_SWIGLU_END
FSB_L39_DOWN_BEGIN
FSB_L39_DOWN_END
FSB_L39_FFN_END
FSB_L39_EXIT
FSB_L40_ENTER
FSB_L40_ATTN_NORM_BEGIN
FSB_L40_ATTN_NORM_END
FSB_L40_QKV_BEGIN
FSB_L40_QKV_CPU_FALLBACK
FSB_L40_QKV_END
FSB_L40_ROPE_KV_BEGIN b=0
FSB_L40_ROPE_KV_BEGIN b=1
FSB_L40_ROPE_KV_END
FSB_L40_ATTN_BEGIN
FSB_L40_ATTN_END
FSB_L40_OPROJ_BEGIN
FSB_L40_OPROJ_END
FSB_L40_FFN_NORM_BEGIN
FSB_L40_FFN_NORM_END
FSB_L40_FFN_BEGIN
FSB_L40_FFN_CPU_FALLBACK
FSB_L40_SWIGLU_BEGIN
[SwiGLU] width=27648 batch=2 n=55296 nbytes=221184
[SwiGLU] buf g(id=479 size=221184) u(id=480 size=221184) o(id=481 size=221184) d(id=482 size=4)
[SwiGLU] dispatch op=1 width=27648 batch=2
[SwiGLU] download n=55296
FSB_L40_SWIGLU_END
FSB_L40_DOWN_BEGIN
FSB_L40_DOWN_END
FSB_L40_FFN_END
FSB_L40_EXIT
FSB_L41_ENTER
FSB_L41_ATTN_NORM_BEGIN
FSB_L41_ATTN_NORM_END
FSB_L41_QKV_BEGIN
FSB_L41_QKV_CPU_FALLBACK
FSB_L41_QKV_END
FSB_L41_ROPE_KV_BEGIN b=0
FSB_L41_ROPE_KV_BEGIN b=1
FSB_L41_ROPE_KV_END
FSB_L41_ATTN_BEGIN
FSB_L41_ATTN_END
FSB_L41_OPROJ_BEGIN
FSB_L41_OPROJ_END
FSB_L41_FFN_NORM_BEGIN
FSB_L41_FFN_NORM_END
FSB_L41_FFN_BEGIN
FSB_L41_FFN_CPU_FALLBACK
FSB_L41_SWIGLU_BEGIN
[SwiGLU] width=27648 batch=2 n=55296 nbytes=221184
[SwiGLU] buf g(id=479 size=221184) u(id=480 size=221184) o(id=481 size=221184) d(id=482 size=4)
[SwiGLU] dispatch op=1 width=27648 batch=2
[SwiGLU] download n=55296
FSB_L41_SWIGLU_END
FSB_L41_DOWN_BEGIN
FSB_L41_DOWN_END
FSB_L41_FFN_END
FSB_L41_EXIT
FSB_L42_ENTER
FSB_L42_ATTN_NORM_BEGIN
FSB_L42_ATTN_NORM_END
FSB_L42_QKV_BEGIN
FSB_L42_QKV_CPU_FALLBACK
FSB_L42_QKV_END
FSB_L42_ROPE_KV_BEGIN b=0
FSB_L42_ROPE_KV_BEGIN b=1
FSB_L42_ROPE_KV_END
FSB_L42_ATTN_BEGIN
FSB_L42_ATTN_END
FSB_L42_OPROJ_BEGIN
FSB_L42_OPROJ_END
FSB_L42_FFN_NORM_BEGIN
FSB_L42_FFN_NORM_END
FSB_L42_FFN_BEGIN
FSB_L42_FFN_CPU_FALLBACK
FSB_L42_SWIGLU_BEGIN
[SwiGLU] width=27648 batch=2 n=55296 nbytes=221184
[SwiGLU] buf g(id=479 size=221184) u(id=480 size=221184) o(id=481 size=221184) d(id=482 size=4)
[SwiGLU] dispatch op=1 width=27648 batch=2
[SwiGLU] download n=55296
FSB_L42_SWIGLU_END
FSB_L42_DOWN_BEGIN
FSB_L42_DOWN_END
FSB_L42_FFN_END
FSB_L42_EXIT
FSB_L43_ENTER
FSB_L43_ATTN_NORM_BEGIN
FSB_L43_ATTN_NORM_END
FSB_L43_QKV_BEGIN
FSB_L43_QKV_CPU_FALLBACK
FSB_L43_QKV_END
FSB_L43_ROPE_KV_BEGIN b=0
FSB_L43_ROPE_KV_BEGIN b=1
FSB_L43_ROPE_KV_END
FSB_L43_ATTN_BEGIN
FSB_L43_ATTN_END
FSB_L43_OPROJ_BEGIN
FSB_L43_OPROJ_END
FSB_L43_FFN_NORM_BEGIN
FSB_L43_FFN_NORM_END
FSB_L43_FFN_BEGIN
FSB_L43_FFN_CPU_FALLBACK
FSB_L43_SWIGLU_BEGIN
[SwiGLU] width=27648 batch=2 n=55296 nbytes=221184
[SwiGLU] buf g(id=479 size=221184) u(id=480 size=221184) o(id=481 size=221184) d(id=482 size=4)
[SwiGLU] dispatch op=1 width=27648 batch=2
[SwiGLU] download n=55296
FSB_L43_SWIGLU_END
FSB_L43_DOWN_BEGIN
FSB_L43_DOWN_END
FSB_L43_FFN_END
FSB_L43_EXIT
FSB_L44_ENTER
FSB_L44_ATTN_NORM_BEGIN
FSB_L44_ATTN_NORM_END
FSB_L44_QKV_BEGIN
FSB_L44_QKV_CPU_FALLBACK
FSB_L44_QKV_END
FSB_L44_ROPE_KV_BEGIN b=0
FSB_L44_ROPE_KV_BEGIN b=1
FSB_L44_ROPE_KV_END
FSB_L44_ATTN_BEGIN
FSB_L44_ATTN_END
FSB_L44_OPROJ_BEGIN
FSB_L44_OPROJ_END
FSB_L44_FFN_NORM_BEGIN
FSB_L44_FFN_NORM_END
FSB_L44_FFN_BEGIN
FSB_L44_FFN_CPU_FALLBACK
FSB_L44_SWIGLU_BEGIN
[SwiGLU] width=27648 batch=2 n=55296 nbytes=221184
[SwiGLU] buf g(id=479 size=221184) u(id=480 size=221184) o(id=481 size=221184) d(id=482 size=4)
[SwiGLU] dispatch op=1 width=27648 batch=2
[SwiGLU] download n=55296
FSB_L44_SWIGLU_END
FSB_L44_DOWN_BEGIN
FSB_L44_DOWN_END
FSB_L44_FFN_END
FSB_L44_EXIT
FSB_L45_ENTER
FSB_L45_ATTN_NORM_BEGIN
FSB_L45_ATTN_NORM_END
FSB_L45_QKV_BEGIN
FSB_L45_QKV_CPU_FALLBACK
FSB_L45_QKV_END
FSB_L45_ROPE_KV_BEGIN b=0
FSB_L45_ROPE_KV_BEGIN b=1
FSB_L45_ROPE_KV_END
FSB_L45_ATTN_BEGIN
FSB_L45_ATTN_END
FSB_L45_OPROJ_BEGIN
FSB_L45_OPROJ_END
FSB_L45_FFN_NORM_BEGIN
FSB_L45_FFN_NORM_END
FSB_L45_FFN_BEGIN
FSB_L45_FFN_CPU_FALLBACK
FSB_L45_SWIGLU_BEGIN
[SwiGLU] width=27648 batch=2 n=55296 nbytes=221184
[SwiGLU] buf g(id=479 size=221184) u(id=480 size=221184) o(id=481 size=221184) d(id=482 size=4)
[SwiGLU] dispatch op=1 width=27648 batch=2
[SwiGLU] download n=55296
FSB_L45_SWIGLU_END
FSB_L45_DOWN_BEGIN
FSB_L45_DOWN_END
FSB_L45_FFN_END
FSB_L45_EXIT
FSB_L46_ENTER
FSB_L46_ATTN_NORM_BEGIN
FSB_L46_ATTN_NORM_END
FSB_L46_QKV_BEGIN
FSB_L46_QKV_CPU_FALLBACK
FSB_L46_QKV_END
FSB_L46_ROPE_KV_BEGIN b=0
FSB_L46_ROPE_KV_BEGIN b=1
FSB_L46_ROPE_KV_END
FSB_L46_ATTN_BEGIN
FSB_L46_ATTN_END
FSB_L46_OPROJ_BEGIN
FSB_L46_OPROJ_END
FSB_L46_FFN_NORM_BEGIN
FSB_L46_FFN_NORM_END
FSB_L46_FFN_BEGIN
FSB_L46_FFN_CPU_FALLBACK
FSB_L46_SWIGLU_BEGIN
[SwiGLU] width=27648 batch=2 n=55296 nbytes=221184
[SwiGLU] buf g(id=479 size=221184) u(id=480 size=221184) o(id=481 size=221184) d(id=482 size=4)
[SwiGLU] dispatch op=1 width=27648 batch=2
[SwiGLU] download n=55296
FSB_L46_SWIGLU_END
FSB_L46_DOWN_BEGIN
FSB_L46_DOWN_END
FSB_L46_FFN_END
FSB_L46_EXIT
FSB_L47_ENTER
FSB_L47_ATTN_NORM_BEGIN
FSB_L47_ATTN_NORM_END
FSB_L47_QKV_BEGIN
FSB_L47_QKV_CPU_FALLBACK
FSB_L47_QKV_END
FSB_L47_ROPE_KV_BEGIN b=0
FSB_L47_ROPE_KV_BEGIN b=1
FSB_L47_ROPE_KV_END
FSB_L47_ATTN_BEGIN
FSB_L47_ATTN_END
FSB_L47_OPROJ_BEGIN
FSB_L47_OPROJ_END
FSB_L47_FFN_NORM_BEGIN
FSB_L47_FFN_NORM_END
FSB_L47_FFN_BEGIN
FSB_L47_FFN_CPU_FALLBACK
FSB_L47_SWIGLU_BEGIN
[SwiGLU] width=27648 batch=2 n=55296 nbytes=221184
[SwiGLU] buf g(id=479 size=221184) u(id=480 size=221184) o(id=481 size=221184) d(id=482 size=4)
[SwiGLU] dispatch op=1 width=27648 batch=2
[SwiGLU] download n=55296
FSB_L47_SWIGLU_END
FSB_L47_DOWN_BEGIN
FSB_L47_DOWN_END
FSB_L47_FFN_END
FSB_L47_EXIT
FSB_L48_ENTER
FSB_L48_ATTN_NORM_BEGIN
FSB_L48_ATTN_NORM_END
FSB_L48_QKV_BEGIN
FSB_L48_QKV_CPU_FALLBACK
FSB_L48_QKV_END
FSB_L48_ROPE_KV_BEGIN b=0
FSB_L48_ROPE_KV_BEGIN b=1
FSB_L48_ROPE_KV_END
FSB_L48_ATTN_BEGIN
FSB_L48_ATTN_END
FSB_L48_OPROJ_BEGIN
FSB_L48_OPROJ_END
FSB_L48_FFN_NORM_BEGIN
FSB_L48_FFN_NORM_END
FSB_L48_FFN_BEGIN
FSB_L48_FFN_CPU_FALLBACK
FSB_L48_SWIGLU_BEGIN
[SwiGLU] width=27648 batch=2 n=55296 nbytes=221184
[SwiGLU] buf g(id=479 size=221184) u(id=480 size=221184) o(id=481 size=221184) d(id=482 size=4)
[SwiGLU] dispatch op=1 width=27648 batch=2
[SwiGLU] download n=55296
FSB_L48_SWIGLU_END
FSB_L48_DOWN_BEGIN
FSB_L48_DOWN_END
FSB_L48_FFN_END
FSB_L48_EXIT
FSB_L49_ENTER
FSB_L49_ATTN_NORM_BEGIN
FSB_L49_ATTN_NORM_END
FSB_L49_QKV_BEGIN
FSB_L49_QKV_CPU_FALLBACK
FSB_L49_QKV_END
FSB_L49_ROPE_KV_BEGIN b=0
FSB_L49_ROPE_KV_BEGIN b=1
FSB_L49_ROPE_KV_END
FSB_L49_ATTN_BEGIN
FSB_L49_ATTN_END
FSB_L49_OPROJ_BEGIN
FSB_L49_OPROJ_END
FSB_L49_FFN_NORM_BEGIN
FSB_L49_FFN_NORM_END
FSB_L49_FFN_BEGIN
FSB_L49_FFN_CPU_FALLBACK
FSB_L49_SWIGLU_BEGIN
[SwiGLU] width=27648 batch=2 n=55296 nbytes=221184
[SwiGLU] buf g(id=479 size=221184) u(id=480 size=221184) o(id=481 size=221184) d(id=482 size=4)
[SwiGLU] dispatch op=1 width=27648 batch=2
[SwiGLU] download n=55296
FSB_L49_SWIGLU_END
FSB_L49_DOWN_BEGIN
FSB_L49_DOWN_END
FSB_L49_FFN_END
FSB_L49_EXIT
FSB_L50_ENTER
FSB_L50_ATTN_NORM_BEGIN
FSB_L50_ATTN_NORM_END
FSB_L50_QKV_BEGIN
FSB_L50_QKV_CPU_FALLBACK
FSB_L50_QKV_END
FSB_L50_ROPE_KV_BEGIN b=0
FSB_L50_ROPE_KV_BEGIN b=1
FSB_L50_ROPE_KV_END
FSB_L50_ATTN_BEGIN
FSB_L50_ATTN_END
FSB_L50_OPROJ_BEGIN
FSB_L50_OPROJ_END
FSB_L50_FFN_NORM_BEGIN
FSB_L50_FFN_NORM_END
FSB_L50_FFN_BEGIN
FSB_L50_FFN_CPU_FALLBACK
FSB_L50_SWIGLU_BEGIN
[SwiGLU] width=27648 batch=2 n=55296 nbytes=221184
[SwiGLU] buf g(id=479 size=221184) u(id=480 size=221184) o(id=481 size=221184) d(id=482 size=4)
[SwiGLU] dispatch op=1 width=27648 batch=2
[SwiGLU] download n=55296
FSB_L50_SWIGLU_END
FSB_L50_DOWN_BEGIN
FSB_L50_DOWN_END
FSB_L50_FFN_END
FSB_L50_EXIT
FSB_L51_ENTER
FSB_L51_ATTN_NORM_BEGIN
FSB_L51_ATTN_NORM_END
FSB_L51_QKV_BEGIN
FSB_L51_QKV_CPU_FALLBACK
FSB_L51_QKV_END
FSB_L51_ROPE_KV_BEGIN b=0
FSB_L51_ROPE_KV_BEGIN b=1
FSB_L51_ROPE_KV_END
FSB_L51_ATTN_BEGIN
FSB_L51_ATTN_END
FSB_L51_OPROJ_BEGIN
FSB_L51_OPROJ_END
FSB_L51_FFN_NORM_BEGIN
FSB_L51_FFN_NORM_END
FSB_L51_FFN_BEGIN
FSB_L51_FFN_CPU_FALLBACK
FSB_L51_SWIGLU_BEGIN
[SwiGLU] width=27648 batch=2 n=55296 nbytes=221184
[SwiGLU] buf g(id=479 size=221184) u(id=480 size=221184) o(id=481 size=221184) d(id=482 size=4)
[SwiGLU] dispatch op=1 width=27648 batch=2
[SwiGLU] download n=55296
FSB_L51_SWIGLU_END
FSB_L51_DOWN_BEGIN
FSB_L51_DOWN_END
FSB_L51_FFN_END
FSB_L51_EXIT
FSB_L52_ENTER
FSB_L52_ATTN_NORM_BEGIN
FSB_L52_ATTN_NORM_END
FSB_L52_QKV_BEGIN
FSB_L52_QKV_CPU_FALLBACK
FSB_L52_QKV_END
FSB_L52_ROPE_KV_BEGIN b=0
FSB_L52_ROPE_KV_BEGIN b=1
FSB_L52_ROPE_KV_END
FSB_L52_ATTN_BEGIN
FSB_L52_ATTN_END
FSB_L52_OPROJ_BEGIN
FSB_L52_OPROJ_END
FSB_L52_FFN_NORM_BEGIN
FSB_L52_FFN_NORM_END
FSB_L52_FFN_BEGIN
FSB_L52_FFN_CPU_FALLBACK
FSB_L52_SWIGLU_BEGIN
[SwiGLU] width=27648 batch=2 n=55296 nbytes=221184
[SwiGLU] buf g(id=479 size=221184) u(id=480 size=221184) o(id=481 size=221184) d(id=482 size=4)
[SwiGLU] dispatch op=1 width=27648 batch=2
[SwiGLU] download n=55296
FSB_L52_SWIGLU_END
FSB_L52_DOWN_BEGIN
FSB_L52_DOWN_END
FSB_L52_FFN_END
FSB_L52_EXIT
FSB_L53_ENTER
FSB_L53_ATTN_NORM_BEGIN
FSB_L53_ATTN_NORM_END
FSB_L53_QKV_BEGIN
FSB_L53_QKV_CPU_FALLBACK
FSB_L53_QKV_END
FSB_L53_ROPE_KV_BEGIN b=0
FSB_L53_ROPE_KV_BEGIN b=1
FSB_L53_ROPE_KV_END
FSB_L53_ATTN_BEGIN
FSB_L53_ATTN_END
FSB_L53_OPROJ_BEGIN
FSB_L53_OPROJ_END
FSB_L53_FFN_NORM_BEGIN
FSB_L53_FFN_NORM_END
FSB_L53_FFN_BEGIN
FSB_L53_FFN_CPU_FALLBACK
FSB_L53_SWIGLU_BEGIN
[SwiGLU] width=27648 batch=2 n=55296 nbytes=221184
[SwiGLU] buf g(id=479 size=221184) u(id=480 size=221184) o(id=481 size=221184) d(id=482 size=4)
[SwiGLU] dispatch op=1 width=27648 batch=2
[SwiGLU] download n=55296
FSB_L53_SWIGLU_END
FSB_L53_DOWN_BEGIN
FSB_L53_DOWN_END
FSB_L53_FFN_END
FSB_L53_EXIT
FSB_L54_ENTER
FSB_L54_ATTN_NORM_BEGIN
FSB_L54_ATTN_NORM_END
FSB_L54_QKV_BEGIN
FSB_L54_QKV_CPU_FALLBACK
FSB_L54_QKV_END
FSB_L54_ROPE_KV_BEGIN b=0
FSB_L54_ROPE_KV_BEGIN b=1
FSB_L54_ROPE_KV_END
FSB_L54_ATTN_BEGIN
FSB_L54_ATTN_END
FSB_L54_OPROJ_BEGIN
FSB_L54_OPROJ_END
FSB_L54_FFN_NORM_BEGIN
FSB_L54_FFN_NORM_END
FSB_L54_FFN_BEGIN
FSB_L54_FFN_CPU_FALLBACK
FSB_L54_SWIGLU_BEGIN
[SwiGLU] width=27648 batch=2 n=55296 nbytes=221184
[SwiGLU] buf g(id=479 size=221184) u(id=480 size=221184) o(id=481 size=221184) d(id=482 size=4)
[SwiGLU] dispatch op=1 width=27648 batch=2
[SwiGLU] download n=55296
FSB_L54_SWIGLU_END
FSB_L54_DOWN_BEGIN
FSB_L54_DOWN_END
FSB_L54_FFN_END
FSB_L54_EXIT
FSB_L55_ENTER
FSB_L55_ATTN_NORM_BEGIN
FSB_L55_ATTN_NORM_END
FSB_L55_QKV_BEGIN
FSB_L55_QKV_CPU_FALLBACK
FSB_L55_QKV_END
FSB_L55_ROPE_KV_BEGIN b=0
FSB_L55_ROPE_KV_BEGIN b=1
FSB_L55_ROPE_KV_END
FSB_L55_ATTN_BEGIN
FSB_L55_ATTN_END
FSB_L55_OPROJ_BEGIN
FSB_L55_OPROJ_END
FSB_L55_FFN_NORM_BEGIN
FSB_L55_FFN_NORM_END
FSB_L55_FFN_BEGIN
FSB_L55_FFN_CPU_FALLBACK
FSB_L55_SWIGLU_BEGIN
[SwiGLU] width=27648 batch=2 n=55296 nbytes=221184
[SwiGLU] buf g(id=479 size=221184) u(id=480 size=221184) o(id=481 size=221184) d(id=482 size=4)
[SwiGLU] dispatch op=1 width=27648 batch=2
[SwiGLU] download n=55296
FSB_L55_SWIGLU_END
FSB_L55_DOWN_BEGIN
FSB_L55_DOWN_END
FSB_L55_FFN_END
FSB_L55_EXIT
FSB_L56_ENTER
FSB_L56_ATTN_NORM_BEGIN
FSB_L56_ATTN_NORM_END
FSB_L56_QKV_BEGIN
FSB_L56_QKV_CPU_FALLBACK
FSB_L56_QKV_END
FSB_L56_ROPE_KV_BEGIN b=0
FSB_L56_ROPE_KV_BEGIN b=1
FSB_L56_ROPE_KV_END
FSB_L56_ATTN_BEGIN
FSB_L56_ATTN_END
FSB_L56_OPROJ_BEGIN
FSB_L56_OPROJ_END
FSB_L56_FFN_NORM_BEGIN
FSB_L56_FFN_NORM_END
FSB_L56_FFN_BEGIN
FSB_L56_FFN_CPU_FALLBACK
FSB_L56_SWIGLU_BEGIN
[SwiGLU] width=27648 batch=2 n=55296 nbytes=221184
[SwiGLU] buf g(id=479 size=221184) u(id=480 size=221184) o(id=481 size=221184) d(id=482 size=4)
[SwiGLU] dispatch op=1 width=27648 batch=2
[SwiGLU] download n=55296
FSB_L56_SWIGLU_END
FSB_L56_DOWN_BEGIN
FSB_L56_DOWN_END
FSB_L56_FFN_END
FSB_L56_EXIT
FSB_L57_ENTER
FSB_L57_ATTN_NORM_BEGIN
FSB_L57_ATTN_NORM_END
FSB_L57_QKV_BEGIN
FSB_L57_QKV_CPU_FALLBACK
FSB_L57_QKV_END
FSB_L57_ROPE_KV_BEGIN b=0
FSB_L57_ROPE_KV_BEGIN b=1
FSB_L57_ROPE_KV_END
FSB_L57_ATTN_BEGIN
FSB_L57_ATTN_END
FSB_L57_OPROJ_BEGIN
FSB_L57_OPROJ_END
FSB_L57_FFN_NORM_BEGIN
FSB_L57_FFN_NORM_END
FSB_L57_FFN_BEGIN
FSB_L57_FFN_CPU_FALLBACK
FSB_L57_SWIGLU_BEGIN
[SwiGLU] width=27648 batch=2 n=55296 nbytes=221184
[SwiGLU] buf g(id=479 size=221184) u(id=480 size=221184) o(id=481 size=221184) d(id=482 size=4)
[SwiGLU] dispatch op=1 width=27648 batch=2
[SwiGLU] download n=55296
FSB_L57_SWIGLU_END
FSB_L57_DOWN_BEGIN
FSB_L57_DOWN_END
FSB_L57_FFN_END
FSB_L57_EXIT
FSB_L58_ENTER
FSB_L58_ATTN_NORM_BEGIN
FSB_L58_ATTN_NORM_END
FSB_L58_QKV_BEGIN
FSB_L58_QKV_CPU_FALLBACK
FSB_L58_QKV_END
FSB_L58_ROPE_KV_BEGIN b=0
FSB_L58_ROPE_KV_BEGIN b=1
FSB_L58_ROPE_KV_END
FSB_L58_ATTN_BEGIN
FSB_L58_ATTN_END
FSB_L58_OPROJ_BEGIN
FSB_L58_OPROJ_END
FSB_L58_FFN_NORM_BEGIN
FSB_L58_FFN_NORM_END
FSB_L58_FFN_BEGIN
FSB_L58_FFN_CPU_FALLBACK
FSB_L58_SWIGLU_BEGIN
[SwiGLU] width=27648 batch=2 n=55296 nbytes=221184
[SwiGLU] buf g(id=479 size=221184) u(id=480 size=221184) o(id=481 size=221184) d(id=482 size=4)
[SwiGLU] dispatch op=1 width=27648 batch=2
[SwiGLU] download n=55296
FSB_L58_SWIGLU_END
FSB_L58_DOWN_BEGIN
FSB_L58_DOWN_END
FSB_L58_FFN_END
FSB_L58_EXIT
FSB_L59_ENTER
FSB_L59_ATTN_NORM_BEGIN
FSB_L59_ATTN_NORM_END
FSB_L59_QKV_BEGIN
FSB_L59_QKV_CPU_FALLBACK
FSB_L59_QKV_END
FSB_L59_ROPE_KV_BEGIN b=0
FSB_L59_ROPE_KV_BEGIN b=1
FSB_L59_ROPE_KV_END
FSB_L59_ATTN_BEGIN
FSB_L59_ATTN_END
FSB_L59_OPROJ_BEGIN
FSB_L59_OPROJ_END
FSB_L59_FFN_NORM_BEGIN
FSB_L59_FFN_NORM_END
FSB_L59_FFN_BEGIN
FSB_L59_FFN_CPU_FALLBACK
FSB_L59_SWIGLU_BEGIN
[SwiGLU] width=27648 batch=2 n=55296 nbytes=221184
[SwiGLU] buf g(id=479 size=221184) u(id=480 size=221184) o(id=481 size=221184) d(id=482 size=4)
[SwiGLU] dispatch op=1 width=27648 batch=2
[SwiGLU] download n=55296
FSB_L59_SWIGLU_END
FSB_L59_DOWN_BEGIN
FSB_L59_DOWN_END
FSB_L59_FFN_END
FSB_L59_EXIT
FSB_L60_ENTER
FSB_L60_ATTN_NORM_BEGIN
FSB_L60_ATTN_NORM_END
FSB_L60_QKV_BEGIN
FSB_L60_QKV_CPU_FALLBACK
FSB_L60_QKV_END
FSB_L60_ROPE_KV_BEGIN b=0
FSB_L60_ROPE_KV_BEGIN b=1
FSB_L60_ROPE_KV_END
FSB_L60_ATTN_BEGIN
FSB_L60_ATTN_END
FSB_L60_OPROJ_BEGIN
FSB_L60_OPROJ_END
FSB_L60_FFN_NORM_BEGIN
FSB_L60_FFN_NORM_END
FSB_L60_FFN_BEGIN
FSB_L60_FFN_CPU_FALLBACK
FSB_L60_SWIGLU_BEGIN
[SwiGLU] width=27648 batch=2 n=55296 nbytes=221184
[SwiGLU] buf g(id=479 size=221184) u(id=480 size=221184) o(id=481 size=221184) d(id=482 size=4)
[SwiGLU] dispatch op=1 width=27648 batch=2
[SwiGLU] download n=55296
FSB_L60_SWIGLU_END
FSB_L60_DOWN_BEGIN
FSB_L60_DOWN_END
FSB_L60_FFN_END
FSB_L60_EXIT
FSB_L61_ENTER
FSB_L61_ATTN_NORM_BEGIN
FSB_L61_ATTN_NORM_END
FSB_L61_QKV_BEGIN
FSB_L61_QKV_CPU_FALLBACK
FSB_L61_QKV_END
FSB_L61_ROPE_KV_BEGIN b=0
FSB_L61_ROPE_KV_BEGIN b=1
FSB_L61_ROPE_KV_END
FSB_L61_ATTN_BEGIN
FSB_L61_ATTN_END
FSB_L61_OPROJ_BEGIN
FSB_L61_OPROJ_END
FSB_L61_FFN_NORM_BEGIN
FSB_L61_FFN_NORM_END
FSB_L61_FFN_BEGIN
FSB_L61_FFN_CPU_FALLBACK
FSB_L61_SWIGLU_BEGIN
[SwiGLU] width=27648 batch=2 n=55296 nbytes=221184
[SwiGLU] buf g(id=479 size=221184) u(id=480 size=221184) o(id=481 size=221184) d(id=482 size=4)
[SwiGLU] dispatch op=1 width=27648 batch=2
[SwiGLU] download n=55296
FSB_L61_SWIGLU_END
FSB_L61_DOWN_BEGIN
FSB_L61_DOWN_END
FSB_L61_FFN_END
FSB_L61_EXIT
FSB_L62_ENTER
FSB_L62_ATTN_NORM_BEGIN
FSB_L62_ATTN_NORM_END
FSB_L62_QKV_BEGIN
FSB_L62_QKV_CPU_FALLBACK
FSB_L62_QKV_END
FSB_L62_ROPE_KV_BEGIN b=0
FSB_L62_ROPE_KV_BEGIN b=1
FSB_L62_ROPE_KV_END
FSB_L62_ATTN_BEGIN
FSB_L62_ATTN_END
FSB_L62_OPROJ_BEGIN
FSB_L62_OPROJ_END
FSB_L62_FFN_NORM_BEGIN
FSB_L62_FFN_NORM_END
FSB_L62_FFN_BEGIN
FSB_L62_FFN_CPU_FALLBACK
FSB_L62_SWIGLU_BEGIN
[SwiGLU] width=27648 batch=2 n=55296 nbytes=221184
[SwiGLU] buf g(id=479 size=221184) u(id=480 size=221184) o(id=481 size=221184) d(id=482 size=4)
[SwiGLU] dispatch op=1 width=27648 batch=2
[SwiGLU] download n=55296
FSB_L62_SWIGLU_END
FSB_L62_DOWN_BEGIN
FSB_L62_DOWN_END
FSB_L62_FFN_END
FSB_L62_EXIT
FSB_L63_ENTER
FSB_L63_ATTN_NORM_BEGIN
FSB_L63_ATTN_NORM_END
FSB_L63_QKV_BEGIN
FSB_L63_QKV_CPU_FALLBACK
FSB_L63_QKV_END
FSB_L63_ROPE_KV_BEGIN b=0
FSB_L63_ROPE_KV_BEGIN b=1
FSB_L63_ROPE_KV_END
FSB_L63_ATTN_BEGIN
FSB_L63_ATTN_END
FSB_L63_OPROJ_BEGIN
FSB_L63_OPROJ_END
FSB_L63_FFN_NORM_BEGIN
FSB_L63_FFN_NORM_END
FSB_L63_FFN_BEGIN
FSB_L63_FFN_CPU_FALLBACK
FSB_L63_SWIGLU_BEGIN
[SwiGLU] width=27648 batch=2 n=55296 nbytes=221184
[SwiGLU] buf g(id=479 size=221184) u(id=480 size=221184) o(id=481 size=221184) d(id=482 size=4)
[SwiGLU] dispatch op=1 width=27648 batch=2
[SwiGLU] download n=55296
FSB_L63_SWIGLU_END
FSB_L63_DOWN_BEGIN
FSB_L63_DOWN_END
FSB_L63_FFN_END
FSB_L63_EXIT
FSB_COPY_HIDDEN
FSB_EXIT_OK
VSGW_FORWARD_BLOCK_OK
VSGW_TOP1_BEGIN
VSGW_TOP1_FALLBACK
VSGW_TOP1_END tok0=198 tok1=198
VSGW_COMMIT_OK accepted=1
VSGW_MIRROR_COMMIT_OK
SPEC_VSGW_END verified=2
[LOGITS] token=2 min=-37.8151 max=24.8876 mean=-1.4470 std=2.6510 argmax=62980
[LOGITS_HEAD] 6.839418 8.613743 20.044043 5.024037 3.732157
RUN_GENERATE_END got=3
THRESHOLD_GEN_END ntok=3 got=3
THRESHOLD_RESULT ntok=3 PASS

=== THRESHOLD ntok=4 ===
SPEC_SETUP_ENTER spec=1
SPEC_INIT_BEGIN
SPEC_INIT_OK
SPEC_LOAD_BEGIN
SPEC_LOAD_END ok=1
SPEC_VK_BEGIN spec=1
[QuantKernelRegistry] Q4_K GEMV=00007FF755F50F40 dequant=00007FF755F4E080 GetGEMV(12)=00007FF755F50F40 match=1
[QuantKernelRegistry] CPU features: AVX512F=1 AVX512BW=1 AVX512DQ=1 AVX512VNNI=1 AVX2=1 FMA=1 F16C=1
[QuantKernelRegistry] Registered 14 GEMV kernels, 14 dequant kernels
[Deep2Engine] GGUF mapped: arch=qwen2 shards=1 tensors=771 layers=64 hidden=5120 heads=40 kv_heads=8 vocab=152064
ARCH=qwen2
HIDDEN=5120
LAYERS=64
HEADS=40
KV_HEADS=8
HEAD_DIM=128
GQA_GROUP=5
FFN_DIM=27648
ROPE_THETA=1e+06
ROPE_SCALING=1
ROPE_DIM=128
ROPE_NEOX=1
RMS_EPS=1e-06
Q_BIAS=present
K_BIAS=present
V_BIAS=present
TIE_EMBED=0
BATCH9_VK_DEVICE ordinal=0 name=AMD Radeon AI PRO R9700 vendor=0x1002 vram=34208743424 compute_pipeline=1 qgemv_pipeline=1 calibrated=1
BATCH9_VK_DEVICE ordinal=1 name=Microsoft Direct3D12 (AMD Radeon AI PRO R9700) vendor=0x1002 vram=34054242304 compute_pipeline=1 qgemv_pipeline=1 calibrated=0
DEEP2_DENSE_SLOT slot=0 lo=0 hi=31 speed_weight=1.000
DEEP2_DENSE_SLOT slot=1 lo=32 hi=63 speed_weight=1.000
BATCH9_VULKAN_INIT=DEVICE_BACKED devices=2 plan_active=1
[QuantKernelRegistry] Q4_K GEMV=00007FF755F50F40 dequant=00007FF755F4E080 GetGEMV(12)=00007FF755F50F40 match=1
[QuantKernelRegistry] CPU features: AVX512F=1 AVX512BW=1 AVX512DQ=1 AVX512VNNI=1 AVX2=1 FMA=1 F16C=1
[QuantKernelRegistry] Registered 14 GEMV kernels, 14 dequant kernels
[Deep2Engine] GGUF mapped: arch=qwen2 shards=1 tensors=771 layers=64 hidden=5120 heads=40 kv_heads=8 vocab=152064
ARCH=qwen2
HIDDEN=5120
LAYERS=64
HEADS=40
KV_HEADS=8
HEAD_DIM=128
GQA_GROUP=5
FFN_DIM=27648
ROPE_THETA=1e+06
ROPE_SCALING=1
ROPE_DIM=128
ROPE_NEOX=1
RMS_EPS=1e-06
Q_BIAS=present
K_BIAS=present
V_BIAS=present
TIE_EMBED=0
BATCH9_VK_DEVICE ordinal=0 name=AMD Radeon AI PRO R9700 vendor=0x1002 vram=34208743424 compute_pipeline=1 qgemv_pipeline=1 calibrated=1
BATCH9_VK_DEVICE ordinal=1 name=Microsoft Direct3D12 (AMD Radeon AI PRO R9700) vendor=0x1002 vram=34054242304 compute_pipeline=1 qgemv_pipeline=1 calibrated=0
DEEP2_DENSE_SLOT slot=0 lo=0 hi=31 speed_weight=1.000
DEEP2_DENSE_SLOT slot=1 lo=32 hi=63 speed_weight=1.000
BATCH9_VULKAN_INIT=DEVICE_BACKED devices=2 plan_active=1
[QuantKernelRegistry] Q4_K GEMV=00007FF755F50F40 dequant=00007FF755F4E080 GetGEMV(12)=00007FF755F50F40 match=1
[QuantKernelRegistry] CPU features: AVX512F=1 AVX512BW=1 AVX512DQ=1 AVX512VNNI=1 AVX2=1 FMA=1 F16C=1
[QuantKernelRegistry] Registered 14 GEMV kernels, 14 dequant kernels
[Deep2Engine] GGUF mapped: arch=qwen2 shards=1 tensors=771 layers=64 hidden=5120 heads=40 kv_heads=8 vocab=152064
ARCH=qwen2
HIDDEN=5120
LAYERS=64
HEADS=40
KV_HEADS=8
HEAD_DIM=128
GQA_GROUP=5
FFN_DIM=27648
ROPE_THETA=1e+06
ROPE_SCALING=1
ROPE_DIM=128
ROPE_NEOX=1
RMS_EPS=1e-06
Q_BIAS=present
K_BIAS=present
V_BIAS=present
TIE_EMBED=0
BATCH9_VK_DEVICE ordinal=0 name=AMD Radeon AI PRO R9700 vendor=0x1002 vram=34208743424 compute_pipeline=1 qgemv_pipeline=1 calibrated=1
BATCH9_VK_DEVICE ordinal=1 name=Microsoft Direct3D12 (AMD Radeon AI PRO R9700) vendor=0x1002 vram=34054242304 compute_pipeline=1 qgemv_pipeline=1 calibrated=0
DEEP2_DENSE_SLOT slot=0 lo=0 hi=31 speed_weight=1.000
DEEP2_DENSE_SLOT slot=1 lo=32 hi=63 speed_weight=1.000
BATCH9_VULKAN_INIT=DEVICE_BACKED devices=2 plan_active=1
[QuantKernelRegistry] Q4_K GEMV=00007FF755F50F40 dequant=00007FF755F4E080 GetGEMV(12)=00007FF755F50F40 match=1
[QuantKernelRegistry] CPU features: AVX512F=1 AVX512BW=1 AVX512DQ=1 AVX512VNNI=1 AVX2=1 FMA=1 F16C=1
[QuantKernelRegistry] Registered 14 GEMV kernels, 14 dequant kernels
[Deep2Engine] GGUF mapped: arch=qwen2 shards=1 tensors=771 layers=64 hidden=5120 heads=40 kv_heads=8 vocab=152064
ARCH=qwen2
HIDDEN=5120
LAYERS=64
HEADS=40
KV_HEADS=8
HEAD_DIM=128
GQA_GROUP=5
FFN_DIM=27648
ROPE_THETA=1e+06
ROPE_SCALING=1
ROPE_DIM=128
ROPE_NEOX=1
RMS_EPS=1e-06
Q_BIAS=present
K_BIAS=present
V_BIAS=present
TIE_EMBED=0
BATCH9_VK_DEVICE ordinal=0 name=AMD Radeon AI PRO R9700 vendor=0x1002 vram=34208743424 compute_pipeline=1 qgemv_pipeline=1 calibrated=1
BATCH9_VK_DEVICE ordinal=1 name=Microsoft Direct3D12 (AMD Radeon AI PRO R9700) vendor=0x1002 vram=34054242304 computeSPEC_VK_END initialized=1 devices=2
SPEC_CONFIG_BEGIN
SPEC_CONFIG_END
SPEC_SETUP_EXIT
THRESHOLD_SETUP_OK ntok=4
THRESHOLD_GEN_BEGIN ntok=4
RUN_TOKENIZE_BEGIN n=4
RUN_TOKENIZE_OK tokens=19
RUN_GENERATE_BEGIN prompt=19 out=4
SPEC_PATH_ENTER gen=0 rem=4
SPEC_BUILD_PROPOSALS_BEGIN
SPEC_BUILD_PROPOSALS_END count=2
SPEC_VSGW_BEGIN proposals=2
VSGW_ENTER proposals=2 maxEmit=4
VSGW_LOGITS_0_BEGIN
VSGW_LOGITS_0_END first=198
VSGW_KV_BASE=19 B=2
VSGW_ADVANCE_BY_BEGIN B=2
VSGW_ADVANCE_BY_OK kv=21
VSGW_FORWARD_BLOCK_BEGIN B=2 base=19
FSB_EMBED_BEGIN B=2
FSB_EMBED_OK
FSB_L0_ENTER
FSB_L0_ATTN_NORM_BEGIN
FSB_L0_ATTN_NORM_END
FSB_L0_QKV_BEGIN
FSB_L0_QKV_CPU_FALLBACK
FSB_L0_QKV_END
FSB_L0_ROPE_KV_BEGIN b=0
FSB_L0_ROPE_KV_BEGIN b=1
FSB_L0_ROPE_KV_END
FSB_L0_ATTN_BEGIN
FSB_L0_ATTN_END
FSB_L0_OPROJ_BEGIN
FSB_L0_OPROJ_END
FSB_L0_FFN_NORM_BEGIN
FSB_L0_FFN_NORM_END
FSB_L0_FFN_BEGIN
FSB_L0_FFN_CPU_FALLBACK
FSB_L0_SWIGLU_BEGIN
[SwiGLU] width=27648 batch=2 n=55296 nbytes=221184
[SwiGLU] buf g(id=479 size=221184) u(id=480 size=221184) o(id=481 size=221184) d(id=482 size=4)
[SwiGLU] dispatch op=1 width=27648 batch=2
[SwiGLU] download n=55296
FSB_L0_SWIGLU_END
FSB_L0_DOWN_BEGIN
FSB_L0_DOWN_END
FSB_L0_FFN_END
FSB_L0_EXIT
FSB_L1_ENTER
FSB_L1_ATTN_NORM_BEGIN
FSB_L1_ATTN_NORM_END
FSB_L1_QKV_BEGIN
FSB_L1_QKV_CPU_FALLBACK
FSB_L1_QKV_END
FSB_L1_ROPE_KV_BEGIN b=0
FSB_L1_ROPE_KV_BEGIN b=1
FSB_L1_ROPE_KV_END
FSB_L1_ATTN_BEGIN
FSB_L1_ATTN_END
FSB_L1_OPROJ_BEGIN
FSB_L1_OPROJ_END
FSB_L1_FFN_NORM_BEGIN
FSB_L1_FFN_NORM_END
FSB_L1_FFN_BEGIN
FSB_L1_FFN_CPU_FALLBACK
FSB_L1_SWIGLU_BEGIN
[SwiGLU] width=27648 batch=2 n=55296 nbytes=221184
[SwiGLU] buf g(id=479 size=221184) u(id=480 size=221184) o(id=481 size=221184) d(id=482 size=4)
[SwiGLU] dispatch op=1 width=27648 batch=2
[SwiGLU] download n=55296
FSB_L1_SWIGLU_END
FSB_L1_DOWN_BEGIN
FSB_L1_DOWN_END
FSB_L1_FFN_END
FSB_L1_EXIT
FSB_L2_ENTER
FSB_L2_ATTN_NORM_BEGIN
FSB_L2_ATTN_NORM_END
FSB_L2_QKV_BEGIN
FSB_L2_QKV_CPU_FALLBACK
FSB_L2_QKV_END
FSB_L2_ROPE_KV_BEGIN b=0
FSB_L2_ROPE_KV_BEGIN b=1
FSB_L2_ROPE_KV_END
FSB_L2_ATTN_BEGIN
FSB_L2_ATTN_END
FSB_L2_OPROJ_BEGIN
FSB_L2_OPROJ_END
FSB_L2_FFN_NORM_BEGIN
FSB_L2_FFN_NORM_END
FSB_L2_FFN_BEGIN
FSB_L2_FFN_CPU_FALLBACK
FSB_L2_SWIGLU_BEGIN
[SwiGLU] width=27648 batch=2 n=55296 nbytes=221184
[SwiGLU] buf g(id=479 size=221184) u(id=480 size=221184) o(id=481 size=221184) d(id=482 size=4)
[SwiGLU] dispatch op=1 width=27648 batch=2
[SwiGLU] download n=55296
FSB_L2_SWIGLU_END
FSB_L2_DOWN_BEGIN
FSB_L2_DOWN_END
FSB_L2_FFN_END
FSB_L2_EXIT
FSB_L3_ENTER
FSB_L3_ATTN_NORM_BEGIN
FSB_L3_ATTN_NORM_END
FSB_L3_QKV_BEGIN
FSB_L3_QKV_CPU_FALLBACK
FSB_L3_QKV_END
FSB_L3_ROPE_KV_BEGIN b=0
FSB_L3_ROPE_KV_BEGIN b=1
FSB_L3_ROPE_KV_END
FSB_L3_ATTN_BEGIN
FSB_L3_ATTN_END
FSB_L3_OPROJ_BEGIN
FSB_L3_OPROJ_END
FSB_L3_FFN_NORM_BEGIN
FSB_L3_FFN_NORM_END
FSB_L3_FFN_BEGIN
FSB_L3_FFN_CPU_FALLBACK
FSB_L3_SWIGLU_BEGIN
[SwiGLU] width=27648 batch=2 n=55296 nbytes=221184
[SwiGLU] buf g(id=479 size=221184) u(id=480 size=221184) o(id=481 size=221184) d(id=482 size=4)
[SwiGLU] dispatch op=1 width=27648 batch=2
[SwiGLU] download n=55296
FSB_L3_SWIGLU_END
FSB_L3_DOWN_BEGIN
FSB_L3_DOWN_END
FSB_L3_FFN_END
FSB_L3_EXIT
FSB_L4_ENTER
FSB_L4_ATTN_NORM_BEGIN
FSB_L4_ATTN_NORM_END
FSB_L4_QKV_BEGIN
FSB_L4_QKV_CPU_FALLBACK
FSB_L4_QKV_END
FSB_L4_ROPE_KV_BEGIN b=0
FSB_L4_ROPE_KV_BEGIN b=1
FSB_L4_ROPE_KV_END
FSB_L4_ATTN_BEGIN
FSB_L4_ATTN_END
FSB_L4_OPROJ_BEGIN
FSB_L4_OPROJ_END
FSB_L4_FFN_NORM_BEGIN
FSB_L4_FFN_NORM_END
FSB_L4_FFN_BEGIN
FSB_L4_FFN_CPU_FALLBACK
FSB_L4_SWIGLU_BEGIN
[SwiGLU] width=27648 batch=2 n=55296 nbytes=221184
[SwiGLU] buf g(id=479 size=221184) u(id=480 size=221184) o(id=481 size=221184) d(id=482 size=4)
[SwiGLU] dispatch op=1 width=27648 batch=2
[SwiGLU] download n=55296
FSB_L4_SWIGLU_END
FSB_L4_DOWN_BEGIN
FSB_L4_DOWN_END
FSB_L4_FFN_END
FSB_L4_EXIT
FSB_L5_ENTER
FSB_L5_ATTN_NORM_BEGIN
FSB_L5_ATTN_NORM_END
FSB_L5_QKV_BEGIN
FSB_L5_QKV_CPU_FALLBACK
FSB_L5_QKV_END
FSB_L5_ROPE_KV_BEGIN b=0
FSB_L5_ROPE_KV_BEGIN b=1
FSB_L5_ROPE_KV_END
FSB_L5_ATTN_BEGIN
FSB_L5_ATTN_END
FSB_L5_OPROJ_BEGIN
FSB_L5_OPROJ_END
FSB_L5_FFN_NORM_BEGIN
FSB_L5_FFN_NORM_END
FSB_L5_FFN_BEGIN
FSB_L5_FFN_CPU_FALLBACK
FSB_L5_SWIGLU_BEGIN
[SwiGLU] width=27648 batch=2 n=55296 nbytes=221184
[SwiGLU] buf g(id=479 size=221184) u(id=480 size=221184) o(id=481 size=221184) d(id=482 size=4)
[SwiGLU] dispatch op=1 width=27648 batch=2
[SwiGLU] download n=55296
FSB_L5_SWIGLU_END
FSB_L5_DOWN_BEGIN
FSB_L5_DOWN_END
FSB_L5_FFN_END
FSB_L5_EXIT
FSB_L6_ENTER
FSB_L6_ATTN_NORM_BEGIN
FSB_L6_ATTN_NORM_END
FSB_L6_QKV_BEGIN
FSB_L6_QKV_CPU_FALLBACK
FSB_L6_QKV_END
FSB_L6_ROPE_KV_BEGIN b=0
FSB_L6_ROPE_KV_BEGIN b=1
FSB_L6_ROPE_KV_END
FSB_L6_ATTN_BEGIN
FSB_L6_ATTN_END
FSB_L6_OPROJ_BEGIN
FSB_L6_OPROJ_END
FSB_L6_FFN_NORM_BEGIN
FSB_L6_FFN_NORM_END
FSB_L6_FFN_BEGIN
FSB_L6_FFN_CPU_FALLBACK
FSB_L6_SWIGLU_BEGIN
[SwiGLU] width=27648 batch=2 n=55296 nbytes=221184
[SwiGLU] buf g(id=479 size=221184) u(id=480 size=221184) o(id=481 size=221184) d(id=482 size=4)
[SwiGLU] dispatch op=1 width=27648 batch=2
[SwiGLU] download n=55296
FSB_L6_SWIGLU_END
FSB_L6_DOWN_BEGIN
FSB_L6_DOWN_END
FSB_L6_FFN_END
FSB_L6_EXIT
FSB_L7_ENTER
FSB_L7_ATTN_NORM_BEGIN
FSB_L7_ATTN_NORM_END
FSB_L7_QKV_BEGIN
FSB_L7_QKV_CPU_FALLBACK
FSB_L7_QKV_END
FSB_L7_ROPE_KV_BEGIN b=0
FSB_L7_ROPE_KV_BEGIN b=1
FSB_L7_ROPE_KV_END
FSB_L7_ATTN_BEGIN
FSB_L7_ATTN_END
FSB_L7_OPROJ_BEGIN
FSB_L7_OPROJ_END
FSB_L7_FFN_NORM_BEGIN
FSB_L7_FFN_NORM_END
FSB_L7_FFN_BEGIN
FSB_L7_FFN_CPU_FALLBACK
FSB_L7_SWIGLU_BEGIN
[SwiGLU] width=27648 batch=2 n=55296 nbytes=221184
[SwiGLU] buf g(id=479 size=221184) u(id=480 size=221184) o(id=481 size=221184) d(id=482 size=4)
[SwiGLU] dispatch op=1 width=27648 batch=2
[SwiGLU] download n=55296
FSB_L7_SWIGLU_END
FSB_L7_DOWN_BEGIN
FSB_L7_DOWN_END
FSB_L7_FFN_END
FSB_L7_EXIT
FSB_L8_ENTER
FSB_L8_ATTN_NORM_BEGIN
FSB_L8_ATTN_NORM_END
FSB_L8_QKV_BEGIN
FSB_L8_QKV_CPU_FALLBACK
FSB_L8_QKV_END
FSB_L8_ROPE_KV_BEGIN b=0
FSB_L8_ROPE_KV_BEGIN b=1
FSB_L8_ROPE_KV_END
FSB_L8_ATTN_BEGIN
FSB_L8_ATTN_END
FSB_L8_OPROJ_BEGIN
FSB_L8_OPROJ_END
FSB_L8_FFN_NORM_BEGIN
FSB_L8_FFN_NORM_END
FSB_L8_FFN_BEGIN
FSB_L8_FFN_CPU_FALLBACK
FSB_L8_SWIGLU_BEGIN
[SwiGLU] width=27648 batch=2 n=55296 nbytes=221184
[SwiGLU] buf g(id=479 size=221184) u(id=480 size=221184) o(id=481 size=221184) d(id=482 size=4)
[SwiGLU] dispatch op=1 width=27648 batch=2
[SwiGLU] download n=55296
FSB_L8_SWIGLU_END
FSB_L8_DOWN_BEGIN
FSB_L8_DOWN_END
FSB_L8_FFN_END
FSB_L8_EXIT
FSB_L9_ENTER
FSB_L9_ATTN_NORM_BEGIN
FSB_L9_ATTN_NORM_END
FSB_L9_QKV_BEGIN
FSB_L9_QKV_CPU_FALLBACK
FSB_L9_QKV_END
FSB_L9_ROPE_KV_BEGIN b=0
FSB_L9_ROPE_KV_BEGIN b=1
FSB_L9_ROPE_KV_END
FSB_L9_ATTN_BEGIN
FSB_L9_ATTN_END
FSB_L9_OPROJ_BEGIN
FSB_L9_OPROJ_END
FSB_L9_FFN_NORM_BEGIN
FSB_L9_FFN_NORM_END
FSB_L9_FFN_BEGIN
FSB_L9_FFN_CPU_FALLBACK
FSB_L9_SWIGLU_BEGIN
[SwiGLU] width=27648 batch=2 n=55296 nbytes=221184
[SwiGLU] buf g(id=479 size=221184) u(id=480 size=221184) o(id=481 size=221184) d(id=482 size=4)
[SwiGLU] dispatch op=1 width=27648 batch=2
[SwiGLU] download n=55296
FSB_L9_SWIGLU_END
FSB_L9_DOWN_BEGIN
FSB_L9_DOWN_END
FSB_L9_FFN_END
FSB_L9_EXIT
FSB_L10_ENTER
FSB_L10_ATTN_NORM_BEGIN
FSB_L10_ATTN_NORM_END
FSB_L10_QKV_BEGIN
FSB_L10_QKV_CPU_FALLBACK
FSB_L10_QKV_END
FSB_L10_ROPE_KV_BEGIN b=0
FSB_L10_ROPE_KV_BEGIN b=1
FSB_L10_ROPE_KV_END
FSB_L10_ATTN_BEGIN
FSB_L10_ATTN_END
FSB_L10_OPROJ_BEGIN
FSB_L10_OPROJ_END
FSB_L10_FFN_NORM_BEGIN
FSB_L10_FFN_NORM_END
FSB_L10_FFN_BEGIN
FSB_L10_FFN_CPU_FALLBACK
FSB_L10_SWIGLU_BEGIN
[SwiGLU] width=27648 batch=2 n=55296 nbytes=221184
[SwiGLU] buf g(id=479 size=221184) u(id=480 size=221184) o(id=481 size=221184) d(id=482 size=4)
[SwiGLU] dispatch op=1 width=27648 batch=2
[SwiGLU] download n=55296
FSB_L10_SWIGLU_END
FSB_L10_DOWN_BEGIN
FSB_L10_DOWN_END
FSB_L10_FFN_END
FSB_L10_EXIT
FSB_L11_ENTER
FSB_L11_ATTN_NORM_BEGIN
FSB_L11_ATTN_NORM_END
FSB_L11_QKV_BEGIN
FSB_L11_QKV_CPU_FALLBACK
FSB_L11_QKV_END
FSB_L11_ROPE_KV_BEGIN b=0
FSB_L11_ROPE_KV_BEGIN b=1
FSB_L11_ROPE_KV_END
FSB_L11_ATTN_BEGIN
FSB_L11_ATTN_END
FSB_L11_OPROJ_BEGIN
FSB_L11_OPROJ_END
FSB_L11_FFN_NORM_BEGIN
FSB_L11_FFN_NORM_END
FSB_L11_FFN_BEGIN
FSB_L11_FFN_CPU_FALLBACK
FSB_L11_SWIGLU_BEGIN
[SwiGLU] width=27648 batch=2 n=55296 nbytes=221184
[SwiGLU] buf g(id=479 size=221184) u(id=480 size=221184) o(id=481 size=221184) d(id=482 size=4)
[SwiGLU] dispatch op=1 width=27648 batch=2
[SwiGLU] download n=55296
FSB_L11_SWIGLU_END
FSB_L11_DOWN_BEGIN
FSB_L11_DOWN_END
FSB_L11_FFN_END
FSB_L11_EXIT
FSB_L12_ENTER
FSB_L12_ATTN_NORM_BEGIN
FSB_L12_ATTN_NORM_END
FSB_L12_QKV_BEGIN
FSB_L12_QKV_CPU_FALLBACK
FSB_L12_QKV_END
FSB_L12_ROPE_KV_BEGIN b=0
FSB_L12_ROPE_KV_BEGIN b=1
FSB_L12_ROPE_KV_END
FSB_L12_ATTN_BEGIN
FSB_L12_ATTN_END
FSB_L12_OPROJ_BEGIN
FSB_L12_OPROJ_END
FSB_L12_FFN_NORM_BEGIN
FSB_L12_FFN_NORM_END
FSB_L12_FFN_BEGIN
FSB_L12_FFN_CPU_FALLBACK
FSB_L12_SWIGLU_BEGIN
[SwiGLU] width=27648 batch=2 n=55296 nbytes=221184
[SwiGLU] buf g(id=479 size=221184) u(id=480 size=221184) o(id=481 size=221184) d(id=482 size=4)
[SwiGLU] dispatch op=1 width=27648 batch=2
[SwiGLU] download n=55296
FSB_L12_SWIGLU_END
FSB_L12_DOWN_BEGIN
FSB_L12_DOWN_END
FSB_L12_FFN_END
FSB_L12_EXIT
FSB_L13_ENTER
FSB_L13_ATTN_NORM_BEGIN
FSB_L13_ATTN_NORM_END
FSB_L13_QKV_BEGIN
FSB_L13_QKV_CPU_FALLBACK
FSB_L13_QKV_END
FSB_L13_ROPE_KV_BEGIN b=0
FSB_L13_ROPE_KV_BEGIN b=1
FSB_L13_ROPE_KV_END
FSB_L13_ATTN_BEGIN
FSB_L13_ATTN_END
FSB_L13_OPROJ_BEGIN
FSB_L13_OPROJ_END
FSB_L13_FFN_NORM_BEGIN
FSB_L13_FFN_NORM_END
FSB_L13_FFN_BEGIN
FSB_L13_FFN_CPU_FALLBACK
FSB_L13_SWIGLU_BEGIN
[SwiGLU] width=27648 batch=2 n=55296 nbytes=221184
[SwiGLU] buf g(id=479 size=221184) u(id=480 size=221184) o(id=481 size=221184) d(id=482 size=4)
[SwiGLU] dispatch op=1 width=27648 batch=2
[SwiGLU] download n=55296
FSB_L13_SWIGLU_END
FSB_L13_DOWN_BEGIN
FSB_L13_DOWN_END
FSB_L13_FFN_END
FSB_L13_EXIT
FSB_L14_ENTER
FSB_L14_ATTN_NORM_BEGIN
FSB_L14_ATTN_NORM_END
FSB_L14_QKV_BEGIN
FSB_L14_QKV_CPU_FALLBACK
FSB_L14_QKV_END
FSB_L14_ROPE_KV_BEGIN b=0
FSB_L14_ROPE_KV_BEGIN b=1
FSB_L14_ROPE_KV_END
FSB_L14_ATTN_BEGIN
FSB_L14_ATTN_END
FSB_L14_OPROJ_BEGIN
FSB_L14_OPROJ_END
FSB_L14_FFN_NORM_BEGIN
FSB_L14_FFN_NORM_END
FSB_L14_FFN_BEGIN
FSB_L14_FFN_CPU_FALLBACK
FSB_L14_SWIGLU_BEGIN
[SwiGLU] width=27648 batch=2 n=55296 nbytes=221184
[SwiGLU] buf g(id=479 size=221184) u(id=480 size=221184) o(id=481 size=221184) d(id=482 size=4)
[SwiGLU] dispatch op=1 width=27648 batch=2
[SwiGLU] download n=55296
FSB_L14_SWIGLU_END
FSB_L14_DOWN_BEGIN
FSB_L14_DOWN_END
FSB_L14_FFN_END
FSB_L14_EXIT
FSB_L15_ENTER
FSB_L15_ATTN_NORM_BEGIN
FSB_L15_ATTN_NORM_END
FSB_L15_QKV_BEGIN
FSB_L15_QKV_CPU_FALLBACK
FSB_L15_QKV_END
FSB_L15_ROPE_KV_BEGIN b=0
FSB_L15_ROPE_KV_BEGIN b=1
FSB_L15_ROPE_KV_END
FSB_L15_ATTN_BEGIN
FSB_L15_ATTN_END
FSB_L15_OPROJ_BEGIN
FSB_L15_OPROJ_END
FSB_L15_FFN_NORM_BEGIN
FSB_L15_FFN_NORM_END
FSB_L15_FFN_BEGIN
FSB_L15_FFN_CPU_FALLBACK
FSB_L15_SWIGLU_BEGIN
[SwiGLU] width=27648 batch=2 n=55296 nbytes=221184
[SwiGLU] buf g(id=479 size=221184) u(id=480 size=221184) o(id=481 size=221184) d(id=482 size=4)
[SwiGLU] dispatch op=1 width=27648 batch=2
[SwiGLU] download n=55296
FSB_L15_SWIGLU_END
FSB_L15_DOWN_BEGIN
FSB_L15_DOWN_END
FSB_L15_FFN_END
FSB_L15_EXIT
FSB_L16_ENTER
FSB_L16_ATTN_NORM_BEGIN
FSB_L16_ATTN_NORM_END
FSB_L16_QKV_BEGIN
FSB_L16_QKV_CPU_FALLBACK
FSB_L16_QKV_END
FSB_L16_ROPE_KV_BEGIN b=0
FSB_L16_ROPE_KV_BEGIN b=1
FSB_L16_ROPE_KV_END
FSB_L16_ATTN_BEGIN
FSB_L16_ATTN_END
FSB_L16_OPROJ_BEGIN
FSB_L16_OPROJ_END
FSB_L16_FFN_NORM_BEGIN
FSB_L16_FFN_NORM_END
FSB_L16_FFN_BEGIN
FSB_L16_FFN_CPU_FALLBACK
FSB_L16_SWIGLU_BEGIN
[SwiGLU] width=27648 batch=2 n=55296 nbytes=221184
[SwiGLU] buf g(id=479 size=221184) u(id=480 size=221184) o(id=481 size=221184) d(id=482 size=4)
[SwiGLU] dispatch op=1 width=27648 batch=2
[SwiGLU] download n=55296
FSB_L16_SWIGLU_END
FSB_L16_DOWN_BEGIN
FSB_L16_DOWN_END
FSB_L16_FFN_END
FSB_L16_EXIT
FSB_L17_ENTER
FSB_L17_ATTN_NORM_BEGIN
FSB_L17_ATTN_NORM_END
FSB_L17_QKV_BEGIN
FSB_L17_QKV_CPU_FALLBACK
FSB_L17_QKV_END
FSB_L17_ROPE_KV_BEGIN b=0
FSB_L17_ROPE_KV_BEGIN b=1
FSB_L17_ROPE_KV_END
FSB_L17_ATTN_BEGIN
FSB_L17_ATTN_END
FSB_L17_OPROJ_BEGIN
FSB_L17_OPROJ_END
FSB_L17_FFN_NORM_BEGIN
FSB_L17_FFN_NORM_END
FSB_L17_FFN_BEGIN
FSB_L17_FFN_CPU_FALLBACK
FSB_L17_SWIGLU_BEGIN
[SwiGLU] width=27648 batch=2 n=55296 nbytes=221184
[SwiGLU] buf g(id=479 size=221184) u(id=480 size=221184) o(id=481 size=221184) d(id=482 size=4)
[SwiGLU] dispatch op=1 width=27648 batch=2
[SwiGLU] download n=55296
FSB_L17_SWIGLU_END
FSB_L17_DOWN_BEGIN
FSB_L17_DOWN_END
FSB_L17_FFN_END
FSB_L17_EXIT
FSB_L18_ENTER
FSB_L18_ATTN_NORM_BEGIN
FSB_L18_ATTN_NORM_END
FSB_L18_QKV_BEGIN
FSB_L18_QKV_CPU_FALLBACK
FSB_L18_QKV_END
FSB_L18_ROPE_KV_BEGIN b=0
FSB_L18_ROPE_KV_BEGIN b=1
FSB_L18_ROPE_KV_END
FSB_L18_ATTN_BEGIN
FSB_L18_ATTN_END
FSB_L18_OPROJ_BEGIN
FSB_L18_OPROJ_END
FSB_L18_FFN_NORM_BEGIN
FSB_L18_FFN_NORM_END
FSB_L18_FFN_BEGIN
FSB_L18_FFN_CPU_FALLBACK
FSB_L18_SWIGLU_BEGIN
[SwiGLU] width=27648 batch=2 n=55296 nbytes=221184
[SwiGLU] buf g(id=479 size=221184) u(id=480 size=221184) o(id=481 size=221184) d(id=482 size=4)
[SwiGLU] dispatch op=1 width=27648 batch=2
[SwiGLU] download n=55296
FSB_L18_SWIGLU_END
FSB_L18_DOWN_BEGIN
FSB_L18_DOWN_END
FSB_L18_FFN_END
FSB_L18_EXIT
FSB_L19_ENTER
FSB_L19_ATTN_NORM_BEGIN
FSB_L19_ATTN_NORM_END
FSB_L19_QKV_BEGIN
FSB_L19_QKV_CPU_FALLBACK
FSB_L19_QKV_END
FSB_L19_ROPE_KV_BEGIN b=0
FSB_L19_ROPE_KV_BEGIN b=1
FSB_L19_ROPE_KV_END
FSB_L19_ATTN_BEGIN
FSB_L19_ATTN_END
FSB_L19_OPROJ_BEGIN
FSB_L19_OPROJ_END
FSB_L19_FFN_NORM_BEGIN
FSB_L19_FFN_NORM_END
FSB_L19_FFN_BEGIN
FSB_L19_FFN_CPU_FALLBACK
FSB_L19_SWIGLU_BEGIN
[SwiGLU] width=27648 batch=2 n=55296 nbytes=221184
[SwiGLU] buf g(id=479 size=221184) u(id=480 size=221184) o(id=481 size=221184) d(id=482 size=4)
[SwiGLU] dispatch op=1 width=27648 batch=2
[SwiGLU] download n=55296
FSB_L19_SWIGLU_END
FSB_L19_DOWN_BEGIN
FSB_L19_DOWN_END
FSB_L19_FFN_END
FSB_L19_EXIT
FSB_L20_ENTER
FSB_L20_ATTN_NORM_BEGIN
FSB_L20_ATTN_NORM_END
FSB_L20_QKV_BEGIN
FSB_L20_QKV_CPU_FALLBACK
FSB_L20_QKV_END
FSB_L20_ROPE_KV_BEGIN b=0
FSB_L20_ROPE_KV_BEGIN b=1
FSB_L20_ROPE_KV_END
FSB_L20_ATTN_BEGIN
FSB_L20_ATTN_END
FSB_L20_OPROJ_BEGIN
FSB_L20_OPROJ_END
FSB_L20_FFN_NORM_BEGIN
FSB_L20_FFN_NORM_END
FSB_L20_FFN_BEGIN
FSB_L20_FFN_CPU_FALLBACK
FSB_L20_SWIGLU_BEGIN
[SwiGLU] width=27648 batch=2 n=55296 nbytes=221184
[SwiGLU] buf g(id=479 size=221184) u(id=480 size=221184) o(id=481 size=221184) d(id=482 size=4)
[SwiGLU] dispatch op=1 width=27648 batch=2
[SwiGLU] download n=55296
FSB_L20_SWIGLU_END
FSB_L20_DOWN_BEGIN
FSB_L20_DOWN_END
FSB_L20_FFN_END
FSB_L20_EXIT
FSB_L21_ENTER
FSB_L21_ATTN_NORM_BEGIN
FSB_L21_ATTN_NORM_END
FSB_L21_QKV_BEGIN
FSB_L21_QKV_CPU_FALLBACK
FSB_L21_QKV_END
FSB_L21_ROPE_KV_BEGIN b=0
FSB_L21_ROPE_KV_BEGIN b=1
FSB_L21_ROPE_KV_END
FSB_L21_ATTN_BEGIN
FSB_L21_ATTN_END
FSB_L21_OPROJ_BEGIN
FSB_L21_OPROJ_END
FSB_L21_FFN_NORM_BEGIN
FSB_L21_FFN_NORM_END
FSB_L21_FFN_BEGIN
FSB_L21_FFN_CPU_FALLBACK
FSB_L21_SWIGLU_BEGIN
[SwiGLU] width=27648 batch=2 n=55296 nbytes=221184
[SwiGLU] buf g(id=479 size=221184) u(id=480 size=221184) o(id=481 size=221184) d(id=482 size=4)
[SwiGLU] dispatch op=1 width=27648 batch=2
[SwiGLU] download n=55296
FSB_L21_SWIGLU_END
FSB_L21_DOWN_BEGIN
FSB_L21_DOWN_END
FSB_L21_FFN_END
FSB_L21_EXIT
FSB_L22_ENTER
FSB_L22_ATTN_NORM_BEGIN
FSB_L22_ATTN_NORM_END
FSB_L22_QKV_BEGIN
FSB_L22_QKV_CPU_FALLBACK
FSB_L22_QKV_END
FSB_L22_ROPE_KV_BEGIN b=0
FSB_L22_ROPE_KV_BEGIN b=1
FSB_L22_ROPE_KV_END
FSB_L22_ATTN_BEGIN
FSB_L22_ATTN_END
FSB_L22_OPROJ_BEGIN
FSB_L22_OPROJ_END
FSB_L22_FFN_NORM_BEGIN
FSB_L22_FFN_NORM_END
FSB_L22_FFN_BEGIN
FSB_L22_FFN_CPU_FALLBACK
FSB_L22_SWIGLU_BEGIN
[SwiGLU] width=27648 batch=2 n=55296 nbytes=221184
[SwiGLU] buf g(id=479 size=221184) u(id=480 size=221184) o(id=481 size=221184) d(id=482 size=4)
[SwiGLU] dispatch op=1 width=27648 batch=2
[SwiGLU] download n=55296
FSB_L22_SWIGLU_END
FSB_L22_DOWN_BEGIN
FSB_L22_DOWN_END
FSB_L22_FFN_END
FSB_L22_EXIT
FSB_L23_ENTER
FSB_L23_ATTN_NORM_BEGIN
FSB_L23_ATTN_NORM_END
FSB_L23_QKV_BEGIN
FSB_L23_QKV_CPU_FALLBACK
FSB_L23_QKV_END
FSB_L23_ROPE_KV_BEGIN b=0
FSB_L23_ROPE_KV_BEGIN b=1
FSB_L23_ROPE_KV_END
FSB_L23_ATTN_BEGIN
FSB_L23_ATTN_END
FSB_L23_OPROJ_BEGIN
FSB_L23_OPROJ_END
FSB_L23_FFN_NORM_BEGIN
FSB_L23_FFN_NORM_END
FSB_L23_FFN_BEGIN
FSB_L23_FFN_CPU_FALLBACK
FSB_L23_SWIGLU_BEGIN
[SwiGLU] width=27648 batch=2 n=55296 nbytes=221184
[SwiGLU] buf g(id=479 size=221184) u(id=480 size=221184) o(id=481 size=221184) d(id=482 size=4)
[SwiGLU] dispatch op=1 width=27648 batch=2
[SwiGLU] download n=55296
FSB_L23_SWIGLU_END
FSB_L23_DOWN_BEGIN
FSB_L23_DOWN_END
FSB_L23_FFN_END
FSB_L23_EXIT
FSB_L24_ENTER
FSB_L24_ATTN_NORM_BEGIN
FSB_L24_ATTN_NORM_END
FSB_L24_QKV_BEGIN
FSB_L24_QKV_CPU_FALLBACK
FSB_L24_QKV_END
FSB_L24_ROPE_KV_BEGIN b=0
FSB_L24_ROPE_KV_BEGIN b=1
FSB_L24_ROPE_KV_END
FSB_L24_ATTN_BEGIN
FSB_L24_ATTN_END
FSB_L24_OPROJ_BEGIN
FSB_L24_OPROJ_END
FSB_L24_FFN_NORM_BEGIN
FSB_L24_FFN_NORM_END
FSB_L24_FFN_BEGIN
FSB_L24_FFN_CPU_FALLBACK
FSB_L24_SWIGLU_BEGIN
[SwiGLU] width=27648 batch=2 n=55296 nbytes=221184
[SwiGLU] buf g(id=479 size=221184) u(id=480 size=221184) o(id=481 size=221184) d(id=482 size=4)
[SwiGLU] dispatch op=1 width=27648 batch=2
[SwiGLU] download n=55296
FSB_L24_SWIGLU_END
FSB_L24_DOWN_BEGIN
FSB_L24_DOWN_END
FSB_L24_FFN_END
FSB_L24_EXIT
FSB_L25_ENTER
FSB_L25_ATTN_NORM_BEGIN
FSB_L25_ATTN_NORM_END
FSB_L25_QKV_BEGIN
FSB_L25_QKV_CPU_FALLBACK
FSB_L25_QKV_END
FSB_L25_ROPE_KV_BEGIN b=0
FSB_L25_ROPE_KV_BEGIN b=1
FSB_L25_ROPE_KV_END
FSB_L25_ATTN_BEGIN
FSB_L25_ATTN_END
FSB_L25_OPROJ_BEGIN
FSB_L25_OPROJ_END
FSB_L25_FFN_NORM_BEGIN
FSB_L25_FFN_NORM_END
FSB_L25_FFN_BEGIN
FSB_L25_FFN_CPU_FALLBACK
FSB_L25_SWIGLU_BEGIN
[SwiGLU] width=27648 batch=2 n=55296 nbytes=221184
[SwiGLU] buf g(id=479 size=221184) u(id=480 size=221184) o(id=481 size=221184) d(id=482 size=4)
[SwiGLU] dispatch op=1 width=27648 batch=2
[SwiGLU] download n=55296
FSB_L25_SWIGLU_END
FSB_L25_DOWN_BEGIN
FSB_L25_DOWN_END
FSB_L25_FFN_END
FSB_L25_EXIT
FSB_L26_ENTER
FSB_L26_ATTN_NORM_BEGIN
FSB_L26_ATTN_NORM_END
FSB_L26_QKV_BEGIN
FSB_L26_QKV_CPU_FALLBACK
FSB_L26_QKV_END
FSB_L26_ROPE_KV_BEGIN b=0
FSB_L26_ROPE_KV_BEGIN b=1
FSB_L26_ROPE_KV_END
FSB_L26_ATTN_BEGIN
FSB_L26_ATTN_END
FSB_L26_OPROJ_BEGIN
FSB_L26_OPROJ_END
FSB_L26_FFN_NORM_BEGIN
FSB_L26_FFN_NORM_END
FSB_L26_FFN_BEGIN
FSB_L26_FFN_CPU_FALLBACK
FSB_L26_SWIGLU_BEGIN
[SwiGLU] width=27648 batch=2 n=55296 nbytes=221184
[SwiGLU] buf g(id=479 size=221184) u(id=480 size=221184) o(id=481 size=221184) d(id=482 size=4)
[SwiGLU] dispatch op=1 width=27648 batch=2
[SwiGLU] download n=55296
FSB_L26_SWIGLU_END
FSB_L26_DOWN_BEGIN
FSB_L26_DOWN_END
FSB_L26_FFN_END
FSB_L26_EXIT
FSB_L27_ENTER
FSB_L27_ATTN_NORM_BEGIN
FSB_L27_ATTN_NORM_END
FSB_L27_QKV_BEGIN
FSB_L27_QKV_CPU_FALLBACK
FSB_L27_QKV_END
FSB_L27_ROPE_KV_BEGIN b=0
FSB_L27_ROPE_KV_BEGIN b=1
FSB_L27_ROPE_KV_END
FSB_L27_ATTN_BEGIN
FSB_L27_ATTN_END
FSB_L27_OPROJ_BEGIN
FSB_L27_OPROJ_END
FSB_L27_FFN_NORM_BEGIN
FSB_L27_FFN_NORM_END
FSB_L27_FFN_BEGIN
FSB_L27_FFN_CPU_FALLBACK
FSB_L27_SWIGLU_BEGIN
[SwiGLU] width=27648 batch=2 n=55296 nbytes=221184
[SwiGLU] buf g(id=479 size=221184) u(id=480 size=221184) o(id=481 size=221184) d(id=482 size=4)
[SwiGLU] dispatch op=1 width=27648 batch=2
[SwiGLU] download n=55296
FSB_L27_SWIGLU_END
FSB_L27_DOWN_BEGIN
FSB_L27_DOWN_END
FSB_L27_FFN_END
FSB_L27_EXIT
FSB_L28_ENTER
FSB_L28_ATTN_NORM_BEGIN
FSB_L28_ATTN_NORM_END
FSB_L28_QKV_BEGIN
FSB_L28_QKV_CPU_FALLBACK
FSB_L28_QKV_END
FSB_L28_ROPE_KV_BEGIN b=0
FSB_L28_ROPE_KV_BEGIN b=1
FSB_L28_ROPE_KV_END
FSB_L28_ATTN_BEGIN
FSB_L28_ATTN_END
FSB_L28_OPROJ_BEGIN
FSB_L28_OPROJ_END
FSB_L28_FFN_NORM_BEGIN
FSB_L28_FFN_NORM_END
FSB_L28_FFN_BEGIN
FSB_L28_FFN_CPU_FALLBACK
FSB_L28_SWIGLU_BEGIN
[SwiGLU] width=27648 batch=2 n=55296 nbytes=221184
[SwiGLU] buf g(id=479 size=221184) u(id=480 size=221184) o(id=481 size=221184) d(id=482 size=4)
[SwiGLU] dispatch op=1 width=27648 batch=2
[SwiGLU] download n=55296
FSB_L28_SWIGLU_END
FSB_L28_DOWN_BEGIN
FSB_L28_DOWN_END
FSB_L28_FFN_END
FSB_L28_EXIT
FSB_L29_ENTER
FSB_L29_ATTN_NORM_BEGIN
FSB_L29_ATTN_NORM_END
FSB_L29_QKV_BEGIN
FSB_L29_QKV_CPU_FALLBACK
FSB_L29_QKV_END
FSB_L29_ROPE_KV_BEGIN b=0
FSB_L29_ROPE_KV_BEGIN b=1
FSB_L29_ROPE_KV_END
FSB_L29_ATTN_BEGIN
FSB_L29_ATTN_END
FSB_L29_OPROJ_BEGIN
FSB_L29_OPROJ_END
FSB_L29_FFN_NORM_BEGIN
FSB_L29_FFN_NORM_END
FSB_L29_FFN_BEGIN
FSB_L29_FFN_CPU_FALLBACK
FSB_L29_SWIGLU_BEGIN
[SwiGLU] width=27648 batch=2 n=55296 nbytes=221184
[SwiGLU] buf g(id=479 size=221184) u(id=480 size=221184) o(id=481 size=221184) d(id=482 size=4)
[SwiGLU] dispatch op=1 width=27648 batch=2
[SwiGLU] download n=55296
FSB_L29_SWIGLU_END
FSB_L29_DOWN_BEGIN
FSB_L29_DOWN_END
FSB_L29_FFN_END
FSB_L29_EXIT
FSB_L30_ENTER
FSB_L30_ATTN_NORM_BEGIN
FSB_L30_ATTN_NORM_END
FSB_L30_QKV_BEGIN
FSB_L30_QKV_CPU_FALLBACK
FSB_L30_QKV_END
FSB_L30_ROPE_KV_BEGIN b=0
FSB_L30_ROPE_KV_BEGIN b=1
FSB_L30_ROPE_KV_END
FSB_L30_ATTN_BEGIN
FSB_L30_ATTN_END
FSB_L30_OPROJ_BEGIN
FSB_L30_OPROJ_END
FSB_L30_FFN_NORM_BEGIN
FSB_L30_FFN_NORM_END
FSB_L30_FFN_BEGIN
FSB_L30_FFN_CPU_FALLBACK
FSB_L30_SWIGLU_BEGIN
[SwiGLU] width=27648 batch=2 n=55296 nbytes=221184
[SwiGLU] buf g(id=479 size=221184) u(id=480 size=221184) o(id=481 size=221184) d(id=482 size=4)
[SwiGLU] dispatch op=1 width=27648 batch=2
[SwiGLU] download n=55296
FSB_L30_SWIGLU_END
FSB_L30_DOWN_BEGIN
FSB_L30_DOWN_END
FSB_L30_FFN_END
FSB_L30_EXIT
FSB_L31_ENTER
FSB_L31_ATTN_NORM_BEGIN
FSB_L31_ATTN_NORM_END
FSB_L31_QKV_BEGIN
FSB_L31_QKV_CPU_FALLBACK
FSB_L31_QKV_END
FSB_L31_ROPE_KV_BEGIN b=0
FSB_L31_ROPE_KV_BEGIN b=1
FSB_L31_ROPE_KV_END
FSB_L31_ATTN_BEGIN
FSB_L31_ATTN_END
FSB_L31_OPROJ_BEGIN
FSB_L31_OPROJ_END
FSB_L31_FFN_NORM_BEGIN
FSB_L31_FFN_NORM_END
FSB_L31_FFN_BEGIN
FSB_L31_FFN_CPU_FALLBACK
FSB_L31_SWIGLU_BEGIN
[SwiGLU] width=27648 batch=2 n=55296 nbytes=221184
[SwiGLU] buf g(id=479 size=221184) u(id=480 size=221184) o(id=481 size=221184) d(id=482 size=4)
[SwiGLU] dispatch op=1 width=27648 batch=2
[SwiGLU] download n=55296
FSB_L31_SWIGLU_END
FSB_L31_DOWN_BEGIN
FSB_L31_DOWN_END
FSB_L31_FFN_END
FSB_L31_EXIT
FSB_L32_ENTER
FSB_L32_ATTN_NORM_BEGIN
FSB_L32_ATTN_NORM_END
FSB_L32_QKV_BEGIN
FSB_L32_QKV_CPU_FALLBACK
FSB_L32_QKV_END
FSB_L32_ROPE_KV_BEGIN b=0
FSB_L32_ROPE_KV_BEGIN b=1
FSB_L32_ROPE_KV_END
FSB_L32_ATTN_BEGIN
FSB_L32_ATTN_END
FSB_L32_OPROJ_BEGIN
FSB_L32_OPROJ_END
FSB_L32_FFN_NORM_BEGIN
FSB_L32_FFN_NORM_END
FSB_L32_FFN_BEGIN
FSB_L32_FFN_CPU_FALLBACK
FSB_L32_SWIGLU_BEGIN
[SwiGLU] width=27648 batch=2 n=55296 nbytes=221184
[SwiGLU] buf g(id=479 size=221184) u(id=480 size=221184) o(id=481 size=221184) d(id=482 size=4)
[SwiGLU] dispatch op=1 width=27648 batch=2
[SwiGLU] download n=55296
FSB_L32_SWIGLU_END
FSB_L32_DOWN_BEGIN
FSB_L32_DOWN_END
FSB_L32_FFN_END
FSB_L32_EXIT
FSB_L33_ENTER
FSB_L33_ATTN_NORM_BEGIN
FSB_L33_ATTN_NORM_END
FSB_L33_QKV_BEGIN
FSB_L33_QKV_CPU_FALLBACK
FSB_L33_QKV_END
FSB_L33_ROPE_KV_BEGIN b=0
FSB_L33_ROPE_KV_BEGIN b=1
FSB_L33_ROPE_KV_END
FSB_L33_ATTN_BEGIN
FSB_L33_ATTN_END
FSB_L33_OPROJ_BEGIN
FSB_L33_OPROJ_END
FSB_L33_FFN_NORM_BEGIN
FSB_L33_FFN_NORM_END
FSB_L33_FFN_BEGIN
FSB_L33_FFN_CPU_FALLBACK
FSB_L33_SWIGLU_BEGIN
[SwiGLU] width=27648 batch=2 n=55296 nbytes=221184
[SwiGLU] buf g(id=479 size=221184) u(id=480 size=221184) o(id=481 size=221184) d(id=482 size=4)
[SwiGLU] dispatch op=1 width=27648 batch=2
[SwiGLU] download n=55296
FSB_L33_SWIGLU_END
FSB_L33_DOWN_BEGIN
FSB_L33_DOWN_END
FSB_L33_FFN_END
FSB_L33_EXIT
FSB_L34_ENTER
FSB_L34_ATTN_NORM_BEGIN
FSB_L34_ATTN_NORM_END
FSB_L34_QKV_BEGIN
FSB_L34_QKV_CPU_FALLBACK
FSB_L34_QKV_END
FSB_L34_ROPE_KV_BEGIN b=0
FSB_L34_ROPE_KV_BEGIN b=1
FSB_L34_ROPE_KV_END
FSB_L34_ATTN_BEGIN
FSB_L34_ATTN_END
FSB_L34_OPROJ_BEGIN
FSB_L34_OPROJ_END
FSB_L34_FFN_NORM_BEGIN
FSB_L34_FFN_NORM_END
FSB_L34_FFN_BEGIN
FSB_L34_FFN_CPU_FALLBACK
FSB_L34_SWIGLU_BEGIN
[SwiGLU] width=27648 batch=2 n=55296 nbytes=221184
[SwiGLU] buf g(id=479 size=221184) u(id=480 size=221184) o(id=481 size=221184) d(id=482 size=4)
[SwiGLU] dispatch op=1 width=27648 batch=2
[SwiGLU] download n=55296
FSB_L34_SWIGLU_END
FSB_L34_DOWN_BEGIN
FSB_L34_DOWN_END
FSB_L34_FFN_END
FSB_L34_EXIT
FSB_L35_ENTER
FSB_L35_ATTN_NORM_BEGIN
FSB_L35_ATTN_NORM_END
FSB_L35_QKV_BEGIN
FSB_L35_QKV_CPU_FALLBACK
FSB_L35_QKV_END
FSB_L35_ROPE_KV_BEGIN b=0
FSB_L35_ROPE_KV_BEGIN b=1
FSB_L35_ROPE_KV_END
FSB_L35_ATTN_BEGIN
FSB_L35_ATTN_END
FSB_L35_OPROJ_BEGIN
FSB_L35_OPROJ_END
FSB_L35_FFN_NORM_BEGIN
FSB_L35_FFN_NORM_END
FSB_L35_FFN_BEGIN
FSB_L35_FFN_CPU_FALLBACK
FSB_L35_SWIGLU_BEGIN
[SwiGLU] width=27648 batch=2 n=55296 nbytes=221184
[SwiGLU] buf g(id=479 size=221184) u(id=480 size=221184) o(id=481 size=221184) d(id=482 size=4)
[SwiGLU] dispatch op=1 width=27648 batch=2
[SwiGLU] download n=55296
FSB_L35_SWIGLU_END
FSB_L35_DOWN_BEGIN
FSB_L35_DOWN_END
FSB_L35_FFN_END
FSB_L35_EXIT
FSB_L36_ENTER
FSB_L36_ATTN_NORM_BEGIN
FSB_L36_ATTN_NORM_END
FSB_L36_QKV_BEGIN
FSB_L36_QKV_CPU_FALLBACK
FSB_L36_QKV_END
FSB_L36_ROPE_KV_BEGIN b=0
FSB_L36_ROPE_KV_BEGIN b=1
FSB_L36_ROPE_KV_END
FSB_L36_ATTN_BEGIN
FSB_L36_ATTN_END
FSB_L36_OPROJ_BEGIN
FSB_L36_OPROJ_END
FSB_L36_FFN_NORM_BEGIN
FSB_L36_FFN_NORM_END
FSB_L36_FFN_BEGIN
FSB_L36_FFN_CPU_FALLBACK
FSB_L36_SWIGLU_BEGIN
[SwiGLU] width=27648 batch=2 n=55296 nbytes=221184
[SwiGLU] buf g(id=479 size=221184) u(id=480 size=221184) o(id=481 size=221184) d(id=482 size=4)
[SwiGLU] dispatch op=1 width=27648 batch=2
[SwiGLU] download n=55296
FSB_L36_SWIGLU_END
FSB_L36_DOWN_BEGIN
FSB_L36_DOWN_END
FSB_L36_FFN_END
FSB_L36_EXIT
FSB_L37_ENTER
FSB_L37_ATTN_NORM_BEGIN
FSB_L37_ATTN_NORM_END
FSB_L37_QKV_BEGIN
FSB_L37_QKV_CPU_FALLBACK
FSB_L37_QKV_END
FSB_L37_ROPE_KV_BEGIN b=0
FSB_L37_ROPE_KV_BEGIN b=1
FSB_L37_ROPE_KV_END
FSB_L37_ATTN_BEGIN
FSB_L37_ATTN_END
FSB_L37_OPROJ_BEGIN
FSB_L37_OPROJ_END
FSB_L37_FFN_NORM_BEGIN
FSB_L37_FFN_NORM_END
FSB_L37_FFN_BEGIN
FSB_L37_FFN_CPU_FALLBACK
FSB_L37_SWIGLU_BEGIN
[SwiGLU] width=27648 batch=2 n=55296 nbytes=221184
[SwiGLU] buf g(id=479 size=221184) u(id=480 size=221184) o(id=481 size=221184) d(id=482 size=4)
[SwiGLU] dispatch op=1 width=27648 batch=2
[SwiGLU] download n=55296
FSB_L37_SWIGLU_END
FSB_L37_DOWN_BEGIN
FSB_L37_DOWN_END
FSB_L37_FFN_END
FSB_L37_EXIT
FSB_L38_ENTER
FSB_L38_ATTN_NORM_BEGIN
FSB_L38_ATTN_NORM_END
FSB_L38_QKV_BEGIN
FSB_L38_QKV_CPU_FALLBACK
FSB_L38_QKV_END
FSB_L38_ROPE_KV_BEGIN b=0
FSB_L38_ROPE_KV_BEGIN b=1
FSB_L38_ROPE_KV_END
FSB_L38_ATTN_BEGIN
FSB_L38_ATTN_END
FSB_L38_OPROJ_BEGIN
FSB_L38_OPROJ_END
FSB_L38_FFN_NORM_BEGIN
FSB_L38_FFN_NORM_END
FSB_L38_FFN_BEGIN
FSB_L38_FFN_CPU_FALLBACK
FSB_L38_SWIGLU_BEGIN
[SwiGLU] width=27648 batch=2 n=55296 nbytes=221184
[SwiGLU] buf g(id=479 size=221184) u(id=480 size=221184) o(id=481 size=221184) d(id=482 size=4)
[SwiGLU] dispatch op=1 width=27648 batch=2
[SwiGLU] download n=55296
FSB_L38_SWIGLU_END
FSB_L38_DOWN_BEGIN
FSB_L38_DOWN_END
FSB_L38_FFN_END
FSB_L38_EXIT
FSB_L39_ENTER
FSB_L39_ATTN_NORM_BEGIN
FSB_L39_ATTN_NORM_END
FSB_L39_QKV_BEGIN
FSB_L39_QKV_CPU_FALLBACK
FSB_L39_QKV_END
FSB_L39_ROPE_KV_BEGIN b=0
FSB_L39_ROPE_KV_BEGIN b=1
FSB_L39_ROPE_KV_END
FSB_L39_ATTN_BEGIN
FSB_L39_ATTN_END
FSB_L39_OPROJ_BEGIN
FSB_L39_OPROJ_END
FSB_L39_FFN_NORM_BEGIN
FSB_L39_FFN_NORM_END
FSB_L39_FFN_BEGIN
FSB_L39_FFN_CPU_FALLBACK
FSB_L39_SWIGLU_BEGIN
[SwiGLU] width=27648 batch=2 n=55296 nbytes=221184
[SwiGLU] buf g(id=479 size=221184) u(id=480 size=221184) o(id=481 size=221184) d(id=482 size=4)
[SwiGLU] dispatch op=1 width=27648 batch=2
[SwiGLU] download n=55296
FSB_L39_SWIGLU_END
FSB_L39_DOWN_BEGIN
FSB_L39_DOWN_END
FSB_L39_FFN_END
FSB_L39_EXIT
FSB_L40_ENTER
FSB_L40_ATTN_NORM_BEGIN
FSB_L40_ATTN_NORM_END
FSB_L40_QKV_BEGIN
FSB_L40_QKV_CPU_FALLBACK
FSB_L40_QKV_END
FSB_L40_ROPE_KV_BEGIN b=0
FSB_L40_ROPE_KV_BEGIN b=1
FSB_L40_ROPE_KV_END
FSB_L40_ATTN_BEGIN
FSB_L40_ATTN_END
FSB_L40_OPROJ_BEGIN
FSB_L40_OPROJ_END
FSB_L40_FFN_NORM_BEGIN
FSB_L40_FFN_NORM_END
FSB_L40_FFN_BEGIN
FSB_L40_FFN_CPU_FALLBACK
FSB_L40_SWIGLU_BEGIN
[SwiGLU] width=27648 batch=2 n=55296 nbytes=221184
[SwiGLU] buf g(id=479 size=221184) u(id=480 size=221184) o(id=481 size=221184) d(id=482 size=4)
[SwiGLU] dispatch op=1 width=27648 batch=2
[SwiGLU] download n=55296
FSB_L40_SWIGLU_END
FSB_L40_DOWN_BEGIN
FSB_L40_DOWN_END
FSB_L40_FFN_END
FSB_L40_EXIT
FSB_L41_ENTER
FSB_L41_ATTN_NORM_BEGIN
FSB_L41_ATTN_NORM_END
FSB_L41_QKV_BEGIN
FSB_L41_QKV_CPU_FALLBACK
FSB_L41_QKV_END
FSB_L41_ROPE_KV_BEGIN b=0
FSB_L41_ROPE_KV_BEGIN b=1
FSB_L41_ROPE_KV_END
FSB_L41_ATTN_BEGIN
FSB_L41_ATTN_END
FSB_L41_OPROJ_BEGIN
FSB_L41_OPROJ_END
FSB_L41_FFN_NORM_BEGIN
FSB_L41_FFN_NORM_END
FSB_L41_FFN_BEGIN
FSB_L41_FFN_CPU_FALLBACK
FSB_L41_SWIGLU_BEGIN
[SwiGLU] width=27648 batch=2 n=55296 nbytes=221184
[SwiGLU] buf g(id=479 size=221184) u(id=480 size=221184) o(id=481 size=221184) d(id=482 size=4)
[SwiGLU] dispatch op=1 width=27648 batch=2
[SwiGLU] download n=55296
FSB_L41_SWIGLU_END
FSB_L41_DOWN_BEGIN
FSB_L41_DOWN_END
FSB_L41_FFN_END
FSB_L41_EXIT
FSB_L42_ENTER
FSB_L42_ATTN_NORM_BEGIN
FSB_L42_ATTN_NORM_END
FSB_L42_QKV_BEGIN
FSB_L42_QKV_CPU_FALLBACK
FSB_L42_QKV_END
FSB_L42_ROPE_KV_BEGIN b=0
FSB_L42_ROPE_KV_BEGIN b=1
FSB_L42_ROPE_KV_END
FSB_L42_ATTN_BEGIN
FSB_L42_ATTN_END
FSB_L42_OPROJ_BEGIN
FSB_L42_OPROJ_END
FSB_L42_FFN_NORM_BEGIN
FSB_L42_FFN_NORM_END
FSB_L42_FFN_BEGIN
FSB_L42_FFN_CPU_FALLBACK
FSB_L42_SWIGLU_BEGIN
[SwiGLU] width=27648 batch=2 n=55296 nbytes=221184
[SwiGLU] buf g(id=479 size=221184) u(id=480 size=221184) o(id=481 size=221184) d(id=482 size=4)
[SwiGLU] dispatch op=1 width=27648 batch=2
[SwiGLU] download n=55296
FSB_L42_SWIGLU_END
FSB_L42_DOWN_BEGIN
FSB_L42_DOWN_END
FSB_L42_FFN_END
FSB_L42_EXIT
FSB_L43_ENTER
FSB_L43_ATTN_NORM_BEGIN
FSB_L43_ATTN_NORM_END
FSB_L43_QKV_BEGIN
FSB_L43_QKV_CPU_FALLBACK
FSB_L43_QKV_END
FSB_L43_ROPE_KV_BEGIN b=0
FSB_L43_ROPE_KV_BEGIN b=1
FSB_L43_ROPE_KV_END
FSB_L43_ATTN_BEGIN
FSB_L43_ATTN_END
FSB_L43_OPROJ_BEGIN
FSB_L43_OPROJ_END
FSB_L43_FFN_NORM_BEGIN
FSB_L43_FFN_NORM_END
FSB_L43_FFN_BEGIN
FSB_L43_FFN_CPU_FALLBACK
FSB_L43_SWIGLU_BEGIN
[SwiGLU] width=27648 batch=2 n=55296 nbytes=221184
[SwiGLU] buf g(id=479 size=221184) u(id=480 size=221184) o(id=481 size=221184) d(id=482 size=4)
[SwiGLU] dispatch op=1 width=27648 batch=2
[SwiGLU] download n=55296
FSB_L43_SWIGLU_END
FSB_L43_DOWN_BEGIN
FSB_L43_DOWN_END
FSB_L43_FFN_END
FSB_L43_EXIT
FSB_L44_ENTER
FSB_L44_ATTN_NORM_BEGIN
FSB_L44_ATTN_NORM_END
FSB_L44_QKV_BEGIN
FSB_L44_QKV_CPU_FALLBACK
FSB_L44_QKV_END
FSB_L44_ROPE_KV_BEGIN b=0
FSB_L44_ROPE_KV_BEGIN b=1
FSB_L44_ROPE_KV_END
FSB_L44_ATTN_BEGIN
FSB_L44_ATTN_END
FSB_L44_OPROJ_BEGIN
FSB_L44_OPROJ_END
FSB_L44_FFN_NORM_BEGIN
FSB_L44_FFN_NORM_END
FSB_L44_FFN_BEGIN
FSB_L44_FFN_CPU_FALLBACK
FSB_L44_SWIGLU_BEGIN
[SwiGLU] width=27648 batch=2 n=55296 nbytes=221184
[SwiGLU] buf g(id=479 size=221184) u(id=480 size=221184) o(id=481 size=221184) d(id=482 size=4)
[SwiGLU] dispatch op=1 width=27648 batch=2
[SwiGLU] download n=55296
FSB_L44_SWIGLU_END
FSB_L44_DOWN_BEGIN
FSB_L44_DOWN_END
FSB_L44_FFN_END
FSB_L44_EXIT
FSB_L45_ENTER
FSB_L45_ATTN_NORM_BEGIN
FSB_L45_ATTN_NORM_END
FSB_L45_QKV_BEGIN
FSB_L45_QKV_CPU_FALLBACK
FSB_L45_QKV_END
FSB_L45_ROPE_KV_BEGIN b=0
FSB_L45_ROPE_KV_BEGIN b=1
FSB_L45_ROPE_KV_END
FSB_L45_ATTN_BEGIN
FSB_L45_ATTN_END
FSB_L45_OPROJ_BEGIN
FSB_L45_OPROJ_END
FSB_L45_FFN_NORM_BEGIN
FSB_L45_FFN_NORM_END
FSB_L45_FFN_BEGIN
FSB_L45_FFN_CPU_FALLBACK
FSB_L45_SWIGLU_BEGIN
[SwiGLU] width=27648 batch=2 n=55296 nbytes=221184
[SwiGLU] buf g(id=479 size=221184) u(id=480 size=221184) o(id=481 size=221184) d(id=482 size=4)
[SwiGLU] dispatch op=1 width=27648 batch=2
[SwiGLU] download n=55296
FSB_L45_SWIGLU_END
FSB_L45_DOWN_BEGIN
FSB_L45_DOWN_END
FSB_L45_FFN_END
FSB_L45_EXIT
FSB_L46_ENTER
FSB_L46_ATTN_NORM_BEGIN
FSB_L46_ATTN_NORM_END
FSB_L46_QKV_BEGIN
FSB_L46_QKV_CPU_FALLBACK
FSB_L46_QKV_END
FSB_L46_ROPE_KV_BEGIN b=0
FSB_L46_ROPE_KV_BEGIN b=1
FSB_L46_ROPE_KV_END
FSB_L46_ATTN_BEGIN
FSB_L46_ATTN_END
FSB_L46_OPROJ_BEGIN
FSB_L46_OPROJ_END
FSB_L46_FFN_NORM_BEGIN
FSB_L46_FFN_NORM_END
FSB_L46_FFN_BEGIN
FSB_L46_FFN_CPU_FALLBACK
FSB_L46_SWIGLU_BEGIN
[SwiGLU] width=27648 batch=2 n=55296 nbytes=221184
[SwiGLU] buf g(id=479 size=221184) u(id=480 size=221184) o(id=481 size=221184) d(id=482 size=4)
[SwiGLU] dispatch op=1 width=27648 batch=2
[SwiGLU] download n=55296
FSB_L46_SWIGLU_END
FSB_L46_DOWN_BEGIN
FSB_L46_DOWN_END
FSB_L46_FFN_END
FSB_L46_EXIT
FSB_L47_ENTER
FSB_L47_ATTN_NORM_BEGIN
FSB_L47_ATTN_NORM_END
FSB_L47_QKV_BEGIN
FSB_L47_QKV_CPU_FALLBACK
FSB_L47_QKV_END
FSB_L47_ROPE_KV_BEGIN b=0
FSB_L47_ROPE_KV_BEGIN b=1
FSB_L47_ROPE_KV_END
FSB_L47_ATTN_BEGIN
FSB_L47_ATTN_END
FSB_L47_OPROJ_BEGIN
FSB_L47_OPROJ_END
FSB_L47_FFN_NORM_BEGIN
FSB_L47_FFN_NORM_END
FSB_L47_FFN_BEGIN
FSB_L47_FFN_CPU_FALLBACK
FSB_L47_SWIGLU_BEGIN
[SwiGLU] width=27648 batch=2 n=55296 nbytes=221184
[SwiGLU] buf g(id=479 size=221184) u(id=480 size=221184) o(id=481 size=221184) d(id=482 size=4)
[SwiGLU] dispatch op=1 width=27648 batch=2
[SwiGLU] download n=55296
FSB_L47_SWIGLU_END
FSB_L47_DOWN_BEGIN
FSB_L47_DOWN_END
FSB_L47_FFN_END
FSB_L47_EXIT
FSB_L48_ENTER
FSB_L48_ATTN_NORM_BEGIN
FSB_L48_ATTN_NORM_END
FSB_L48_QKV_BEGIN
FSB_L48_QKV_CPU_FALLBACK
FSB_L48_QKV_END
FSB_L48_ROPE_KV_BEGIN b=0
FSB_L48_ROPE_KV_BEGIN b=1
FSB_L48_ROPE_KV_END
FSB_L48_ATTN_BEGIN
FSB_L48_ATTN_END
FSB_L48_OPROJ_BEGIN
FSB_L48_OPROJ_END
FSB_L48_FFN_NORM_BEGIN
FSB_L48_FFN_NORM_END
FSB_L48_FFN_BEGIN
FSB_L48_FFN_CPU_FALLBACK
FSB_L48_SWIGLU_BEGIN
[SwiGLU] width=27648 batch=2 n=55296 nbytes=221184
[SwiGLU] buf g(id=479 size=221184) u(id=480 size=221184) o(id=481 size=221184) d(id=482 size=4)
[SwiGLU] dispatch op=1 width=27648 batch=2
[SwiGLU] download n=55296
FSB_L48_SWIGLU_END
FSB_L48_DOWN_BEGIN
FSB_L48_DOWN_END
FSB_L48_FFN_END
FSB_L48_EXIT
FSB_L49_ENTER
FSB_L49_ATTN_NORM_BEGIN
FSB_L49_ATTN_NORM_END
FSB_L49_QKV_BEGIN
FSB_L49_QKV_CPU_FALLBACK
FSB_L49_QKV_END
FSB_L49_ROPE_KV_BEGIN b=0
FSB_L49_ROPE_KV_BEGIN b=1
FSB_L49_ROPE_KV_END
FSB_L49_ATTN_BEGIN
FSB_L49_ATTN_END
FSB_L49_OPROJ_BEGIN
FSB_L49_OPROJ_END
FSB_L49_FFN_NORM_BEGIN
FSB_L49_FFN_NORM_END
FSB_L49_FFN_BEGIN
FSB_L49_FFN_CPU_FALLBACK
FSB_L49_SWIGLU_BEGIN
[SwiGLU] width=27648 batch=2 n=55296 nbytes=221184
[SwiGLU] buf g(id=479 size=221184) u(id=480 size=221184) o(id=481 size=221184) d(id=482 size=4)
[SwiGLU] dispatch op=1 width=27648 batch=2
[SwiGLU] download n=55296
FSB_L49_SWIGLU_END
FSB_L49_DOWN_BEGIN
FSB_L49_DOWN_END
FSB_L49_FFN_END
FSB_L49_EXIT
FSB_L50_ENTER
FSB_L50_ATTN_NORM_BEGIN
FSB_L50_ATTN_NORM_END
FSB_L50_QKV_BEGIN
FSB_L50_QKV_CPU_FALLBACK
FSB_L50_QKV_END
FSB_L50_ROPE_KV_BEGIN b=0
FSB_L50_ROPE_KV_BEGIN b=1
FSB_L50_ROPE_KV_END
FSB_L50_ATTN_BEGIN
FSB_L50_ATTN_END
FSB_L50_OPROJ_BEGIN
FSB_L50_OPROJ_END
FSB_L50_FFN_NORM_BEGIN
FSB_L50_FFN_NORM_END
FSB_L50_FFN_BEGIN
FSB_L50_FFN_CPU_FALLBACK
FSB_L50_SWIGLU_BEGIN
[SwiGLU] width=27648 batch=2 n=55296 nbytes=221184
[SwiGLU] buf g(id=479 size=221184) u(id=480 size=221184) o(id=481 size=221184) d(id=482 size=4)
[SwiGLU] dispatch op=1 width=27648 batch=2
[SwiGLU] download n=55296
FSB_L50_SWIGLU_END
FSB_L50_DOWN_BEGIN
FSB_L50_DOWN_END
FSB_L50_FFN_END
FSB_L50_EXIT
FSB_L51_ENTER
FSB_L51_ATTN_NORM_BEGIN
FSB_L51_ATTN_NORM_END
FSB_L51_QKV_BEGIN
FSB_L51_QKV_CPU_FALLBACK
FSB_L51_QKV_END
FSB_L51_ROPE_KV_BEGIN b=0
FSB_L51_ROPE_KV_BEGIN b=1
FSB_L51_ROPE_KV_END
FSB_L51_ATTN_BEGIN
FSB_L51_ATTN_END
FSB_L51_OPROJ_BEGIN
FSB_L51_OPROJ_END
FSB_L51_FFN_NORM_BEGIN
FSB_L51_FFN_NORM_END
FSB_L51_FFN_BEGIN
FSB_L51_FFN_CPU_FALLBACK
FSB_L51_SWIGLU_BEGIN
[SwiGLU] width=27648 batch=2 n=55296 nbytes=221184
[SwiGLU] buf g(id=479 size=221184) u(id=480 size=221184) o(id=481 size=221184) d(id=482 size=4)
[SwiGLU] dispatch op=1 width=27648 batch=2
[SwiGLU] download n=55296
FSB_L51_SWIGLU_END
FSB_L51_DOWN_BEGIN
FSB_L51_DOWN_END
FSB_L51_FFN_END
FSB_L51_EXIT
FSB_L52_ENTER
FSB_L52_ATTN_NORM_BEGIN
FSB_L52_ATTN_NORM_END
FSB_L52_QKV_BEGIN
FSB_L52_QKV_CPU_FALLBACK
FSB_L52_QKV_END
FSB_L52_ROPE_KV_BEGIN b=0
FSB_L52_ROPE_KV_BEGIN b=1
FSB_L52_ROPE_KV_END
FSB_L52_ATTN_BEGIN
FSB_L52_ATTN_END
FSB_L52_OPROJ_BEGIN
FSB_L52_OPROJ_END
FSB_L52_FFN_NORM_BEGIN
FSB_L52_FFN_NORM_END
FSB_L52_FFN_BEGIN
FSB_L52_FFN_CPU_FALLBACK
FSB_L52_SWIGLU_BEGIN
[SwiGLU] width=27648 batch=2 n=55296 nbytes=221184
[SwiGLU] buf g(id=479 size=221184) u(id=480 size=221184) o(id=481 size=221184) d(id=482 size=4)
[SwiGLU] dispatch op=1 width=27648 batch=2
[SwiGLU] download n=55296
FSB_L52_SWIGLU_END
FSB_L52_DOWN_BEGIN
FSB_L52_DOWN_END
FSB_L52_FFN_END
FSB_L52_EXIT
FSB_L53_ENTER
FSB_L53_ATTN_NORM_BEGIN
FSB_L53_ATTN_NORM_END
FSB_L53_QKV_BEGIN
FSB_L53_QKV_CPU_FALLBACK
FSB_L53_QKV_END
FSB_L53_ROPE_KV_BEGIN b=0
FSB_L53_ROPE_KV_BEGIN b=1
FSB_L53_ROPE_KV_END
FSB_L53_ATTN_BEGIN
FSB_L53_ATTN_END
FSB_L53_OPROJ_BEGIN
FSB_L53_OPROJ_END
FSB_L53_FFN_NORM_BEGIN
FSB_L53_FFN_NORM_END
FSB_L53_FFN_BEGIN
FSB_L53_FFN_CPU_FALLBACK
FSB_L53_SWIGLU_BEGIN
[SwiGLU] width=27648 batch=2 n=55296 nbytes=221184
[SwiGLU] buf g(id=479 size=221184) u(id=480 size=221184) o(id=481 size=221184) d(id=482 size=4)
[SwiGLU] dispatch op=1 width=27648 batch=2
[SwiGLU] download n=55296
FSB_L53_SWIGLU_END
FSB_L53_DOWN_BEGIN
FSB_L53_DOWN_END
FSB_L53_FFN_END
FSB_L53_EXIT
FSB_L54_ENTER
FSB_L54_ATTN_NORM_BEGIN
FSB_L54_ATTN_NORM_END
FSB_L54_QKV_BEGIN
FSB_L54_QKV_CPU_FALLBACK
FSB_L54_QKV_END
FSB_L54_ROPE_KV_BEGIN b=0
FSB_L54_ROPE_KV_BEGIN b=1
FSB_L54_ROPE_KV_END
FSB_L54_ATTN_BEGIN
FSB_L54_ATTN_END
FSB_L54_OPROJ_BEGIN
FSB_L54_OPROJ_END
FSB_L54_FFN_NORM_BEGIN
FSB_L54_FFN_NORM_END
FSB_L54_FFN_BEGIN
FSB_L54_FFN_CPU_FALLBACK
FSB_L54_SWIGLU_BEGIN
[SwiGLU] width=27648 batch=2 n=55296 nbytes=221184
[SwiGLU] buf g(id=479 size=221184) u(id=480 size=221184) o(id=481 size=221184) d(id=482 size=4)
[SwiGLU] dispatch op=1 width=27648 batch=2
[SwiGLU] download n=55296
FSB_L54_SWIGLU_END
FSB_L54_DOWN_BEGIN
FSB_L54_DOWN_END
FSB_L54_FFN_END
FSB_L54_EXIT
FSB_L55_ENTER
FSB_L55_ATTN_NORM_BEGIN
FSB_L55_ATTN_NORM_END
FSB_L55_QKV_BEGIN
FSB_L55_QKV_CPU_FALLBACK
FSB_L55_QKV_END
FSB_L55_ROPE_KV_BEGIN b=0
FSB_L55_ROPE_KV_BEGIN b=1
FSB_L55_ROPE_KV_END
FSB_L55_ATTN_BEGIN
FSB_L55_ATTN_END
FSB_L55_OPROJ_BEGIN
FSB_L55_OPROJ_END
FSB_L55_FFN_NORM_BEGIN
FSB_L55_FFN_NORM_END
FSB_L55_FFN_BEGIN
FSB_L55_FFN_CPU_FALLBACK
FSB_L55_SWIGLU_BEGIN
[SwiGLU] width=27648 batch=2 n=55296 nbytes=221184
[SwiGLU] buf g(id=479 size=221184) u(id=480 size=221184) o(id=481 size=221184) d(id=482 size=4)
[SwiGLU] dispatch op=1 width=27648 batch=2
[SwiGLU] download n=55296
FSB_L55_SWIGLU_END
FSB_L55_DOWN_BEGIN
FSB_L55_DOWN_END
FSB_L55_FFN_END
FSB_L55_EXIT
FSB_L56_ENTER
FSB_L56_ATTN_NORM_BEGIN
FSB_L56_ATTN_NORM_END
FSB_L56_QKV_BEGIN
FSB_L56_QKV_CPU_FALLBACK
FSB_L56_QKV_END
FSB_L56_ROPE_KV_BEGIN b=0
FSB_L56_ROPE_KV_BEGIN b=1
FSB_L56_ROPE_KV_END
FSB_L56_ATTN_BEGIN
FSB_L56_ATTN_END
FSB_L56_OPROJ_BEGIN
FSB_L56_OPROJ_END
FSB_L56_FFN_NORM_BEGIN
FSB_L56_FFN_NORM_END
FSB_L56_FFN_BEGIN
FSB_L56_FFN_CPU_FALLBACK
FSB_L56_SWIGLU_BEGIN
[SwiGLU] width=27648 batch=2 n=55296 nbytes=221184
[SwiGLU] buf g(id=479 size=221184) u(id=480 size=221184) o(id=481 size=221184) d(id=482 size=4)
[SwiGLU] dispatch op=1 width=27648 batch=2
[SwiGLU] download n=55296
FSB_L56_SWIGLU_END
FSB_L56_DOWN_BEGIN
FSB_L56_DOWN_END
FSB_L56_FFN_END
FSB_L56_EXIT
FSB_L57_ENTER
FSB_L57_ATTN_NORM_BEGIN
FSB_L57_ATTN_NORM_END
FSB_L57_QKV_BEGIN
FSB_L57_QKV_CPU_FALLBACK
FSB_L57_QKV_END
FSB_L57_ROPE_KV_BEGIN b=0
FSB_L57_ROPE_KV_BEGIN b=1
FSB_L57_ROPE_KV_END
FSB_L57_ATTN_BEGIN
FSB_L57_ATTN_END
FSB_L57_OPROJ_BEGIN
FSB_L57_OPROJ_END
FSB_L57_FFN_NORM_BEGIN
FSB_L57_FFN_NORM_END
FSB_L57_FFN_BEGIN
FSB_L57_FFN_CPU_FALLBACK
FSB_L57_SWIGLU_BEGIN
[SwiGLU] width=27648 batch=2 n=55296 nbytes=221184
[SwiGLU] buf g(id=479 size=221184) u(id=480 size=221184) o(id=481 size=221184) d(id=482 size=4)
[SwiGLU] dispatch op=1 width=27648 batch=2
[SwiGLU] download n=55296
FSB_L57_SWIGLU_END
FSB_L57_DOWN_BEGIN
FSB_L57_DOWN_END
FSB_L57_FFN_END
FSB_L57_EXIT
FSB_L58_ENTER
FSB_L58_ATTN_NORM_BEGIN
FSB_L58_ATTN_NORM_END
FSB_L58_QKV_BEGIN
FSB_L58_QKV_CPU_FALLBACK
FSB_L58_QKV_END
FSB_L58_ROPE_KV_BEGIN b=0
FSB_L58_ROPE_KV_BEGIN b=1
FSB_L58_ROPE_KV_END
FSB_L58_ATTN_BEGIN
FSB_L58_ATTN_END
FSB_L58_OPROJ_BEGIN
FSB_L58_OPROJ_END
FSB_L58_FFN_NORM_BEGIN
FSB_L58_FFN_NORM_END
FSB_L58_FFN_BEGIN
FSB_L58_FFN_CPU_FALLBACK
FSB_L58_SWIGLU_BEGIN
[SwiGLU] width=27648 batch=2 n=55296 nbytes=221184
[SwiGLU] buf g(id=479 size=221184) u(id=480 size=221184) o(id=481 size=221184) d(id=482 size=4)
[SwiGLU] dispatch op=1 width=27648 batch=2
[SwiGLU] download n=55296
FSB_L58_SWIGLU_END
FSB_L58_DOWN_BEGIN
FSB_L58_DOWN_END
FSB_L58_FFN_END
FSB_L58_EXIT
FSB_L59_ENTER
FSB_L59_ATTN_NORM_BEGIN
FSB_L59_ATTN_NORM_END
FSB_L59_QKV_BEGIN
FSB_L59_QKV_CPU_FALLBACK
FSB_L59_QKV_END
FSB_L59_ROPE_KV_BEGIN b=0
FSB_L59_ROPE_KV_BEGIN b=1
FSB_L59_ROPE_KV_END
FSB_L59_ATTN_BEGIN
FSB_L59_ATTN_END
FSB_L59_OPROJ_BEGIN
FSB_L59_OPROJ_END
FSB_L59_FFN_NORM_BEGIN
FSB_L59_FFN_NORM_END
FSB_L59_FFN_BEGIN
FSB_L59_FFN_CPU_FALLBACK
FSB_L59_SWIGLU_BEGIN
[SwiGLU] width=27648 batch=2 n=55296 nbytes=221184
[SwiGLU] buf g(id=479 size=221184) u(id=480 size=221184) o(id=481 size=221184) d(id=482 size=4)
[SwiGLU] dispatch op=1 width=27648 batch=2
[SwiGLU] download n=55296
FSB_L59_SWIGLU_END
FSB_L59_DOWN_BEGIN
FSB_L59_DOWN_END
FSB_L59_FFN_END
FSB_L59_EXIT
FSB_L60_ENTER
FSB_L60_ATTN_NORM_BEGIN
FSB_L60_ATTN_NORM_END
FSB_L60_QKV_BEGIN
FSB_L60_QKV_CPU_FALLBACK
FSB_L60_QKV_END
FSB_L60_ROPE_KV_BEGIN b=0
FSB_L60_ROPE_KV_BEGIN b=1
FSB_L60_ROPE_KV_END
FSB_L60_ATTN_BEGIN
FSB_L60_ATTN_END
FSB_L60_OPROJ_BEGIN
FSB_L60_OPROJ_END
FSB_L60_FFN_NORM_BEGIN
FSB_L60_FFN_NORM_END
FSB_L60_FFN_BEGIN
FSB_L60_FFN_CPU_FALLBACK
FSB_L60_SWIGLU_BEGIN
[SwiGLU] width=27648 batch=2 n=55296 nbytes=221184
[SwiGLU] buf g(id=479 size=221184) u(id=480 size=221184) o(id=481 size=221184) d(id=482 size=4)
[SwiGLU] dispatch op=1 width=27648 batch=2
[SwiGLU] download n=55296
FSB_L60_SWIGLU_END
FSB_L60_DOWN_BEGIN
FSB_L60_DOWN_END
FSB_L60_FFN_END
FSB_L60_EXIT
FSB_L61_ENTER
FSB_L61_ATTN_NORM_BEGIN
FSB_L61_ATTN_NORM_END
FSB_L61_QKV_BEGIN
FSB_L61_QKV_CPU_FALLBACK
FSB_L61_QKV_END
FSB_L61_ROPE_KV_BEGIN b=0
FSB_L61_ROPE_KV_BEGIN b=1
FSB_L61_ROPE_KV_END
FSB_L61_ATTN_BEGIN
FSB_L61_ATTN_END
FSB_L61_OPROJ_BEGIN
FSB_L61_OPROJ_END
FSB_L61_FFN_NORM_BEGIN
FSB_L61_FFN_NORM_END
FSB_L61_FFN_BEGIN
FSB_L61_FFN_CPU_FALLBACK
FSB_L61_SWIGLU_BEGIN
[SwiGLU] width=27648 batch=2 n=55296 nbytes=221184
[SwiGLU] buf g(id=479 size=221184) u(id=480 size=221184) o(id=481 size=221184) d(id=482 size=4)
[SwiGLU] dispatch op=1 width=27648 batch=2
[SwiGLU] download n=55296
FSB_L61_SWIGLU_END
FSB_L61_DOWN_BEGIN
FSB_L61_DOWN_END
FSB_L61_FFN_END
FSB_L61_EXIT
FSB_L62_ENTER
FSB_L62_ATTN_NORM_BEGIN
FSB_L62_ATTN_NORM_END
FSB_L62_QKV_BEGIN
FSB_L62_QKV_CPU_FALLBACK
FSB_L62_QKV_END
FSB_L62_ROPE_KV_BEGIN b=0
FSB_L62_ROPE_KV_BEGIN b=1
FSB_L62_ROPE_KV_END
FSB_L62_ATTN_BEGIN
FSB_L62_ATTN_END
FSB_L62_OPROJ_BEGIN
FSB_L62_OPROJ_END
FSB_L62_FFN_NORM_BEGIN
FSB_L62_FFN_NORM_END
FSB_L62_FFN_BEGIN
FSB_L62_FFN_CPU_FALLBACK
FSB_L62_SWIGLU_BEGIN
[SwiGLU] width=27648 batch=2 n=55296 nbytes=221184
[SwiGLU] buf g(id=479 size=221184) u(id=480 size=221184) o(id=481 size=221184) d(id=482 size=4)
[SwiGLU] dispatch op=1 width=27648 batch=2
[SwiGLU] download n=55296
FSB_L62_SWIGLU_END
FSB_L62_DOWN_BEGIN
FSB_L62_DOWN_END
FSB_L62_FFN_END
FSB_L62_EXIT
FSB_L63_ENTER
FSB_L63_ATTN_NORM_BEGIN
FSB_L63_ATTN_NORM_END
FSB_L63_QKV_BEGIN
FSB_L63_QKV_CPU_FALLBACK
FSB_L63_QKV_END
FSB_L63_ROPE_KV_BEGIN b=0
FSB_L63_ROPE_KV_BEGIN b=1
FSB_L63_ROPE_KV_END
FSB_L63_ATTN_BEGIN
FSB_L63_ATTN_END
FSB_L63_OPROJ_BEGIN
FSB_L63_OPROJ_END
FSB_L63_FFN_NORM_BEGIN
FSB_L63_FFN_NORM_END
FSB_L63_FFN_BEGIN
FSB_L63_FFN_CPU_FALLBACK
FSB_L63_SWIGLU_BEGIN
[SwiGLU] width=27648 batch=2 n=55296 nbytes=221184
[SwiGLU] buf g(id=479 size=221184) u(id=480 size=221184) o(id=481 size=221184) d(id=482 size=4)
[SwiGLU] dispatch op=1 width=27648 batch=2
[SwiGLU] download n=55296
FSB_L63_SWIGLU_END
FSB_L63_DOWN_BEGIN
FSB_L63_DOWN_END
FSB_L63_FFN_END
FSB_L63_EXIT
FSB_COPY_HIDDEN
FSB_EXIT_OK
VSGW_FORWARD_BLOCK_OK
VSGW_TOP1_BEGIN
VSGW_TOP1_FALLBACK
VSGW_TOP1_END tok0=198 tok1=198
VSGW_COMMIT_OK accepted=1
VSGW_MIRROR_COMMIT_OK
SPEC_VSGW_END verified=2
SPEC_PATH_ENTER gen=2 rem=2
SPEC_BUILD_PROPOSALS_BEGIN
SPEC_BUILD_PROPOSALS_END count=1
SPEC_VSGW_BEGIN proposals=1
VSGW_ENTER proposals=1 maxEmit=2
VSGW_LOGITS_0_BEGIN
VSGW_LOGITS_0_END first=62980
VSGW_KV_BASE=21 B=1
VSGW_ADVANCE_BY_BEGIN B=1
VSGW_ADVANCE_BY_OK kv=22
VSGW_FORWARD_BLOCK_BEGIN B=1 base=21
FSB_EMBED_BEGIN B=1
FSB_EMBED_OK
FSB_L0_ENTER
FSB_L0_ATTN_NORM_BEGIN
FSB_L0_ATTN_NORM_END
FSB_L0_QKV_BEGIN
FSB_L0_QKV_CPU_FALLBACK
FSB_L0_QKV_END
FSB_L0_ROPE_KV_BEGIN b=0
FSB_L0_ROPE_KV_END
FSB_L0_ATTN_BEGIN
FSB_L0_ATTN_END
FSB_L0_OPROJ_BEGIN
FSB_L0_OPROJ_END
FSB_L0_FFN_NORM_BEGIN
FSB_L0_FFN_NORM_END
FSB_L0_FFN_BEGIN
FSB_L0_FFN_CPU_FALLBACK
FSB_L0_SWIGLU_BEGIN
[SwiGLU] width=27648 batch=1 n=27648 nbytes=110592
[SwiGLU] buf g(id=479 size=221184) u(id=480 size=221184) o(id=481 size=221184) d(id=482 size=4)
[SwiGLU] dispatch op=1 width=27648 batch=1
[SwiGLU] download n=27648
FSB_L0_SWIGLU_END
FSB_L0_DOWN_BEGIN
FSB_L0_DOWN_END
FSB_L0_FFN_END
FSB_L0_EXIT
FSB_L1_ENTER
FSB_L1_ATTN_NORM_BEGIN
FSB_L1_ATTN_NORM_END
FSB_L1_QKV_BEGIN
FSB_L1_QKV_CPU_FALLBACK
FSB_L1_QKV_END
FSB_L1_ROPE_KV_BEGIN b=0
FSB_L1_ROPE_KV_END
FSB_L1_ATTN_BEGIN
FSB_L1_ATTN_END
FSB_L1_OPROJ_BEGIN
FSB_L1_OPROJ_END
FSB_L1_FFN_NORM_BEGIN
FSB_L1_FFN_NORM_END
FSB_L1_FFN_BEGIN
FSB_L1_FFN_CPU_FALLBACK
FSB_L1_SWIGLU_BEGIN
[SwiGLU] width=27648 batch=1 n=27648 nbytes=110592
[SwiGLU] buf g(id=479 size=221184) u(id=480 size=221184) o(id=481 size=221184) d(id=482 size=4)
[SwiGLU] dispatch op=1 width=27648 batch=1
[SwiGLU] download n=27648
FSB_L1_SWIGLU_END
FSB_L1_DOWN_BEGIN
FSB_L1_DOWN_END
FSB_L1_FFN_END
FSB_L1_EXIT
FSB_L2_ENTER
FSB_L2_ATTN_NORM_BEGIN
FSB_L2_ATTN_NORM_END
FSB_L2_QKV_BEGIN
FSB_L2_QKV_CPU_FALLBACK
FSB_L2_QKV_END
FSB_L2_ROPE_KV_BEGIN b=0
FSB_L2_ROPE_KV_END
FSB_L2_ATTN_BEGIN
FSB_L2_ATTN_END
FSB_L2_OPROJ_BEGIN
FSB_L2_OPROJ_END
FSB_L2_FFN_NORM_BEGIN
FSB_L2_FFN_NORM_END
FSB_L2_FFN_BEGIN
FSB_L2_FFN_CPU_FALLBACK
FSB_L2_SWIGLU_BEGIN
[SwiGLU] width=27648 batch=1 n=27648 nbytes=110592
[SwiGLU] buf g(id=479 size=221184) u(id=480 size=221184) o(id=481 size=221184) d(id=482 size=4)
[SwiGLU] dispatch op=1 width=27648 batch=1
[SwiGLU] download n=27648
FSB_L2_SWIGLU_END
FSB_L2_DOWN_BEGIN
FSB_L2_DOWN_END
FSB_L2_FFN_END
FSB_L2_EXIT
FSB_L3_ENTER
FSB_L3_ATTN_NORM_BEGIN
FSB_L3_ATTN_NORM_END
FSB_L3_QKV_BEGIN
FSB_L3_QKV_CPU_FALLBACK
FSB_L3_QKV_END
FSB_L3_ROPE_KV_BEGIN b=0
FSB_L3_ROPE_KV_END
FSB_L3_ATTN_BEGIN
FSB_L3_ATTN_END
FSB_L3_OPROJ_BEGIN
FSB_L3_OPROJ_END
FSB_L3_FFN_NORM_BEGIN
FSB_L3_FFN_NORM_END
FSB_L3_FFN_BEGIN
FSB_L3_FFN_CPU_FALLBACK
FSB_L3_SWIGLU_BEGIN
[SwiGLU] width=27648 batch=1 n=27648 nbytes=110592
[SwiGLU] buf g(id=479 size=221184) u(id=480 size=221184) o(id=481 size=221184) d(id=482 size=4)
[SwiGLU] dispatch op=1 width=27648 batch=1
[SwiGLU] download n=27648
FSB_L3_SWIGLU_END
FSB_L3_DOWN_BEGIN
FSB_L3_DOWN_END
FSB_L3_FFN_END
FSB_L3_EXIT
FSB_L4_ENTER
FSB_L4_ATTN_NORM_BEGIN
FSB_L4_ATTN_NORM_END
FSB_L4_QKV_BEGIN
FSB_L4_QKV_CPU_FALLBACK
FSB_L4_QKV_END
FSB_L4_ROPE_KV_BEGIN b=0
FSB_L4_ROPE_KV_END
FSB_L4_ATTN_BEGIN
FSB_L4_ATTN_END
FSB_L4_OPROJ_BEGIN
FSB_L4_OPROJ_END
FSB_L4_FFN_NORM_BEGIN
FSB_L4_FFN_NORM_END
FSB_L4_FFN_BEGIN
FSB_L4_FFN_CPU_FALLBACK
FSB_L4_SWIGLU_BEGIN
[SwiGLU] width=27648 batch=1 n=27648 nbytes=110592
[SwiGLU] buf g(id=479 size=221184) u(id=480 size=221184) o(id=481 size=221184) d(id=482 size=4)
[SwiGLU] dispatch op=1 width=27648 batch=1
[SwiGLU] download n=27648
FSB_L4_SWIGLU_END
FSB_L4_DOWN_BEGIN
FSB_L4_DOWN_END
FSB_L4_FFN_END
FSB_L4_EXIT
FSB_L5_ENTER
FSB_L5_ATTN_NORM_BEGIN
FSB_L5_ATTN_NORM_END
FSB_L5_QKV_BEGIN
FSB_L5_QKV_CPU_FALLBACK
FSB_L5_QKV_END
FSB_L5_ROPE_KV_BEGIN b=0
FSB_L5_ROPE_KV_END
FSB_L5_ATTN_BEGIN
FSB_L5_ATTN_END
FSB_L5_OPROJ_BEGIN
FATAL_LINEAR_OPROJ layer=5 exc=LinearWBatch4: Q4_K batch GPU path failed under strict mode
VSGW_FORWARD_BLOCK_FAIL
SPEC_VSGW_FAILED_OR_EMPTY
[LOGITS] token=2 min=-37.8151 max=24.8876 mean=-1.4470 std=2.6510 argmax=62980
[LOGITS_HEAD] 6.839417 8.613743 20.044039 5.024037 3.732158
[LOGITS] token=3 min=-11.7520 max=24.8293 mean=-1.2858 std=2.1993 argmax=287
[LOGITS_HEAD] 4.061968 3.522950 2.617863 2.076365 1.296933
RUN_GENERATE_END got=4
THRESHOLD_GEN_END ntok=4 got=4
THRESHOLD_RESULT ntok=4 PASS

=== THRESHOLD ntok=5 ===
SPEC_SETUP_ENTER spec=1
SPEC_INIT_BEGIN
SPEC_INIT_OK
SPEC_LOAD_BEGIN
SPEC_LOAD_END ok=1
SPEC_VK_BEGIN spec=1
SPEC_VK_END initialized=1 devices=2
SPEC_CONFIG_BEGIN
SPEC_CONFIG_END
SPEC_SETUP_EXIT
THRESHOLD_SETUP_OK ntok=5
THRESHOLD_GEN_BEGIN ntok=5
RUN_TOKENIZE_BEGIN n=5
RUN_TOKENIZE_OK tokens=19
RUN_GENERATE_BEGIN prompt=19 out=5
SPEC_PATH_ENTER gen=0 rem=5
SPEC_BUILD_PROPOSALS_BEGIN
SPEC_BUILD_PROPOSALS_END count=2
SPEC_VSGW_BEGIN proposals=2
VSGW_ENTER proposals=2 maxEmit=5
VSGW_LOGITS_0_BEGIN
VSGW_LOGITS_0_END first=198
VSGW_KV_BASE=19 B=2
VSGW_ADVANCE_BY_BEGIN B=2
VSGW_ADVANCE_BY_OK kv=21
VSGW_FORWARD_BLOCK_BEGIN B=2 base=19
FSB_EMBED_BEGIN B=2
FSB_EMBED_OK
FSB_L0_ENTER
FSB_L0_ATTN_NORM_BEGIN
FSB_L0_ATTN_NORM_END
FSB_L0_QKV_BEGIN
FSB_L0_QKV_CPU_FALLBACK
FSB_L0_QKV_END
FSB_L0_ROPE_KV_BEGIN b=0
FSB_L0_ROPE_KV_BEGIN b=1
FSB_L0_ROPE_KV_END
FSB_L0_ATTN_BEGIN
FSB_L0_ATTN_END
FSB_L0_OPROJ_BEGIN
FSB_L0_OPROJ_END
FSB_L0_FFN_NORM_BEGIN
FSB_L0_FFN_NORM_END
FSB_L0_FFN_BEGIN
FSB_L0_FFN_CPU_FALLBACK
FSB_L0_SWIGLU_BEGIN
[SwiGLU] width=27648 batch=2 n=55296 nbytes=221184
[SwiGLU] buf g(id=479 size=221184) u(id=480 size=221184) o(id=481 size=221184) d(id=482 size=4)
[SwiGLU] dispatch op=1 width=27648 batch=2
[SwiGLU] download n=55296
FSB_L0_SWIGLU_END
FSB_L0_DOWN_BEGIN
FSB_L0_DOWN_END
FSB_L0_FFN_END
FSB_L0_EXIT
FSB_L1_ENTER
FSB_L1_ATTN_NORM_BEGIN
FSB_L1_ATTN_NORM_END
FSB_L1_QKV_BEGIN
FSB_L1_QKV_CPU_FALLBACK
FSB_L1_QKV_END
FSB_L1_ROPE_KV_BEGIN b=0
FSB_L1_ROPE_KV_BEGIN b=1
FSB_L1_ROPE_KV_END
FSB_L1_ATTN_BEGIN
FSB_L1_ATTN_END
FSB_L1_OPROJ_BEGIN
FSB_L1_OPROJ_END
FSB_L1_FFN_NORM_BEGIN
FSB_L1_FFN_NORM_END
FSB_L1_FFN_BEGIN
FSB_L1_FFN_CPU_FALLBACK
FSB_L1_SWIGLU_BEGIN
[SwiGLU] width=27648 batch=2 n=55296 nbytes=221184
[SwiGLU] buf g(id=479 size=221184) u(id=480 size=221184) o(id=481 size=221184) d(id=482 size=4)
[SwiGLU] dispatch op=1 width=27648 batch=2
[SwiGLU] download n=55296
FSB_L1_SWIGLU_END
FSB_L1_DOWN_BEGIN
FSB_L1_DOWN_END
FSB_L1_FFN_END
FSB_L1_EXIT
FSB_L2_ENTER
FSB_L2_ATTN_NORM_BEGIN
FSB_L2_ATTN_NORM_END
FSB_L2_QKV_BEGIN
FSB_L2_QKV_CPU_FALLBACK
FSB_L2_QKV_END
FSB_L2_ROPE_KV_BEGIN b=0
FSB_L2_ROPE_KV_BEGIN b=1
FSB_L2_ROPE_KV_END
FSB_L2_ATTN_BEGIN
FSB_L2_ATTN_END
FSB_L2_OPROJ_BEGIN
FSB_L2_OPROJ_END
FSB_L2_FFN_NORM_BEGIN
FSB_L2_FFN_NORM_END
FSB_L2_FFN_BEGIN
FSB_L2_FFN_CPU_FALLBACK
FSB_L2_SWIGLU_BEGIN
[SwiGLU] width=27648 batch=2 n=55296 nbytes=221184
[SwiGLU] buf g(id=479 size=221184) u(id=480 size=221184) o(id=481 size=221184) d(id=482 size=4)
[SwiGLU] dispatch op=1 width=27648 batch=2
[SwiGLU] download n=55296
FSB_L2_SWIGLU_END
FSB_L2_DOWN_BEGIN
FSB_L2_DOWN_END
FSB_L2_FFN_END
FSB_L2_EXIT
FSB_L3_ENTER
FSB_L3_ATTN_NORM_BEGIN
FSB_L3_ATTN_NORM_END
FSB_L3_QKV_BEGIN
FSB_L3_QKV_CPU_FALLBACK
FSB_L3_QKV_END
FSB_L3_ROPE_KV_BEGIN b=0
FSB_L3_ROPE_KV_BEGIN b=1
FSB_L3_ROPE_KV_END
FSB_L3_ATTN_BEGIN
FSB_L3_ATTN_END
FSB_L3_OPROJ_BEGIN
FSB_L3_OPROJ_END
FSB_L3_FFN_NORM_BEGIN
FSB_L3_FFN_NORM_END
FSB_L3_FFN_BEGIN
FSB_L3_FFN_CPU_FALLBACK
FSB_L3_SWIGLU_BEGIN
[SwiGLU] width=27648 batch=2 n=55296 nbytes=221184
[SwiGLU] buf g(id=479 size=221184) u(id=480 size=221184) o(id=481 size=221184) d(id=482 size=4)
[SwiGLU] dispatch op=1 width=27648 batch=2
[SwiGLU] download n=55296
FSB_L3_SWIGLU_END
FSB_L3_DOWN_BEGIN
FSB_L3_DOWN_END
FSB_L3_FFN_END
FSB_L3_EXIT
FSB_L4_ENTER
FSB_L4_ATTN_NORM_BEGIN
FSB_L4_ATTN_NORM_END
FSB_L4_QKV_BEGIN
FSB_L4_QKV_CPU_FALLBACK
FSB_L4_QKV_END
FSB_L4_ROPE_KV_BEGIN b=0
FSB_L4_ROPE_KV_BEGIN b=1
FSB_L4_ROPE_KV_END
FSB_L4_ATTN_BEGIN
FSB_L4_ATTN_END
FSB_L4_OPROJ_BEGIN
FSB_L4_OPROJ_END
FSB_L4_FFN_NORM_BEGIN
FSB_L4_FFN_NORM_END
FSB_L4_FFN_BEGIN
FSB_L4_FFN_CPU_FALLBACK
FSB_L4_SWIGLU_BEGIN
[SwiGLU] width=27648 batch=2 n=55296 nbytes=221184
[SwiGLU] buf g(id=479 size=221184) u(id=480 size=221184) o(id=481 size=221184) d(id=482 size=4)
[SwiGLU] dispatch op=1 width=27648 batch=2
[SwiGLU] download n=55296
FSB_L4_SWIGLU_END
FSB_L4_DOWN_BEGIN
FSB_L4_DOWN_END
FSB_L4_FFN_END
FSB_L4_EXIT
FSB_L5_ENTER
FSB_L5_ATTN_NORM_BEGIN
FSB_L5_ATTN_NORM_END
FSB_L5_QKV_BEGIN
FSB_L5_QKV_CPU_FALLBACK
FSB_L5_QKV_END
FSB_L5_ROPE_KV_BEGIN b=0
FSB_L5_ROPE_KV_BEGIN b=1
FSB_L5_ROPE_KV_END
FSB_L5_ATTN_BEGIN
FSB_L5_ATTN_END
FSB_L5_OPROJ_BEGIN
FSB_L5_OPROJ_END
FSB_L5_FFN_NORM_BEGIN
FSB_L5_FFN_NORM_END
FSB_L5_FFN_BEGIN
FSB_L5_FFN_CPU_FALLBACK
FSB_L5_SWIGLU_BEGIN
[SwiGLU] width=27648 batch=2 n=55296 nbytes=221184
[SwiGLU] buf g(id=479 size=221184) u(id=480 size=221184) o(id=481 size=221184) d(id=482 size=4)
[SwiGLU] dispatch op=1 width=27648 batch=2
[SwiGLU] download n=55296
FSB_L5_SWIGLU_END
FSB_L5_DOWN_BEGIN
FSB_L5_DOWN_END
FSB_L5_FFN_END
FSB_L5_EXIT
FSB_L6_ENTER
FSB_L6_ATTN_NORM_BEGIN
FSB_L6_ATTN_NORM_END
FSB_L6_QKV_BEGIN
FSB_L6_QKV_CPU_FALLBACK
FSB_L6_QKV_END
FSB_L6_ROPE_KV_BEGIN b=0
FSB_L6_ROPE_KV_BEGIN b=1
FSB_L6_ROPE_KV_END
FSB_L6_ATTN_BEGIN
FSB_L6_ATTN_END
FSB_L6_OPROJ_BEGIN
FSB_L6_OPROJ_END
FSB_L6_FFN_NORM_BEGIN
FSB_L6_FFN_NORM_END
FSB_L6_FFN_BEGIN
FSB_L6_FFN_CPU_FALLBACK
FSB_L6_SWIGLU_BEGIN
[SwiGLU] width=27648 batch=2 n=55296 nbytes=221184
[SwiGLU] buf g(id=479 size=221184) u(id=480 size=221184) o(id=481 size=221184) d(id=482 size=4)
[SwiGLU] dispatch op=1 width=27648 batch=2
[SwiGLU] download n=55296
FSB_L6_SWIGLU_END
FSB_L6_DOWN_BEGIN
FSB_L6_DOWN_END
FSB_L6_FFN_END
FSB_L6_EXIT
FSB_L7_ENTER
FSB_L7_ATTN_NORM_BEGIN
FSB_L7_ATTN_NORM_END
FSB_L7_QKV_BEGIN
FSB_L7_QKV_CPU_FALLBACK
FSB_L7_QKV_END
FSB_L7_ROPE_KV_BEGIN b=0
FSB_L7_ROPE_KV_BEGIN b=1
FSB_L7_ROPE_KV_END
FSB_L7_ATTN_BEGIN
FSB_L7_ATTN_END
FSB_L7_OPROJ_BEGIN
FSB_L7_OPROJ_END
FSB_L7_FFN_NORM_BEGIN
FSB_L7_FFN_NORM_END
FSB_L7_FFN_BEGIN
FSB_L7_FFN_CPU_FALLBACK
FSB_L7_SWIGLU_BEGIN
[SwiGLU] width=27648 batch=2 n=55296 nbytes=221184
[SwiGLU] buf g(id=479 size=221184) u(id=480 size=221184) o(id=481 size=221184) d(id=482 size=4)
[SwiGLU] dispatch op=1 width=27648 batch=2
[SwiGLU] download n=55296
FSB_L7_SWIGLU_END
FSB_L7_DOWN_BEGIN
FSB_L7_DOWN_END
FSB_L7_FFN_END
FSB_L7_EXIT
FSB_L8_ENTER
FSB_L8_ATTN_NORM_BEGIN
FSB_L8_ATTN_NORM_END
FSB_L8_QKV_BEGIN
FSB_L8_QKV_CPU_FALLBACK
FSB_L8_QKV_END
FSB_L8_ROPE_KV_BEGIN b=0
FSB_L8_ROPE_KV_BEGIN b=1
FSB_L8_ROPE_KV_END
FSB_L8_ATTN_BEGIN
FSB_L8_ATTN_END
FSB_L8_OPROJ_BEGIN
FSB_L8_OPROJ_END
FSB_L8_FFN_NORM_BEGIN
FSB_L8_FFN_NORM_END
FSB_L8_FFN_BEGIN
FSB_L8_FFN_CPU_FALLBACK
FSB_L8_SWIGLU_BEGIN
[SwiGLU] width=27648 batch=2 n=55296 nbytes=221184
[SwiGLU] buf g(id=479 size=221184) u(id=480 size=221184) o(id=481 size=221184) d(id=482 size=4)
[SwiGLU] dispatch op=1 width=27648 batch=2
[SwiGLU] download n=55296
FSB_L8_SWIGLU_END
FSB_L8_DOWN_BEGIN
_pipeline=1 qgemv_pipeline=1 calibrated=0
DEEP2_DENSE_SLOT slot=0 lo=0 hi=31 speed_weight=1.000
DEEP2_DENSE_SLOT slot=1 lo=32 hi=63 speed_weight=1.000
BATCH9_VULKAN_INIT=DEVICE_BACKED devices=2 plan_active=1
[QuantKernelRegistry] Q4_K GEMV=00007FF755F50F40 dequant=00007FF755F4E080 GetGEMV(12)=00007FF755F50F40 match=1
[QuantKernelRegistry] CPU features: AVX512F=1 AVX512BW=1 AVX512DQ=1 AVX512VNNI=1 AVX2=1 FMA=1 F16C=1
[QuantKernelRegistry] Registered 14 GEMV kernels, 14 dequant kernels
[Deep2Engine] GGUF mapped: arch=qwen2 shards=1 tensors=771 layers=64 hidden=5120 heads=40 kv_heads=8 vocab=152064
ARCH=qwen2
HIDDEN=5120
LAYERS=64
HEADS=40
KV_HEADS=8
HEAD_DIM=128
GQA_GROUP=5
FFN_DIM=27648
ROPE_THETA=1e+06
ROPE_SCALING=1
ROPE_DIM=128
ROPE_NEOX=1
RMS_EPS=1e-06
Q_BIAS=present
K_BIAS=present
V_BIAS=present
TIE_EMBED=0
BATCH9_VK_DEVICE ordinal=0 name=AMD Radeon AI PRO R9700 vendor=0x1002 vram=34208743424 compute_pipeline=1 qgemv_pipeline=1 calibrated=1
BATCH9_VK_DEVICE ordinal=1 name=Microsoft Direct3D12 (AMD Radeon AI PRO R9700) vendor=0x1002 vram=34054242304 compute_pipeline=1 qgemv_pipeline=1 calibrated=0
DEEP2_DENSE_SLOT slot=0 lo=0 hi=31 speed_weight=1.000
DEEP2_DENSE_SLOT slot=1 lo=32 hi=63 speed_weight=1.000
BATCH9_VULKAN_INIT=DEVICE_BACKED devices=2 plan_active=1
