"Line","Path","Kind","Area"
"13","/Windows Kits/10/Include/10.0.26100.0/um/windows.h","ACTIVE_MISSING","Windows Kits"
"15","/Windows Kits/10/Include/10.0.22621.0/um/windows.h","ACTIVE_MISSING","Windows Kits"
"41","/Include/10.0.26100.0/um/windows.h","ACTIVE_MISSING","Include"
"321","deep2_gpu_q4k_gemv_cert.cpp","COMMENTED_MISSING",
"334","src/x.cpp","COMMENTED_PRESENT","x.cpp"
"347","src/config/IDEConfig.h","COMMENTED_PRESENT","config"
"385","x.h","COMMENTED_MISSING",
"395","tests/b009/b009_b_batched_gemm.cpp","COMMENTED_PRESENT","b009"
"440","exactly like src/deep2/GGUFLoader.cpp","COMMENTED_MISSING","deep2"
"481","See cmake/known_empty_sources.txt and receipts/RAWRXD_STUB_CERTIFICATION_SURFACE_001.m","ACTIVE_MISSING","known_empty_sources.txt and receipts"
"542","include/nlohmann/json.hpp and include/nlohmann/json_fwd.hpp","COMMENTED_MISSING","nlohmann"
"544",". src/core/json_instantiations.cpp","COMMENTED_MISSING","core"
"544","nlohmann/json.hpp","COMMENTED_MISSING","json.hpp"
"606","Allow missing_handler_stubs.cpp","ACTIVE_MISSING",
"608","tensor dumping for llama.cpp","ACTIVE_MISSING",
"631","src/asm/RawrXD_IPC_Dispatcher.asm","PRESENT","asm"
"631","src/asm/RawrXD_Disasm_Kernel.asm","PRESENT","asm"
"634","replaces GUI entry_point.cpp","COMMENTED_MISSING",
"634","RawrXD_MainLoop.cpp","COMMENTED_MISSING",
"635","src/win32app/cli_main_headless.cpp","PRESENT","win32app"
"637","see src/modules/engine_manager.cpp","COMMENTED_MISSING","modules"
"643","src/win32app/HeadlessIDE_FileAliases.cpp","COMMENTED_PRESENT","win32app"
"646","src/asm/rawr_cpu_features.asm","PRESENT","asm"
"647","src/cli/rawrxd_cli_link_shims.cpp","PRESENT","cli"
"649","src/rawrxd_link_stubs.cpp","COMMENTED_PRESENT","rawrxd_link_stubs.cpp"
"650","src/core/link_stubs.cpp","COMMENTED_PRESENT","core"
"652","src/rawrxd_inference.cpp","PRESENT","rawrxd_inference.cpp"
"653","src/rawrxd_model_loader.cpp","PRESENT","rawrxd_model_loader.cpp"
"654","src/rawrxd_tokenizer.cpp","PRESENT","rawrxd_tokenizer.cpp"
"655","src/rawrxd_transformer.cpp","PRESENT","rawrxd_transformer.cpp"
"658","rawrxd_cpu_math.cpp. rawrxd_transformer.cpp","COMMENTED_MISSING",
"660","src/rawrxd_cpu_math.cpp","PRESENT","rawrxd_cpu_math.cpp"
"661","src/rawrxd_sampler.cpp","PRESENT","rawrxd_sampler.cpp"
"662","src/gguf_loader.cpp","PRESENT","gguf_loader.cpp"
"663","src/gguf_vocab_resolver.cpp","PRESENT","gguf_vocab_resolver.cpp"
"664","src/core/swarm_scheduler.cpp","PRESENT","core"
"665","src/core/link_stubs.cpp","PRESENT","core"
"666","src/core/gguf_swarm_plan_builder.cpp","PRESENT","core"
"667","src/core/inference_witness.cpp","PRESENT","core"
"668","src/core/execution_governor.cpp","PRESENT","core"
"669","src/core/agent_safety_contract.cpp","PRESENT","core"
"670","src/core/deterministic_replay.cpp","PRESENT","core"
"671","src/core/confidence_gate.cpp","PRESENT","core"
"672","src/core/universal_model_hotpatcher.cpp","PRESENT","core"
"673","src/core/instructions_provider.cpp","PRESENT","core"
"674","src/core/enterprise_license.cpp","PRESENT","core"
"675","src/core/enterprise_license_v2.cpp","PRESENT","core"
"676","src/core/license_anti_tampering.cpp","PRESENT","core"
"679","src/core/agentic_autonomous_config.cpp","PRESENT","core"
"682","src/logging/Logger.cpp","PRESENT","logging"
"685","src/runtime/TensorExecutionRouter.cpp","PRESENT","runtime"
"686","src/runtime/StreamRouterAdapter.cpp","PRESENT","runtime"
"689","src/backend/VulkanGemmDispatcher.cpp","PRESENT","backend"
"690","src/vulkan_compute.cpp","PRESENT","vulkan_compute.cpp"
"701","src/runtime/shared/BP1BraidStreamer.cpp","PRESENT","runtime"
"709","src/runtime/memory/CapacityManager.cpp","PRESENT","runtime"
"711","src/runtime/memory/ResidencyTracker.cpp","PRESENT","runtime"
"712","src/runtime/memory/TensorPlacementManager.cpp","PRESENT","runtime"
"713","src/runtime/memory/TransferScheduler.cpp","PRESENT","runtime"
"714","src/runtime/memory/PredictiveMemoryManager.cpp","PRESENT","runtime"
"715","src/runtime/memory/WorkingSetPredictor.cpp","PRESENT","runtime"
"716","src/inference/NegativeSpaceProfiler.cpp","PRESENT","inference"
"717","B014/build/b014_profiler.cpp","PRESENT","build"
"723","src/cli/swarm_orchestrator.cpp","PRESENT","cli"
"724","src/full_agentic_ide/AgenticIOCPBridge.cpp","COMMENTED_PRESENT","full_agentic_ide"
"725","src/full_agentic_ide/AgenticPlanningOrchestrator.cpp","COMMENTED_PRESENT","full_agentic_ide"
"726","src/full_agentic_ide/FullAgenticIDE.cpp","COMMENTED_PRESENT","full_agentic_ide"
"728","src/agentic/FIMPromptBuilder.cpp","PRESENT","agentic"
"733","src/model_source_resolver.cpp","PRESENT","model_source_resolver.cpp"
"742","real file is src/core/link_stubs.cpp","COMMENTED_MISSING","core"
"743","src/modules/engine_manager.cpp","COMMENTED_PRESENT","modules"
"744","src/modules/codex_ultimate.cpp","COMMENTED_PRESENT","modules"
"745","src/lsp/RawrXD_LSPServer.cpp","COMMENTED_PRESENT","lsp"
"745","LSP server is src/win32app/Win32IDE_LSPServer.cpp","COMMENTED_MISSING","win32app"
"750","src/config/ide_project_config.cpp","PRESENT","config"
"754","src/core/chain_of_thought_engine.cpp","PRESENT","core"
"758","src/core/enterprise_telemetry_compliance.cpp","PRESENT","core"
"759","src/core/enterprise_licensev2_impl.cpp","PRESENT","core"
"762","src/cli/rawrxd_deep_stubs.cpp","PRESENT","cli"
"763","rguf_source/RGUFWriter.cpp","PRESENT","RGUFWriter.cpp"
"764","rguf_source/RGUFLoader.cpp","PRESENT","RGUFLoader.cpp"
"765","rguf_source/RGUFPlatform.cpp","PRESENT","RGUFPlatform.cpp"
"766","rguf_source/RGUFQuant.cpp","PRESENT","RGUFQuant.cpp"
"767","src/agent/autonomous_subagent.cpp","PRESENT","agent"
"768","src/agent/agentic_failure_detector.cpp","PRESENT","agent"
"769","src/agent/agentic_puppeteer.cpp","PRESENT","agent"
"770","src/agent/autonomous_orchestrator.cpp","PRESENT","agent"
"771","src/agent/orchestrator_cli_handler.cpp","PRESENT","agent"
"776","This target compiles src/rawrxd_cpu_math.cpp","COMMENTED_MISSING","rawrxd_cpu_math.cpp"
"899","/src/serve/rawrxd_serve.cpp","ACTIVE_MISSING","src"
"901","src/serve/rawrxd_serve_main.cpp","PRESENT","serve"
"902","src/serve/rawrxd_serve.cpp","PRESENT","serve"
"903","src/serve/rawrxd_model_registry.cpp","PRESENT","serve"
"904","src/serve/rawrxd_serve_inference_plugin.cpp","PRESENT","serve"
"905","src/serve/inference_plugin_backend.cpp","PRESENT","serve"
"906","src/serve/rawrxd_pipe_server.cpp","PRESENT","serve"
"907","src/serve/rawrxd_pipe_server_stubs.cpp","PRESENT","serve"
"931","src/gpu_enforcement.cpp","PRESENT","gpu_enforcement.cpp"
"986","rawrxd_serve_main.cpp","ACTIVE_MISSING",
"997","tests/bp1_smoke_test.cpp","PRESENT","bp1_smoke_test.cpp"
"1048","tests/vulkan_compute_diagnostic.cpp","PRESENT","vulkan_compute_diagnostic.cpp"
"1088","tests/vulkan_tensor_upload_test.cpp","PRESENT","vulkan_tensor_upload_test.cpp"
"1118","tests/vulkan_gemm_test.cpp","PRESENT","vulkan_gemm_test.cpp"
"1149","tests/vulkan_gemv_isolated_test.cpp","PRESENT","vulkan_gemv_isolated_test.cpp"
"1183","tests/vulkan_real_gemm_test.cpp","PRESENT","vulkan_real_gemm_test.cpp"
"1214","tests/vulkan_transformer_gemm_test.cpp","PRESENT","vulkan_transformer_gemm_test.cpp"
"1272","tests/elastic_path_validation_test.cpp","PRESENT","elastic_path_validation_test.cpp"
"1329","tests/fused_qkv_gguf_validation.cpp","PRESENT","fused_qkv_gguf_validation.cpp"
"1391","tests/val_051_2_a_real_token.cpp","PRESENT","val_051_2_a_real_token.cpp"
"1392","src/tokenizer/gguf_embedded_tokenizer.cpp","PRESENT","tokenizer"
"1445","evidence/RAWRXD_PERFORMANCE_001/G3_K3C_E2E_REAL_001/smoke_k3c_e2e.cpp","PRESENT","RAWRXD_PERFORMANCE_001"
"1488","tools/p1_cpu_loadmodel_harness.cpp","PRESENT","p1_cpu_loadmodel_harness.cpp"
"1540","tests/val_051_5_32_token_kv_stability.cpp","PRESENT","val_051_5_32_token_kv_stability.cpp"
"1593","tests/val_051_6_15_token_kv.cpp","PRESENT","val_051_6_15_token_kv.cpp"
"1646","tests/val_051_7_residency_baseline.cpp","PRESENT","val_051_7_residency_baseline.cpp"
"1700","tests/residency_ab_cert.cpp","PRESENT","residency_ab_cert.cpp"
"1755","tools/deep2_expert_control_plane_cert.cpp","PRESENT","deep2_expert_control_plane_cert.cpp"
"1783","tests/fleet_gate.cpp","PRESENT","fleet_gate.cpp"
"1835","tests/validate_val051_evidence.cpp","PRESENT","validate_val051_evidence.cpp"
"1858","tests/test_gguf_tokenizer_bounds.cpp","PRESENT","test_gguf_tokenizer_bounds.cpp"
"1890","tests/test_parseheader_bounds.cpp","PRESENT","test_parseheader_bounds.cpp"
"1913","/tests/test_parseheader_fuzz.cpp","ACTIVE_MISSING","tests"
"1915","tests/test_parseheader_fuzz.cpp","PRESENT","test_parseheader_fuzz.cpp"
"1938","/tests/test_gguf_metadata_bounds.cpp","ACTIVE_MISSING","tests"
"1940","tests/test_gguf_metadata_bounds.cpp","PRESENT","test_gguf_metadata_bounds.cpp"
"1963","/tests/test_gguf_tensor_bounds.cpp","ACTIVE_MISSING","tests"
"1965","tests/test_gguf_tensor_bounds.cpp","PRESENT","test_gguf_tensor_bounds.cpp"
"1997","tests/dual_gpu_smoke_test.cpp","PRESENT","dual_gpu_smoke_test.cpp"
"2048","tools/gguf_inspector.cpp","PRESENT","gguf_inspector.cpp"
"2065","tests/comprehensive_dual_gpu_test.cpp","PRESENT","comprehensive_dual_gpu_test.cpp"
"2116","tests/test_omega1_bridge.cpp","PRESENT","test_omega1_bridge.cpp"
"2173","src/deep2/Deep2Engine_RouterSmokeTest.cpp","PRESENT","deep2"
"2175","src/deep2/MoERouter.cpp","PRESENT","deep2"
"2218","src/deep2/test_gguf_alignment_diagnostic.cpp","PRESENT","deep2"
"2334","/Include/10.0.22621.0/um/windows.h","ACTIVE_MISSING","Include"
"2388","rawrxd_win64.inc","COMMENTED_MISSING",
"2421","src/asm/rawr_globals.asm","PRESENT","asm"
"2423","src/asm/inference_core.asm","PRESENT","asm"
"2424","src/asm/FlashAttention_AVX512.asm","PRESENT","asm"
"2425","src/asm/quant_avx2.asm","PRESENT","asm"
"2426","src/asm/RawrXD_KQuant_Dequant.asm","PRESENT","asm"
"2427","src/asm/RawrXD_AVX512_Dequant_BPE.asm","PRESENT","asm"
"2428","src/asm/RawrXD_PDBKernel_v3.asm","PRESENT","asm"
"2429","src/asm/RawrXD_ModuleEngine.asm","PRESENT","asm"
"2430","src/asm/request_patch.asm","PRESENT","asm"
"2431","src/asm/inference_kernels.asm","PRESENT","asm"
"2432","src/asm/model_bridge_x64.asm","PRESENT","asm"
"2433","src/asm/model_streamer_x64.asm","PRESENT","asm"
"2434","src/asm/RawrXD_DualAgent_Orchestrator.asm","PRESENT","asm"
"2435","src/asm/RawrXD_DiskRecoveryAgent.asm","PRESENT","asm"
"2436","src/asm/disk_recovery_scsi.asm","PRESENT","asm"
"2437","src/asm/RawrXD-AnalyzerDistiller.asm","COMMENTED_PRESENT","asm"
"2438","src/asm/RawrXD-StreamingOrchestrator.asm","COMMENTED_PRESENT","asm"
"2439","src/asm/RawrXD_Telemetry_Kernel.asm","PRESENT","asm"
"2440","src/asm/RawrXD_Prometheus_Exporter.asm","PRESENT","asm"
"2441","src/asm/RawrXD_SelfPatch_Agent.asm","PRESENT","asm"
"2442","src/asm/RawrXD_SourceEdit_Kernel.asm","PRESENT","asm"
"2443","src/asm/feature_dispatch_bridge.asm","PRESENT","asm"
"2444","src/asm/gui_dispatch_bridge.asm","PRESENT","asm"
"2445","src/asm/VulkanKernel_DispatchRaw.asm","PRESENT","asm"
"2446","src/asm/RawrXD_CopilotGapCloser.asm","COMMENTED_PRESENT","asm"
"2447","src/asm/native_speed_kernels.asm","COMMENTED_PRESENT","asm"
"2448","src/asm/DirectML_Bridge.asm","COMMENTED_PRESENT","asm"
"2449","src/asm/RawrXD_Hotpatch_Kernel.asm","COMMENTED_PRESENT","asm"
"2450","src/asm/RawrXD_Snapshot.asm","COMMENTED_PRESENT","asm"
"2451","src/asm/RawrXD_Pyre_Compute.asm","COMMENTED_PRESENT","asm"
"2453","src/masm/rawrxd_math_masm.asm","PRESENT","masm"
"2454","src/masm/rawrxd_transformer_masm_fixed.asm","PRESENT","masm"
"2455","src/masm/rawrxd_transformer_full.asm","PRESENT","masm"
"2457","src/asm/Sovereign_KernelBridge_MASM.asm","PRESENT","asm"
"2458","src/asm/vision_projection_kernel.asm","COMMENTED_PRESENT","asm"
"2459","src/asm/quantum_beaconism_backend.asm","COMMENTED_PRESENT","asm"
"2460","src/asm/RawrXD_DualEngine_QuantumBeacon.asm","COMMENTED_PRESENT","asm"
"2461","src/asm/RawrXD_DualEngine_Pure.asm","COMMENTED_PRESENT","asm"
"2462","src/asm/RawrXD_OverclockGov_Pure.asm","PRESENT","asm"
"2463","src/asm/RawrXD_Emitter_v1.asm","PRESENT","asm"
"2465","src/asm/RawrXD_AuditSystem_Pure.asm","PRESENT","asm"
"2466","src/asm/Advanced_Code_Deobfuscator.asm","PRESENT","asm"
"2467","src/asm/Code_Pattern_Reconstructor.asm","PRESENT","asm"
"2468","src/asm/agentic_deep_thinking_kernels.asm","PRESENT","asm"
"2470","src/deep2/sovereign_deep2_kernels.asm","PRESENT","deep2"
"2471","src/deep2/sovereign_q4k_gemv.asm","PRESENT","deep2"
"2472","src/deep2/sovereign_q4k_gemv_v2.asm","PRESENT","deep2"
"2473","src/deep2/sovereign_q2k_gemv_v2.asm","PRESENT","deep2"
"2474","src/deep2/sovereign_q3k_gemv_v2.asm","PRESENT","deep2"
"2475","src/deep2/sovereign_moe_fused.asm","PRESENT","deep2"
"2477","src/sovereign/puppeteer/Puppeteer_CaptureState.asm","PRESENT","sovereign"
"2478","src/asm/RawrXD_MissingSymbols.asm","COMMENTED_PRESENT","asm"
"2478","duplicates symbols from gold_link_stubs.cpp","COMMENTED_MISSING",
"2479","src/asm/byte_search.asm","COMMENTED_PRESENT","asm"
"2479","duplicate symbols in rawr_engine_link_shims.cpp","COMMENTED_MISSING",
"2480","src/asm/memory_patch.asm","COMMENTED_PRESENT","asm"
"2481","src/x64/rawrxd_quantum_beaconism.asm","COMMENTED_PRESENT","x64"
"2482","src/ai/digestion_scanner.asm","COMMENTED_PRESENT","ai"
"2486","reverse_engineered_stubs.cpp","COMMENTED_MISSING",
"2488","src/unresolved_asm_stubs.asm","COMMENTED_PRESENT","unresolved_asm_stubs.asm"
"2489","agentic_deep_thinking_kernels.asm","COMMENTED_MISSING",
"2489","ai_completion_provider_masm.asm","COMMENTED_MISSING",
"2489","agentic_puppeteer_byte_ops.asm","COMMENTED_MISSING",
"2490","src/RawrXD_Complete_ReverseEngineered.asm","COMMENTED_PRESENT","RawrXD_Complete_ReverseEngineered.asm"
"2571","src/ceo/main.cpp","PRESENT","ceo"
"2574","src/cpu_inference_engine.cpp","PRESENT","cpu_inference_engine.cpp"
"2578","rawrxd_cpu_math.cpp","COMMENTED_MISSING",
"2578","used by rawrxd_transformer.cpp","COMMENTED_MISSING",
"2618","src/core/memory_production.cpp","PRESENT","core"
"2619","src/core/rawrxd_subsystem_api.cpp","PRESENT","core"
"2620","src/core/rawrxd_linker_closure.cpp","PRESENT","core"
"2621","src/infinite/InfinitePerfectionEngine.cpp","COMMENTED_PRESENT","infinite"
"2622","src/swarm/SovereignSwarm.cpp","COMMENTED_PRESENT","swarm"
"2623","src/core/rawrxd_subsystem_api_impl.cpp","PRESENT","core"
"2624","src/core/link_stubs_production.cpp","COMMENTED_PRESENT","core"
"2624","duplicate symbols with rawrxd_subsystem_api.cpp","COMMENTED_MISSING",
"2625","src/vulkan_kernel_bridge.cpp","PRESENT","vulkan_kernel_bridge.cpp"
"2628","src/compression/zlib_runtime_loader.cpp","PRESENT","compression"
"2633","src/engine/gguf_core.cpp","PRESENT","engine"
"2635","src/engine/transformer.cpp","PRESENT","engine"
"2643","src/core/execution_scheduler.cpp","PRESENT","core"
"2647","src/cli/cli_autonomy_loop.cpp","PRESENT","cli"
"2648","src/cli/deep_iteration_engine.cpp","PRESENT","cli"
"2651","src/cli/cli_headless_systems.cpp","PRESENT","cli"
"2656","src/core/streaming_engine_registry.cpp","PRESENT","core"
"2657","src/core/flash_attention.cpp","PRESENT","core"
"2658","src/core/gpu_backend_bridge.cpp","PRESENT","core"
"2661","src/core/native_speed_layer.cpp","PRESENT","core"
"2662","src/core/local_ai_core.cpp","PRESENT","core"
"2663","src/core/native_inference_pipeline.cpp","PRESENT","core"
"2666","src/core/layer_offload_manager.cpp","PRESENT","core"
"2669","src/core/model_memory_hotpatch.cpp","PRESENT","core"
"2670","src/core/byte_level_hotpatcher.cpp","PRESENT","core"
"2671","src/core/unified_hotpatch_manager.cpp","PRESENT","core"
"2672","src/core/proxy_hotpatcher.cpp","PRESENT","core"
"2673","src/core/model_bruteforce_engine.cpp","PRESENT","core"
"2675","src/agent/agentic_hotpatch_orchestrator.cpp","PRESENT","agent"
"2678","src/core/agentic_task_graph.cpp","COMMENTED_PRESENT","core"
"2679","src/core/embedding_engine.cpp","COMMENTED_PRESENT","core"
"2680","src/core/vision_encoder.cpp","COMMENTED_PRESENT","core"
"2683","src/core/vision_token_gate.cpp","PRESENT","core"
"2684","src/core/vision_embedding_cache.cpp","PRESENT","core"
"2685","src/core/vision_kv_isolation.cpp","PRESENT","core"
"2686","src/core/vision_quantized_encoder.cpp","PRESENT","core"
"2687","src/core/vision_gpu_staging.cpp","PRESENT","core"
"2690","src/auth/rbac_engine.cpp","PRESENT","auth"
"2693","src/core/shadow_page_detour.cpp","PRESENT","core"
"2694","src/core/sentinel_watchdog.cpp","PRESENT","core"
"2729","src/agent/llm_http_client.cpp","PRESENT","agent"
"2730","src/agent/model_invoker.cpp","PRESENT","agent"
"2731","src/agent/planner.cpp","PRESENT","agent"
"2732","src/agent/eval_framework.cpp","PRESENT","agent"
"2733","src/ollama_client.cpp","COMMENTED_PRESENT","ollama_client.cpp"
"2736","src/agent/local_reasoning_engine.cpp","PRESENT","agent"
"2739","src/agent/agent_self_repair.cpp","PRESENT","agent"
"2740","src/agent/agent_self_healing_orchestrator.cpp","PRESENT","agent"
"2743","src/agentic/DeterministicReplayEngine.cpp","PRESENT","agentic"
"2744","src/agentic/AgentToolHandlers.cpp","PRESENT","agentic"
"2747","src/agentic/autonomous_recovery_orchestrator.cpp","PRESENT","agentic"
"2749","required by unified_hotpatch_manager.cpp","COMMENTED_MISSING",
"2750","src/core/cot_fallback_system.cpp","PRESENT","core"
"2753","src/agentic/AgenticDeepThinkingEngine.cpp","PRESENT","agentic"
"2756","validation/fault_injection/FaultInjector.cpp","PRESENT","fault_injection"
"2757","validation/fault_injection/WorkerCrashInjector.cpp","PRESENT","fault_injection"
"2758","validation/fault_injection/MemoryPressureInjector.cpp","PRESENT","fault_injection"
"2759","validation/fault_injection/ServiceKillInjector.cpp","PRESENT","fault_injection"
"2760","validation/fault_injection/StateCorruptionInjector.cpp","PRESENT","fault_injection"
"2761","validation/fault_injection/ExceptionStormInjector.cpp","PRESENT","fault_injection"
"2762","validation/recovery_telemetry/RecoveryTelemetry.cpp","PRESENT","recovery_telemetry"
"2765","src/agentic/AgentOrchestrator.cpp","PRESENT","agentic"
"2766","src/agentic/OrchestratorBridge.cpp","PRESENT","agentic"
"2767","src/agentic/AgenticNavigator.cpp","PRESENT","agentic"
"2768","src/agentic/RawrXD_ToolRegistry.cpp","PRESENT","agentic"
"2769","src/agentic/ToolRegistry.cpp","PRESENT","agentic"
"2770","src/agentic/RawrXD_AgentLoop.cpp","PRESENT","agentic"
"2771","src/agentic/agentic_executor.cpp","PRESENT","agentic"
"2774","src/core/auto_repair_orchestrator.cpp","PRESENT","core"
"2775","src/core/agent_memory_indexer.cpp","PRESENT","core"
"2778","src/agent/DiskRecoveryAgent.cpp","PRESENT","agent"
"2783","src/repo/FileIndex.cpp","PRESENT","repo"
"2784","src/repo/SymbolTable.cpp","PRESENT","repo"
"2785","src/repo/ASTCache.cpp","PRESENT","repo"
"2786","src/repo/TypeDatabase.cpp","PRESENT","repo"
"2787","src/repo/CallGraph.cpp","PRESENT","repo"
"2788","src/repo/IncludeGraph.cpp","PRESENT","repo"
"2789","src/repo/SearchIndex.cpp","PRESENT","repo"
"2790","src/repo/EmbeddingIndex.cpp","PRESENT","repo"
"2791","src/build/BuildIntelligence.cpp","PRESENT","build"
"2792","src/diagnostics/DiagnosticsEngine.cpp","PRESENT","diagnostics"
"2798","src/core/swarm_decision_bridge.cpp","PRESENT","core"
"2802","src/core/production_release.cpp","PRESENT","core"
"2805","src/core/webrtc_signaling.cpp","PRESENT","core"
"2808","src/core/gpu_kernel_autotuner.cpp","PRESENT","core"
"2811","src/core/sandbox_integration.cpp","PRESENT","core"
"2814","src/core/amd_gpu_accelerator.cpp","PRESENT","core"
"2815","src/core/unified_memory_executor.cpp","PRESENT","core"
"2816","src/core/model_runtime_gate.cpp","PRESENT","core"
"2819","required by accelerator_router.cpp","COMMENTED_MISSING",
"2820","src/core/intel_gpu_accelerator.cpp","PRESENT","core"
"2821","src/core/arm64_gpu_accelerator.cpp","PRESENT","core"
"2822","src/core/cerebras_wse_accelerator.cpp","PRESENT","core"
"2825","src/core/accelerator_router.cpp","PRESENT","core"
"2828","src/core/pdb_gsi_hash.cpp","PRESENT","core"
"2831","src/core/pdb_native.cpp","PRESENT","core"
"2834","src/core/pdb_reference_provider.cpp","PRESENT","core"
"2839","src/core/camellia256_bridge.cpp","PRESENT","core"
"2840","src/core/swarm_coordinator.cpp","PRESENT","core"
"2841","src/core/swarm_worker.cpp","PRESENT","core"
"2851","src/core/enterprise_feature_manager.cpp","PRESENT","core"
"2853","src/model_config.cpp","PRESENT","model_config.cpp"
"2856","src/core/multi_gpu.cpp","PRESENT","core"
"2859","src/core/engine_registry.cpp","PRESENT","core"
"2862","src/agent/telemetry_collector.cpp","PRESENT","agent"
"2866","src/agentic/BoundedAgentLoop.cpp","PRESENT","agentic"
"2876","src/agentic/DiskRecoveryAgent.cpp","PRESENT","agentic"
"2877","src/agentic/DiskRecoveryToolHandler.cpp","PRESENT","agentic"
"2883","src/core/ai_agent_masm_core_impl.cpp","COMMENTED_PRESENT","core"
"2886","src/core/context_deterioration_hotpatch.cpp","PRESENT","core"
"2887","src/lsp/lsp_hotpatch_bridge.cpp","PRESENT","lsp"
"2888","src/lsp/hotpatch_symbol_provider.cpp","PRESENT","lsp"
"2897","src/core/support_tier.cpp","PRESENT","core"
"2903","src/core/feature_registry.cpp","PRESENT","core"
"2905","src/core/menu_auditor.cpp","PRESENT","core"
"2908","src/lsp/gguf_diagnostic_provider.cpp","PRESENT","lsp"
"2909","src/lsp/RawrXD_LSPServer.cpp","PRESENT","lsp"
"2912","src/core/extension_polyfill_engine.cpp","PRESENT","core"
"2913","src/modules/vscode_extension_api.cpp","PRESENT","modules"
"2916","src/core/js_extension_host.cpp","COMMENTED_PRESENT","core"
"2925","src/agent/agentic_deep_thinking_engine.cpp","PRESENT","agent"
"2928","src/agent/quantum_autonomous_todo_system.cpp","PRESENT","agent"
"2929","src/agent/quantum_multi_model_agent_cycling.cpp","PRESENT","agent"
"2930","src/agent/quantum_dynamic_time_manager.cpp","PRESENT","agent"
"2931","src/agent/quantum_missing_impl.cpp","PRESENT","agent"
"2932","src/agent/quantum_production_orchestrator.cpp","PRESENT","agent"
"2933","src/agent/quantum_agent_orchestrator.cpp","PRESENT","agent"
"2936","src/win32app/Win32IDE_logMessage.cpp","PRESENT","win32app"
"2942","src/core/pt_driver_contract.cpp","PRESENT","core"
"2949","src/core/voice_chat.cpp","PRESENT","core"
"2952","src/core/voice_automation.cpp","PRESENT","core"
"2955","src/core/directml_compute.cpp","PRESENT","core"
"2956","src/core/gguf_dml_bridge.cpp","PRESENT","core"
"2957","src/core/dml_streaming_integration.cpp","PRESENT","core"
"2958","src/core/dml_asm_fallback.cpp","PRESENT","core"
"2962","src/core/watchdog_service.cpp","PRESENT","core"
"2965","src/core/shortcut_manager.cpp","PRESENT","core"
"2966","src/core/backup_manager.cpp","PRESENT","core"
"2967","src/core/alert_system.cpp","PRESENT","core"
"2970","shared_feature_dispatch.cpp","COMMENTED_MISSING",
"2971","superseded by unified_command_dispatch.cpp","COMMENTED_MISSING",
"2972","src/core/feature_registration.cpp","PRESENT","core"
"2973","src/core/feature_handlers.cpp","PRESENT","core"
"2974","src/core/auto_feature_registry.cpp","PRESENT","core"
"2975","src/core/intent_engine.cpp","PRESENT","core"
"2976","src/core/model_training_pipeline.cpp","PRESENT","core"
"2977","src/core/ssot_handlers.cpp","PRESENT","core"
"2978","src/core/ssot_beacon.cpp","PRESENT","core"
"2979","src/core/ssot_handlers_ext_runtime_minimal.cpp","PRESENT","core"
"2980","src/core/ssot_validation.cpp","PRESENT","core"
"2983","src/core/unified_command_dispatch.cpp","PRESENT","core"
"2989","src/core/reasoning_profile.cpp","PRESENT","core"
"2990","src/core/reasoning_pipeline_orchestrator.cpp","PRESENT","core"
"2991","src/core/reasoning_cot_bridge.cpp","PRESENT","core"
"2994","src/core/rawrxd_state_mmf.cpp","PRESENT","core"
"3001","src/core/live_binary_patcher.cpp","COMMENTED_PRESENT","core"
"3004","src/core/traversal_strategy.cpp","PRESENT","core"
"3005","src/core/layer_contribution_scorer.cpp","PRESENT","core"
"3006","src/core/semantic_delta_tracker.cpp","PRESENT","core"
"3007","src/core/cross_run_tensor_cache.cpp","PRESENT","core"
"3008","src/core/convergence_controller.cpp","PRESENT","core"
"3009","src/core/iterative_tensor_traversal.cpp","PRESENT","core"
"3016","src/core/sqlite_wrapper.cpp","PRESENT","core"
"3020","src/core/thread_pool.cpp","PRESENT","core"
"3023","src/core/memory_pressure_handler.cpp","PRESENT","core"
"3026","src/core/jsonrpc_parser.cpp","PRESENT","core"
"3029","src/agentic/multi_file_transaction.cpp","PRESENT","agentic"
"3030","src/core/transaction_journal.cpp","PRESENT","core"
"3033","src/agentic/agentic_transaction.cpp","PRESENT","agentic"
"3036","src/agentic/agent_workflow_orchestrator.cpp","PRESENT","agentic"
"3039","src/core/vector_index.cpp","PRESENT","core"
"3042","src/agentic/model_cascade.cpp","PRESENT","agentic"
"3045","src/agentic/context_assembler.cpp","PRESENT","agentic"
"3053","src/core/crash_containment.cpp","PRESENT","core"
"3054","src/core/patch_rollback_ledger.cpp","PRESENT","core"
"3055","src/core/quant_hysteresis.cpp","PRESENT","core"
"3056","src/core/perf_telemetry.cpp","PRESENT","core"
"3065","src/core/prompt_template_engine.cpp","PRESENT","core"
"3071","src/ai/streaming_inference_engine.cpp","PRESENT","ai"
"3072","src/ai/speculative_tree_attention_bridge.cpp","PRESENT","ai"
"3078","required by speculative_decoder.cpp","COMMENTED_MISSING",
"3098","src/gpu/gpu_backend.cpp","PRESENT","gpu"
"3113","src/tools/multi_model_benchmark.cpp","COMMENTED_PRESENT","tools"
"3116","src/agentic_agent_coordinator.cpp","PRESENT","agentic_agent_coordinator.cpp"
"3119","src/production_config_manager.cpp","PRESENT","production_config_manager.cpp"
"3126","src/core/deterministic_swarm.cpp","PRESENT","core"
"3131","src/core/input_guard_slicer.cpp","PRESENT","core"
"3136","src/test_harness/replay_fixture.cpp","PRESENT","test_harness"
"3137","src/test_harness/replay_oracle.cpp","PRESENT","test_harness"
"3138","src/test_harness/replay_mock_inference.cpp","PRESENT","test_harness"
"3139","src/test_harness/replay_harness.cpp","PRESENT","test_harness"
"3140","src/test_harness/replay_reporter.cpp","PRESENT","test_harness"
"3142","Read tools.instructions.m","COMMENTED_MISSING",
"3146","src/core/distributed_pipeline_orchestrator.cpp","PRESENT","core"
"3149","src/core/hotpatch_control_plane.cpp","PRESENT","core"
"3152","src/core/static_analysis_engine.cpp","PRESENT","core"
"3155","src/core/problems_aggregator.cpp","PRESENT","core"
"3179","src/core/code_linter.cpp","COMMENTED_PRESENT","core"
"3182","src/core/semantic_code_intelligence.cpp","PRESENT","core"
"3191","src/repointel/ScopeTree.cpp","PRESENT","repointel"
"3192","src/repointel/RepositoryUniverse.cpp","PRESENT","repointel"
"3198","src/core/autonomous_workflow_engine.cpp","COMMENTED_PRESENT","core"
"3199","src/core/workspace_reasoning_profiles.cpp","PRESENT","core"
"3200","src/core/reasoning_schema_versioning.cpp","PRESENT","core"
"3201","src/core/safe_refactor_engine.cpp","PRESENT","core"
"3204","src/core/unlinked_symbols_batch_001.cpp","PRESENT","core"
"3205","src/core/unlinked_symbols_batch_002.cpp","COMMENTED_PRESENT","core"
"3205","duplicate symbols with RawrXD_Pyre_Compute.asm","COMMENTED_MISSING",
"3206","src/core/unlinked_symbols_batch_003.cpp","PRESENT","core"
"3207","src/core/unlinked_symbols_batch_004.cpp","COMMENTED_PRESENT","core"
"3207","duplicate symbols with RawrXD_Hotpatch_Kernel.asm and RawrXD_Snapshot.asm","COMMENTED_MISSING",
"3208","src/core/unlinked_symbols_batch_005.cpp","PRESENT","core"
"3209","src/core/unlinked_symbols_batch_006.cpp","PRESENT","core"
"3210","src/core/unlinked_symbols_batch_007.cpp","PRESENT","core"
"3211","src/core/unlinked_symbols_batch_008.cpp","PRESENT","core"
"3212","src/core/unlinked_symbols_batch_009.cpp","COMMENTED_PRESENT","core"
"3213","src/core/unlinked_symbols_batch_010.cpp","COMMENTED_PRESENT","core"
"3214","src/core/unlinked_symbols_batch_011.cpp","COMMENTED_PRESENT","core"
"3215","src/core/unlinked_symbols_batch_012.cpp","PRESENT","core"
"3216","src/core/unlinked_symbols_batch_022.cpp","COMMENTED_PRESENT","core"
"3217","src/core/unlinked_symbols_batch_013.cpp","COMMENTED_PRESENT","core"
"3217","duplicate symbols with RawrXD_AgenticOrchestrator.asm","COMMENTED_MISSING",
"3220","src/core/unlinked_symbols_batch_018.cpp","COMMENTED_PRESENT","core"
"3220","duplicate symbols with unlinked_symbols_batch_001.cpp","COMMENTED_MISSING",
"3221","src/core/unlinked_symbols_batch_019.cpp","COMMENTED_PRESENT","core"
"3221","duplicate symbols with unlinked_symbols_batch_005.cpp and unlinked_symbols_batch_011.cpp","COMMENTED_MISSING",
"3222","src/core/unlinked_symbols_batch_020.cpp","COMMENTED_PRESENT","core"
"3225","src/core/streaming_orchestrator.cpp","COMMENTED_PRESENT","core"
"3226","src/core/analyzer_distiller.cpp","COMMENTED_PRESENT","core"
"3229","rawrengine_missing_stubs.cpp","COMMENTED_MISSING",
"3230","src/core/rawrengine_missing_stubs.cpp","COMMENTED_PRESENT","core"
"3233","src/core/update_signature.cpp","COMMENTED_PRESENT","core"
"3234","src/core/cursor_github_parity_bridge.cpp","PRESENT","core"
"3235","src/core/local_parity_bridge.cpp","PRESENT","core"
"3236","src/core/swarm_reconciliation.cpp","PRESENT","core"
"3237","src/core/quickjs_sandbox.cpp","COMMENTED_PRESENT","core"
"3238","src/core/plugin_signature.cpp","COMMENTED_PRESENT","core"
"3239","src/core/enterprise_stress_tests.cpp","PRESENT","core"
"3240","src/core/auto_update_system.cpp","PRESENT","core"
"3253","src/core/knowledge_graph_core.cpp","PRESENT","core"
"3256","src/core/swarm_conflict_resolver.cpp","PRESENT","core"
"3259","src/core/autonomous_debugger.cpp","PRESENT","core"
"3274","src/context/semantic_index.cpp","PRESENT","context"
"3308","coherent implementation. Real scheduler is swarm_scheduler.cpp","COMMENTED_MISSING",
"3328","src/deep2/AntiPatcher.cpp","PRESENT","deep2"
"3336","src/deep2/StreamEngine.cpp","PRESENT","deep2"
"3341","src/deep2/Deep2ModelRuntime.cpp","PRESENT","deep2"
"3343","src/deep2/Deep2Engine.cpp","PRESENT","deep2"
"3345","src/deep2/InferenceWire.cpp","COMMENTED_PRESENT","deep2"
"3346","src/deep2/Deep2Engine_Speculative.cpp","PRESENT","deep2"
"3347","src/deep2/Sampler.cpp","PRESENT","deep2"
"3348","src/deep2/Tokenizer.cpp","PRESENT","deep2"
"3354","src/asm/k2_real_attention/RawrXD_K2_RealAttention_x64.asm","PRESENT","asm"
"3355","src/deep2/ElasticResidencyManager.cpp","PRESENT","deep2"
"3357","src/deep2/CycloneScheduler.cpp","PRESENT","deep2"
"3390","src/deep2/ProductionProfiler.cpp","PRESENT","deep2"
"3397","src/deep2/QuantKernelRegistry.cpp","PRESENT","deep2"
"3410","src/deep2/Deep2ExecutionGraph.cpp","PRESENT","deep2"
"3411","src/deep2/StreamRouter.cpp","PRESENT","deep2"
"3419","src/deep2/CompressedKVCache.cpp","PRESENT","deep2"
"3420","src/deep2/NVMeStream.cpp","PRESENT","deep2"
"3429","src/deep2/mars/MARSController.cpp","PRESENT","deep2"
"3435","Do not compile unresolved_stubs_all.cpp","COMMENTED_MISSING",
"3444","Replace SSOT minimal/isolated lane with full ssot_handlers_ext.cpp","ACTIVE_MISSING","isolated lane with full ssot_handlers_ext.cpp"
"3461","src/core/masm_stress_harness.cpp","PRESENT","core"
"3462","src/core/convergence_stress_harness.cpp","PRESENT","core"
"3479","agentic_bridge_headless.cpp","COMMENTED_MISSING",
"3480","Required by RawrXD_AgentLoop.cpp","COMMENTED_MISSING",
"3481","dml_asm_fallback.cpp","COMMENTED_MISSING",
"3483","//.cpp","ACTIVE_MISSING",""
"3486","/stubs//.cpp","ACTIVE_MISSING","stubs"
"3487","_stub//.cpp","ACTIVE_MISSING",""
"3492","_stubs//.asm","ACTIVE_MISSING",""
"3493","/stubs//.asm","ACTIVE_MISSING","stubs"
"3494","_stub//.asm","ACTIVE_MISSING",""
"3495","//.asm","ACTIVE_MISSING",""
"3512","/src/core/missing_handler_stubs.cpp","ACTIVE_MISSING","src"
"3515","src/core/missing_handler_stubs.cpp","PRESENT","core"
"3523","src/core/ssot_handlers_ext_isolated.cpp","COMMENTED_PRESENT","core"
"3526","src/core/ssot_handlers_ext.cpp","PRESENT","core"
"3528","using full src/core/ssot_handlers_ext.cpp","ACTIVE_MISSING","core"
"3534","src/asm/memory_patch.asm","PRESENT","asm"
"3535","src/asm/byte_search.asm","PRESENT","asm"
"3557","src/swarm/InfinitePerfectionTelemetry.cpp","PRESENT","swarm"
"3558","src/swarm/InfinitePerfectionTelemetrySQLite.cpp","PRESENT","swarm"
"3559","src/swarm/TelemetryDashboardServer.cpp","PRESENT","swarm"
"3560","src/swarm/IDEIntegration.cpp","PRESENT","swarm"
"3561","src/swarm/LearningSimulator.cpp","PRESENT","swarm"
"3563","Remove streaming_orchestrator.cpp and analyzer_distiller.cpp","COMMENTED_MISSING",
"3564","src/core/streaming_orchestrator.cpp","PRESENT","core"
"3565","src/core/analyzer_distiller.cpp","PRESENT","core"
"3566","Remove streaming_inference_engine.cpp","COMMENTED_MISSING",
"3569","Remove unified_command_dispatch.cpp and agentic_transaction.cpp","COMMENTED_MISSING",
"3576","Remove model_config.cpp","COMMENTED_MISSING",
"3578","byte_level_hotpatcher.cpp","COMMENTED_MISSING",
"3581","Remove quantum_agent_orchestrator.cpp","COMMENTED_MISSING",
"3583","Remove RawrXD_AgentLoop.cpp and DiskRecoveryToolHandler.cpp - reference AgentToolRegistry from excluded ToolRegistry.cpp","COMMENTED_MISSING",
"3587","quantum_missing_impl.cpp","COMMENTED_MISSING",
"3632","auto_feature_registry.cpp","COMMENTED_MISSING",
"3632","do not also link EXT handlers or ssot_handlers.cpp","COMMENTED_MISSING",
"3635","src/core/ssot_handlers_ext_dedicated.cpp","PRESENT","core"
"3688","src/core/ConfigurationValidator.cpp","PRESENT","core"
"3690","src/agentic/ErrorRecoveryManager.cpp","PRESENT","agentic"
"3692","src/link_stubs/rawrengine_link_closure.cpp","COMMENTED_PRESENT","link_stubs"
"3694","rawrengine_command_handlers.cpp","COMMENTED_MISSING",
"3696","src/core/rawrengine_command_handlers.cpp","COMMENTED_PRESENT","core"
"3705","src/win32app/Win32IDE_VSCodeExtAPI.cpp","PRESENT","win32app"
"3708","src/modules/quickjs_extension_host.cpp","PRESENT","modules"
"3709","src/modules/quickjs_vscode_bindings.cpp","PRESENT","modules"
"3716","src/win32app/Win32IDE.cpp","PRESENT","win32app"
"3717","src/win32app/main_win32.cpp","PRESENT","win32app"
"3725","src/core/js_extension_host_headless_impl.cpp","PRESENT","core"
"3728","src/core/rawrxd_native_log_impl.cpp","COMMENTED_PRESENT","core"
"3728","Duplicate - RawrXD_Native_Log defined in unlinked_symbols_batch_012.cpp","COMMENTED_MISSING",
"3730","src/deep2/Chamber.cpp","PRESENT","deep2"
"3731","src/deep2/PlasmaGovernor.cpp","PRESENT","deep2"
"3732","src/deep2/SovereignOutOfCoreRuntime.cpp","PRESENT","deep2"
"3734","src/deep2/BP16Streamer.cpp","PRESENT","deep2"
"3736","src/deep2/ToroidalKVCache.cpp","PRESENT","deep2"
"3848","OmegaPowerShellBridge.cpp","COMMENTED_MISSING",
"3850","/OmegaPowerShellBridge.cpp","COMMENTED_MISSING","OmegaPowerShellBridge.cpp"
"3854","/OmegaPowerShellBridge.h","COMMENTED_MISSING","OmegaPowerShellBridge.h"
"3880","/zlib_runtime_loader.cpp","ACTIVE_MISSING","zlib_runtime_loader.cpp"
"3884","/zlib_runtime_loader.hpp","ACTIVE_MISSING","zlib_runtime_loader.hpp"
"3899","/RawrXD_Compression.asm","ACTIVE_MISSING","RawrXD_Compression.asm"
"3908","Assembling RawrXD_Compression.asm","ACTIVE_MISSING",
"3946","src/deep2/sovereign_q4_1_gemv.asm","PRESENT","deep2"
"3947","src/deep2/sovereign_q5_k_gemv.asm","PRESENT","deep2"
"3948","src/deep2/sovereign_q6_k_gemv.asm","PRESENT","deep2"
"3949","src/deep2/sovereign_q8_0_gemv.asm","PRESENT","deep2"
"3950","src/deep2/sovereign_fp16_gemv.asm","PRESENT","deep2"
"4032","real impl in sovereign_engines.cpp","COMMENTED_MISSING",
"4043","Enable the console entry point in src/main.cpp","COMMENTED_MISSING","main.cpp"
"4056","src/core/native_debugger_engine.cpp","PRESENT","core"
"4057","src/core/native_debugger_symbols.cpp","PRESENT","core"
"4059","src/core/command_handlers_lsp.cpp","PRESENT","core"
"4060","src/core/command_handlers_asm.cpp","PRESENT","core"
"4061","src/core/command_handlers_hybrid.cpp","PRESENT","core"
"4062","src/core/command_handlers_comprehensive.cpp","PRESENT","core"
"4064","src/core/asm_symbols_stub.cpp","COMMENTED_PRESENT","core"
"4070","RawrEngine PRIVATE src/core/auto_feature_stub_impl.cpp","ACTIVE_MISSING","core"
"4103","src/core/rawrengine_command_handlers.cpp","PRESENT","core"
"4107","APPEND GOLD_UNDERSCORE_SOURCES src/core/ignite_800b.cpp","ACTIVE_MISSING","core"
"4108","Transcendence coordinator required by rawrengine_command_handlers.cpp","COMMENTED_MISSING",
"4109","APPEND GOLD_UNDERSCORE_SOURCES src/core/transcendence_coordinator.cpp","ACTIVE_MISSING","core"
"4110","CoT fallback system required by unified_hotpatch_manager.cpp","COMMENTED_MISSING",
"4111","APPEND GOLD_UNDERSCORE_SOURCES src/core/cot_fallback_system.cpp","ACTIVE_MISSING","core"
"4113","APPEND GOLD_UNDERSCORE_SOURCES src/core/minimal_gold_main.cpp","ACTIVE_MISSING","core"
"4114","rawr_engine_link_shims.cpp removed - it duplicates symbols from streaming_orchestrator.cpp","COMMENTED_MISSING",
"4115","and analyzer_distiller.cpp","COMMENTED_MISSING",
"4116","Remove unlinked_symbols_batch files that duplicate symbols from streaming_orchestrator.cpp","COMMENTED_MISSING",
"4118","/unlinked_symbols_batch_001//.cpp","ACTIVE_MISSING","unlinked_symbols_batch_001"
"4119","/unlinked_symbols_batch_002//.cpp","ACTIVE_MISSING","unlinked_symbols_batch_002"
"4120","/unlinked_symbols_batch_003//.cpp","ACTIVE_MISSING","unlinked_symbols_batch_003"
"4121","/unlinked_symbols_batch_004//.cpp","ACTIVE_MISSING","unlinked_symbols_batch_004"
"4122","/unlinked_symbols_batch_005//.cpp","ACTIVE_MISSING","unlinked_symbols_batch_005"
"4123","/unlinked_symbols_batch_006//.cpp","ACTIVE_MISSING","unlinked_symbols_batch_006"
"4124","/unlinked_symbols_batch_007//.cpp","ACTIVE_MISSING","unlinked_symbols_batch_007"
"4125","/unlinked_symbols_batch_008//.cpp","ACTIVE_MISSING","unlinked_symbols_batch_008"
"4126","/unlinked_symbols_batch_009//.cpp","ACTIVE_MISSING","unlinked_symbols_batch_009"
"4127","/unlinked_symbols_batch_010//.cpp","ACTIVE_MISSING","unlinked_symbols_batch_010"
"4128","/unlinked_symbols_batch_011//.cpp","ACTIVE_MISSING","unlinked_symbols_batch_011"
"4129","/unlinked_symbols_batch_012//.cpp","ACTIVE_MISSING","unlinked_symbols_batch_012"
"4130","Remove RawrXD_LSPServer.cpp","COMMENTED_MISSING",
"4131","/RawrXD_LSPServer//.cpp","ACTIVE_MISSING","RawrXD_LSPServer"
"4132","Remove lsp_hotpatch_bridge.cpp","COMMENTED_MISSING",
"4133","/lsp_hotpatch_bridge//.cpp","ACTIVE_MISSING","lsp_hotpatch_bridge"
"4134","Remove rawr_engine_link_shims.cpp - it duplicates symbols from streaming_orchestrator.cpp","COMMENTED_MISSING",
"4135","/rawr_engine_link_shims//.cpp","ACTIVE_MISSING","rawr_engine_link_shims"
"4137","/mesh_brain//.cpp","ACTIVE_MISSING","mesh_brain"
"4138","/speciator_engine//.cpp","ACTIVE_MISSING","speciator_engine"
"4139","/hardware_synthesizer//.cpp","ACTIVE_MISSING","hardware_synthesizer"
"4141","/pyre_compute//.cpp","ACTIVE_MISSING","pyre_compute"
"4142","/byte_level_hotpatcher//.cpp","ACTIVE_MISSING","byte_level_hotpatcher"
"4143","/shadow_page_detour//.cpp","ACTIVE_MISSING","shadow_page_detour"
"4144","/auto_repair_orchestrator//.cpp","ACTIVE_MISSING","auto_repair_orchestrator"
"4145","/agent_self_healing_orchestrator//.cpp","ACTIVE_MISSING","agent_self_healing_orchestrator"
"4146","/rawrxd_linker_closure//.cpp","ACTIVE_MISSING","rawrxd_linker_closure"
"4147","/camellia256_bridge//.cpp","ACTIVE_MISSING","camellia256_bridge"
"4148","/rawrxd_subsystem_api//.cpp","ACTIVE_MISSING","rawrxd_subsystem_api"
"4149","/perf_telemetry//.cpp","ACTIVE_MISSING","perf_telemetry"
"4150","/update_signature//.cpp","ACTIVE_MISSING","update_signature"
"4151","/neural_bridge//.cpp","ACTIVE_MISSING","neural_bridge"
"4152","/omega_orchestrator//.cpp","ACTIVE_MISSING","omega_orchestrator"
"4154","/unified_hotpatch_manager//.cpp","ACTIVE_MISSING","unified_hotpatch_manager"
"4155","/sentinel_watchdog//.cpp","ACTIVE_MISSING","sentinel_watchdog"
"4157","/hotpatch_symbol_provider//.cpp","ACTIVE_MISSING","hotpatch_symbol_provider"
"4158","/gguf_diagnostic_provider//.cpp","ACTIVE_MISSING","gguf_diagnostic_provider"
"4159","/feature_handlers//.cpp","ACTIVE_MISSING","feature_handlers"
"4160","/iterative_tensor_traversal//.cpp","ACTIVE_MISSING","iterative_tensor_traversal"
"4161","/execution_scheduler//.cpp","ACTIVE_MISSING","execution_scheduler"
"4162","/agentic_decision_tree//.cpp","ACTIVE_MISSING","agentic_decision_tree"
"4163","/agentic_task_graph//.cpp","ACTIVE_MISSING","agentic_task_graph"
"4164","/agent_self_repair//.cpp","ACTIVE_MISSING","agent_self_repair"
"4165","/model_bruteforce_engine//.cpp","ACTIVE_MISSING","model_bruteforce_engine"
"4166","/rawrengine_command_handlers//.cpp","ACTIVE_MISSING","rawrengine_command_handlers"
"4168","/cli_autonomy_loop//.cpp","ACTIVE_MISSING","cli_autonomy_loop"
"4169","/autonomous_recovery_orchestrator//.cpp","ACTIVE_MISSING","autonomous_recovery_orchestrator"
"4170","/AgentOrchestrator//.cpp","ACTIVE_MISSING","AgentOrchestrator"
"4171","/ToolRegistry//.cpp","ACTIVE_MISSING","ToolRegistry"
"4172","/agentic_deep_thinking_engine//.cpp","ACTIVE_MISSING","agentic_deep_thinking_engine"
"4174","/quantum_autonomous_todo_system//.cpp","ACTIVE_MISSING","quantum_autonomous_todo_system"
"4175","/quantum_production_orchestrator//.cpp","ACTIVE_MISSING","quantum_production_orchestrator"
"4176","/quantum_multi_model_agent_cycling//.cpp","ACTIVE_MISSING","quantum_multi_model_agent_cycling"
"4177","/quantum_missing_impl//.cpp","ACTIVE_MISSING","quantum_missing_impl"
"4178","Exclude streaming_inference_engine.cpp","COMMENTED_MISSING",
"4179","/streaming_inference_engine//.cpp","ACTIVE_MISSING","streaming_inference_engine"
"4180","Exclude link_stubs_production.cpp","COMMENTED_MISSING",
"4181","/link_stubs_production//.cpp","ACTIVE_MISSING","link_stubs_production"
"4182","Exclude memory_production.cpp","COMMENTED_MISSING",
"4183","/memory_production//.cpp","ACTIVE_MISSING","memory_production"
"4184","Exclude unified_command_dispatch.cpp and agentic_transaction.cpp","COMMENTED_MISSING",
"4185","/unified_command_dispatch//.cpp","ACTIVE_MISSING","unified_command_dispatch"
"4186","/agentic_transaction//.cpp","ACTIVE_MISSING","agentic_transaction"
"4203","APPEND GOLD_UNDERSCORE_SOURCES src/core/ssot_handlers_ext.cpp","ACTIVE_MISSING","core"
"4214","src/core/auto_feature_stub_impl.cpp","PRESENT","core"
"4220","REMOVE_ITEM GOLD_UNDERSCORE_SOURCES src/core/rawrengine_missing_stubs.cpp","ACTIVE_MISSING","core"
"4243","_scanner//.asm","ACTIVE_MISSING",""
"4244","_kernel//.asm","ACTIVE_MISSING",""
"4256","MultiResponseEngine methods are defined inline in win32app/multi_response_engine.h","COMMENTED_MISSING","multi_response_engine.h"
"4257","standalone .cpp","COMMENTED_MISSING",
"4259","REMOVE_ITEM GOLD_UNDERSCORE_SOURCES src/core/multi_response_engine.cpp","ACTIVE_MISSING","core"
"4271","src/ui/entry_point.cpp","PRESENT","ui"
"4275","src/gold_stubs/gold_link_stubs.cpp","COMMENTED_PRESENT","gold_stubs"
"4277","gold_link_closure.cpp","COMMENTED_MISSING",
"4280","link_symbols_impl.cpp","COMMENTED_MISSING",
"4283","src/core/gold_link_closure.cpp","PRESENT","core"
"4284","src/core/link_symbols_impl.cpp","PRESENT","core"
"4316","/deep2_link_stubs//.cpp","ACTIVE_MISSING","deep2_link_stubs"
"4317","vulkan_kernel_stubs.cpp","COMMENTED_MISSING",
"4318","VulkanKernel_DispatchRaw.asm","COMMENTED_MISSING",
"4319","which is defined in vulkan_kernel_stubs.cpp","COMMENTED_MISSING",
"4414","/gold/RawrXD_Gold.m","ACTIVE_MISSING","gold"
"4415","/RawrXD_Gold.m","ACTIVE_MISSING","RawrXD_Gold.m"
"4452","src/core/gold_patch_symbol_stubs.cpp","COMMENTED_PRESENT","core"
"4452","Removed - symbols now in rawr_engine_link_shims.cpp","COMMENTED_MISSING",
"4463","tests/gguf_link_impl.cpp","PRESENT","gguf_link_impl.cpp"
"4466","src/core/native_gguf_loader_link_impl.cpp","COMMENTED_PRESENT","core"
"4469","src/core/gold_inference_profiler_minimal.cpp","PRESENT","core"
"4471","src/core/gold_enterprise_devunlock_impl.cpp","PRESENT","core"
"4472","src/core/gold_beacon_handlers.cpp","PRESENT","core"
"4473","src/core/neural_bridge.cpp","PRESENT","core"
"4474","src/core/omega_orchestrator.cpp","PRESENT","core"
"4475","src/core/mesh_brain.cpp","PRESENT","core"
"4476","src/core/speciator_engine.cpp","PRESENT","core"
"4477","src/core/self_host_engine.cpp","PRESENT","core"
"4478","src/core/hardware_synthesizer.cpp","PRESENT","core"
"4479","Removed - conflicts with minimal_gold_main.cpp","COMMENTED_MISSING",
"4481","src/ui/RawrXD_MainLoop.cpp","COMMENTED_PRESENT","ui"
"4485","src/asm/RawrXD_PE_Exporter.asm","PRESENT","asm"
"4496","some checked-in .asm","COMMENTED_MISSING",
"4503","/src/asm/requantize_q4km_to_q2k_avx512.asm","ACTIVE_MISSING","src"
"4507","/src/asm/gpu_requantize_rocm.asm","ACTIVE_MISSING","src"
"4511","/src/asm/swarm_tensor_stream.asm","ACTIVE_MISSING","src"
"4515","/src/asm/RawrXD_MonacoCore.asm","ACTIVE_MISSING","src"
"4519","/src/asm/RawrXD_PDBKernel.asm","ACTIVE_MISSING","src"
"4523","/src/asm/RawrXD_RouterBridge.asm","ACTIVE_MISSING","src"
"4527","/src/asm/RawrXD_GSIHash.asm","ACTIVE_MISSING","src"
"4531","/src/asm/RawrXD_RefProvider.asm","ACTIVE_MISSING","src"
"4535","/src/asm/RawrXD_StubDetector.asm","ACTIVE_MISSING","src"
"4539","/src/asm/rawrxd_cot_engine.asm","ACTIVE_MISSING","src"
"4543","/src/asm/rawrxd_cot_dll_entry.asm","ACTIVE_MISSING","src"
"4547","/src/asm/rawrxd_cot_phase39.asm","ACTIVE_MISSING","src"
"4551","/src/asm/RawrXD_LSP_SymbolIndex.asm","ACTIVE_MISSING","src"
"4555","/src/asm/RawrCodex.asm","ACTIVE_MISSING","src"
"4559","/src/asm/RawrXD_Debug_Engine.asm","ACTIVE_MISSING","src"
"4563","/src/asm/RawrXD_QuadBuffer_Streamer.asm","ACTIVE_MISSING","src"
"4567","/src/asm/RawrXD_Swarm_Network.asm","ACTIVE_MISSING","src"
"4571","/src/asm/RawrXD_EnterpriseLicense.asm","ACTIVE_MISSING","src"
"4575","/src/asm/RawrXD_License_Shield.asm","ACTIVE_MISSING","src"
"4579","/src/asm/RawrXD_VulkanBridge.asm","ACTIVE_MISSING","src"
"4583","/src/asm/RawrXD_SocketResponder.asm","ACTIVE_MISSING","src"
"4587","/src/asm/RawrXD_TridentBeacon.asm","ACTIVE_MISSING","src"
"4591","/src/asm/RawrXD_TridentBeacon_GPU.asm","ACTIVE_MISSING","src"
"4595","/src/asm/RawrXD_AgenticOrchestrator.asm","ACTIVE_MISSING","src"
"4599","/src/asm/RawrXD_GGUF_Vulkan_Loader.asm","ACTIVE_MISSING","src"
"4603","/src/asm/RawrXD_LSP_AI_Bridge.asm","ACTIVE_MISSING","src"
"4607","/src/asm/RawrXD_Streaming_QuadBuffer.asm","ACTIVE_MISSING","src"
"4611","/src/asm/RawrXD_SelfPatch_Engine.asm","ACTIVE_MISSING","src"
"4616","/src/kernels/rdna3/RDNA3_Full_Test.asm","ACTIVE_MISSING","src"
"4620","/src/asm/RawrXD_Camellia256.asm","ACTIVE_MISSING","src"
"4624","/src/asm/RawrXD_Camellia256_Auth.asm","ACTIVE_MISSING","src"
"4628","/src/asm/RawrXD_KQuant_Kernel.asm","ACTIVE_MISSING","src"
"4632","/src/asm/RawrXD_Watchdog.asm","ACTIVE_MISSING","src"
"4636","/src/asm/RawrXD_SelfHost_Engine.asm","ACTIVE_MISSING","src"
"4640","/src/asm/RawrXD_HardwareSynthesizer.asm","ACTIVE_MISSING","src"
"4644","/src/asm/RawrXD_MeshBrain.asm","ACTIVE_MISSING","src"
"4648","/src/asm/RawrXD_Speciator.asm","ACTIVE_MISSING","src"
"4652","/src/asm/RawrXD_NeuralBridge.asm","ACTIVE_MISSING","src"
"4656","/src/asm/RawrXD_OmegaOrchestrator.asm","ACTIVE_MISSING","src"
"4660","/src/asm/RawrXD_PerfCounters.asm","ACTIVE_MISSING","src"
"4662","these .asm","COMMENTED_MISSING",
"4668","/src/asm/RawrXD_Hotpatch_Kernel.asm","ACTIVE_MISSING","src"
"4672","/src/asm/RawrXD_Snapshot.asm","ACTIVE_MISSING","src"
"4676","/src/asm/RawrXD_Pyre_Compute.asm","ACTIVE_MISSING","src"
"4680","/src/asm/RawrXD_CopilotGapCloser.asm","ACTIVE_MISSING","src"
"4684","/src/asm/native_speed_kernels.asm","ACTIVE_MISSING","src"
"4688","/src/gpu_masm/deflate_brutal_masm.asm","ACTIVE_MISSING","src"
"4770","/src/asm/RawrXD_NanoQuant_Engine.asm","ACTIVE_MISSING","src"
"4773","src/ggml/ggml_nanoquant.cpp","PRESENT","ggml"
"4774","src/agentic/agent_tool_quantize.cpp","PRESENT","agentic"
"4848","RawrCodex.asm","COMMENTED_MISSING",
"4855","/bin/RawrEngine.m","ACTIVE_MISSING","bin"
"4856","/RawrEngine.m","ACTIVE_MISSING","RawrEngine.m"
"4891","src/rawrxd_transformer_forwardbatch.cpp","PRESENT","rawrxd_transformer_forwardbatch.cpp"
"4895","Differential oracle for src/deep2/k_quant_gemv_avx512.h","COMMENTED_MISSING","deep2"
"4899","kquant_parity_check.cpp","PRESENT",
"4912","src/core/ignite_800b.cpp","PRESENT","core"
"4934","src/core/memory_stubs.cpp","PRESENT","core"
"4935","src/core/cpu_features.cpp","PRESENT","core"
"4971","tests/b009/b009b_batched_gemm.cpp","PRESENT","b009"
"4973","src/codec/compression.cpp","COMMENTED_PRESENT","codec"
"4973","requires zlib.h and lz4.h","COMMENTED_MISSING",
"4982","while Deep2Engine.cpp","COMMENTED_MISSING",
"4988","src/deep2/InferenceWire.hpp","COMMENTED_PRESENT","deep2"
"4992","src/deep2/InferenceWire.cpp","PRESENT","deep2"
"4993","src/deep2/strict_gpu_violations.cpp","PRESENT","deep2"
"4994","src/deep2/VramStreamingController.cpp","PRESENT","deep2"
"4995","src/deep2/expert_cache/ExpertCache.cpp","PRESENT","deep2"
"4996","src/deep2/expert_cache/VulkanExpertTransport.cpp","PRESENT","deep2"
"4997","src/deep2/expert_cache/HostStagingRing.cpp","PRESENT","deep2"
"5004","src/deep2/expert_cache/ExpertScheduler.cpp","PRESENT","deep2"
"5005","src/deep2/expert_cache/PackedExpertSlicer.cpp","PRESENT","deep2"
"5006","src/deep2/expert_cache/ExpertTensorCatalog.cpp","PRESENT","deep2"
"5007","src/deep2/expert_cache/Deep2ExpertCacheBridge.cpp","PRESENT","deep2"
"5008","src/deep2/expert_cache/Deep2MultiGpuExpertCache.cpp","PRESENT","deep2"
"5009","src/deep2/expert_cache/Deep2StackGuard.cpp","PRESENT","deep2"
"5016","src/deep2/Deep2RooflineGovernor.cpp","PRESENT","deep2"
"5017","src/deep2/Deep2DualGpuBalancer.cpp","PRESENT","deep2"
"5018","src/deep2/Deep2ExpertResidency.cpp","PRESENT","deep2"
"5019","src/deep2/Deep2PredictiveRouter.cpp","PRESENT","deep2"
"5020","src/deep2/Deep2PersistentDecode.cpp","PRESENT","deep2"
"5021","src/deep2/Deep2CommandBatch.cpp","PRESENT","deep2"
"5022","src/deep2/Deep2RooflineCert.cpp","PRESENT","deep2"
"5023","src/deep2/Deep2RooflineRatchet.cpp","PRESENT","deep2"
"5024","src/deep2/Deep2RooflineRuntime.cpp","PRESENT","deep2"
"5031","src/deep2/ChatTemplate.cpp","PRESENT","deep2"
"5036","so ModelRegistry.cpp","COMMENTED_MISSING",
"5037","or admission fails to link. QuantKernelRegistry.cpp","COMMENTED_MISSING",
"5040","that library also carries QuantKernelRegistry.cpp","COMMENTED_MISSING",
"5041","src/deep2/ModelRegistry.cpp","PRESENT","deep2"
"5047","src/deep2/AttnCertProbe.cpp","PRESENT","deep2"
"5106","src/core/AmdGpuPowerBackend.cpp","PRESENT","core"
"5107","src/core/GpuDecodeEfficiency.cpp","PRESENT","core"
"5108","src/deep2/Deep2DeviceManager.cpp","PRESENT","deep2"
"5110","src/deep2/Deep2MultiGpuLayerPlan.cpp","PRESENT","deep2"
"5111","src/deep2/GpuScheduler.cpp","PRESENT","deep2"
"5113","src/deep2/vulkan_compute.cpp","PRESENT","deep2"
"5114","src/deep2/Deep2Engine_VulkanRuntime.cpp","PRESENT","deep2"
"5115","src/deep2/Deep2DualGpuRowSplit.cpp","PRESENT","deep2"
"5116","src/deep2/Deep2Engine_GpuMoEMLA.cpp","PRESENT","deep2"
"5122","src/deep2/Deep2B66RuntimeMeta.cpp","PRESENT","deep2"
"5123","src/deep2/Deep2Engine_GpuForward.cpp","PRESENT","deep2"
"5125","src/deep2/Deep2Engine_SsVkDecodeBind.cpp","PRESENT","deep2"
"5127","src/deep2/lavapath/DualStickStreamWindow.cpp","PRESENT","deep2"
"5128","src/deep2/lavapath/DualStickStreamWindow_Acquire.cpp","PRESENT","deep2"
"5129","src/deep2/lavapath/DualStickStreamWindow_Emit.cpp","PRESENT","deep2"
"5130","src/deep2/lavapath/DualStickEnvSnap.cpp","PRESENT","deep2"
"5144","src/deep2/lavapath/KN_O3KKEN.asm","PRESENT","deep2"
"5145","src/deep2/lavapath/r25_productopen_masm.asm","PRESENT","deep2"
"5261","src/agentic/RawrXD_AutonomousFlow.cpp","COMMENTED_PRESENT","agentic"
"5262","src/agentic/RawrXD_AutonomousCoordinator_Final.cpp","COMMENTED_PRESENT","agentic"
"5293","src/agentic/SovereignCodeGenerator.cpp","COMMENTED_PRESENT","agentic"
"5298","src/agentic/StreamingResultChannel.cpp","PRESENT","agentic"
"5299","src/agentic/streaming_command_handler.cpp","PRESENT","agentic"
"5307","verified .cpp","COMMENTED_MISSING",
"5330","src/deep2/Beaconism.cpp","PRESENT","deep2"
"5332","src/sovereign/verify_integration.cpp","COMMENTED_PRESENT","sovereign"
"5343","inference_standalone_link_shims.cpp","COMMENTED_MISSING",
"5345","APPEND INFERENCE_ENGINE_SOURCES src/inference/inference_standalone_link_shims.cpp","COMMENTED_MISSING","inference"
"5379","src/agentic_model_streamer_bridge.cpp","PRESENT","agentic_model_streamer_bridge.cpp"
"5383","src/deep2/AgentToolAuthority.cpp","PRESENT","deep2"
"5387","src/agentic/StreamingToolParser.cpp","PRESENT","agentic"
"5388","src/agentic/AgentToolRegistry.cpp","PRESENT","agentic"
"5389","src/agentic/CommandExecutor.cpp","PRESENT","agentic"
"5395","src/agentic/CheckpointRollbackAuthority.cpp","PRESENT","agentic"
"5396","src/agentic/AgentStateManager.cpp","PRESENT","agentic"
"5397","src/agentic/AgentToolOrchestrator.cpp","PRESENT","agentic"
"5398","AgentToolOrchestrator.cpp","COMMENTED_MISSING",
"5402","src/agentic/ModelToolProtocol.cpp","PRESENT","agentic"
"5403","src/security/JwtValidator.cpp","PRESENT","security"
"5405","src/deep2/TimeReverseDigest.cpp","PRESENT","deep2"
"5525","src/asm/RawrXD_KQuant_Kernel.asm","PRESENT","asm"
"5539","src/deep2/QuantKB.asm","PRESENT","deep2"
"5540","src/asm/Deep2Device_Score.asm","PRESENT","asm"
"5541","src/asm/Deep2Device_Pick.asm","PRESENT","asm"
"5542","src/asm/Deep2R1_StrEq.asm","PRESENT","asm"
"5543","src/asm/Deep2R1_IsArch.asm","PRESENT","asm"
"5544","src/asm/Deep2R1_GlobData.asm","PRESENT","asm"
"5545","src/asm/Deep2R1_MlaData.asm","PRESENT","asm"
"5546","src/asm/Deep2R1_MoeData.asm","PRESENT","asm"
"5547","src/asm/Deep2R1_Scan.asm","PRESENT","asm"
"5548","src/asm/Deep2R1_Decode.asm","PRESENT","asm"
"5549","src/asm/Deep2R1_Validate.asm","PRESENT","asm"
"5550","src/asm/Deep2R1_LayerKind.asm","PRESENT","asm"
"5551","src/asm/Deep2R1_SplitKVB.asm","PRESENT","asm"
"5552","src/asm/Deep2ThreadAffinity.asm","PRESENT","asm"
"5553","src/asm/Deep2OuterStr.asm","PRESENT","asm"
"5554","src/asm/Deep2OuterEnv.asm","PRESENT","asm"
"5555","src/asm/Deep2OuterParse.asm","PRESENT","asm"
"5556","src/asm/Deep2OuterParseIdx.asm","PRESENT","asm"
"5557","src/asm/Deep2OuterGGUF.asm","PRESENT","asm"
"5558","src/asm/Deep2OuterPath.asm","PRESENT","asm"
"5559","src/asm/Deep2OuterShardApply.asm","PRESENT","asm"
"5560","src/asm/Deep2OuterShardScan.asm","PRESENT","asm"
"5561","src/asm/Deep2OuterShardCheck.asm","PRESENT","asm"
"5562","src/asm/Deep2OuterPrintIO.asm","PRESENT","asm"
"5563","src/asm/Deep2OuterPrint.asm","PRESENT","asm"
"5564","src/asm/Deep2OuterEvidence.asm","PRESENT","asm"
"5565","src/asm/Deep2OuterResolve.asm","PRESENT","asm"
"5566","src/asm/Deep2OuterCallEngine.asm","PRESENT","asm"
"5567","src/asm/Deep2OuterHost.asm","PRESENT","asm"
"5568","src/asm/RuntimeEvidence512_Core.asm","PRESENT","asm"
"5569","src/asm/RuntimeEvidence512_Emit.asm","PRESENT","asm"
"5570","src/asm/RuntimeEvidence512_Collect.asm","PRESENT","asm"
"5571","src/asm/RuntimeEvidence512_IDEEmit.asm","PRESENT","asm"
"5572","src/asm/RuntimeEvidence512_IDECollect.asm","PRESENT","asm"
"5573","pyre_compute.cpp","COMMENTED_MISSING",
"5587","what makes deep2_bridge.asm","COMMENTED_MISSING",
"5615","Telemetry_Kernel.asm","COMMENTED_MISSING",
"5641","main_win32.cpp","COMMENTED_MISSING",
"5642","Previously entry_point.cpp","COMMENTED_MISSING",
"5647","RefactorChainIdeSurface.cpp","COMMENTED_MISSING",
"5648","and RefactorChain.cpp","COMMENTED_MISSING",
"5650","src/refactor/RefactorChain.cpp","PRESENT","refactor"
"5653","src/win32app/ide_inference_gate.cpp","PRESENT","win32app"
"5654","src/win32app/ide_toolchain_gate.cpp","PRESENT","win32app"
"5655","src/core/gold_command_providers.cpp","PRESENT","core"
"5656","src/sovereign/puppeteer/JITAssembler.cpp","PRESENT","sovereign"
"5660","src/win32app/HeadlessIDE_FileAliases.cpp","PRESENT","win32app"
"5669","src/ui/RawrXD_MainLoop.cpp","PRESENT","ui"
"5672","src/ui/agentic_bridge.cpp","PRESENT","ui"
"5674","src/bridge/Win32SwarmBridge.cpp","PRESENT","bridge"
"5675","src/bridge/SwarmIATRegistration.cpp","PRESENT","bridge"
"5676","src/bridge/UnifiedModelMetadata.cpp","PRESENT","bridge"
"5684","src/inference/ai_model_caller_real.cpp","COMMENTED_PRESENT","inference"
"5685","src/inference/inference_engine_real.cpp","COMMENTED_PRESENT","inference"
"5693","APPEND WIN32IDE_SOURCES src/core/auto_feature_registry.cpp","ACTIVE_MISSING","core"
"5702","WEBVIEW2_DISPATCHER src/asm/webview2_masm64_dispatcher.asm","ACTIVE_MISSING","asm"
"5709","VIEWSTATE_MASM src/asm/view_state_x64.asm","ACTIVE_MISSING","asm"
"5716","TENSOR_OPS_MASM src/asm/tensor_masm.asm","ACTIVE_MISSING","asm"
"5728","src/win32app/Win32IDE_Core.cpp","PRESENT","win32app"
"5729","src/win32app/Win32IDE_CoreRuntimeSpine.cpp","PRESENT","win32app"
"5730","src/win32app/Win32IDE_Commands.cpp","PRESENT","win32app"
"5731","src/win32app/Win32IDE_CommandSurface.cpp","PRESENT","win32app"
"5732","src/command/CommandBroker.cpp","PRESENT","command"
"5733","src/command/CommandEventJournal.cpp","PRESENT","command"
"5734","src/command/SessionBinder.cpp","PRESENT","command"
"5735","src/command/CapabilityProfile.cpp","PRESENT","command"
"5736","src/win32app/Win32IDE_VSCodeUI.cpp","PRESENT","win32app"
"5737","Win32IDE_Window.cpp","COMMENTED_MISSING",
"5740","src/win32app/Win32IDE_WindowOwnership.cpp","PRESENT","win32app"
"5741","src/win32app/Win32IDE_Accelerators.cpp","PRESENT","win32app"
"5742","src/win32app/IV280Bridge.cpp","PRESENT","win32app"
"5743","src/win32app/IMultiFileSearchWidget.cpp","PRESENT","win32app"
"5744","src/win32app/CICDSettings.cpp","PRESENT","win32app"
"5745","src/win32app/BenchmarkMenu.cpp","PRESENT","win32app"
"5746","src/win32app/WindowManager.cpp","PRESENT","win32app"
"5747","src/win32app/EditorOperations.cpp","PRESENT","win32app"
"5748","src/win32app/RouterOperations.cpp","PRESENT","win32app"
"5749","src/win32app/Win32IDE_Watchdog.cpp","PRESENT","win32app"
"5750","src/win32app/Win32IDE_SyntaxHighlight.cpp","PRESENT","win32app"
"5751","src/win32app/Win32IDE_VisionEncoder.cpp","PRESENT","win32app"
"5752","src/win32app/Win32IDE_Themes.cpp","PRESENT","win32app"
"5753","src/win32app/Win32IDE_StreamingUX.cpp","PRESENT","win32app"
"5754","src/win32app/Win32IDE_Sidebar.cpp","PRESENT","win32app"
"5755","src/win32app/Win32IDE_Debugger.cpp","PRESENT","win32app"
"5756","src/win32app/Win32IDE_AutonomousDebugger.cpp","PRESENT","win32app"
"5757","src/win32app/Win32IDE_Annotations.cpp","PRESENT","win32app"
"5758","src/win32app/Win32IDE_ReverseEngineering.cpp","PRESENT","win32app"
"5759","src/win32app/Win32IDE_Logger.cpp","PRESENT","win32app"
"5760","src/win32app/Win32IDE_AgenticBridge.cpp","PRESENT","win32app"
"5764","src/win32app/Win32IDE_AgentCommands.cpp","PRESENT","win32app"
"5765","src/win32app/Win32IDE_TabManager.cpp","PRESENT","win32app"
"5766","src/win32app/Win32IDE_Settings.cpp","PRESENT","win32app"
"5767","src/win32app/Win32IDE_AutonomousCommunicator.cpp","PRESENT","win32app"
"5768","src/win32app/Win32IDE_AgenticComposerUX.cpp","PRESENT","win32app"
"5769","src/win32app/Win32IDE_ContextMentionParser.cpp","PRESENT","win32app"
"5770","src/win32app/Win32IDE_UnifiedTelemetry.cpp","PRESENT","win32app"
"5771","src/win32app/Win32IDE_Autonomy.cpp","PRESENT","win32app"
"5772","src/win32app/Win32IDE_PowerShell.cpp","PRESENT","win32app"
"5773","src/win32app/Win32IDE_PowerShellPanel.cpp","PRESENT","win32app"
"5774","src/win32app/Win32IDE_CommandFlight.cpp","PRESENT","win32app"
"5775","src/win32app/Win32IDE_ShellLayout.cpp","PRESENT","win32app"
"5776","src/win32app/Win32IDE_MenuE2eProbe.cpp","PRESENT","win32app"
"5777","src/win32app/Win32IDE_Session.cpp","PRESENT","win32app"
"5778","src/win32app/Win32IDE_GGUFInspector.cpp","PRESENT","win32app"
"5779","src/win32app/Win32IDE_FileOps.cpp","PRESENT","win32app"
"5782","src/win32app/Win32IDE_RuntimeCert.cpp","PRESENT","win32app"
"5783","src/win32app/Win32IDE_DecompilerView.cpp","PRESENT","win32app"
"5784","src/win32app/Win32IDE_NativePipeline.cpp","PRESENT","win32app"
"5785","src/win32app/Win32IDE_ModelAnatomy.cpp","PRESENT","win32app"
"5789","src/deep2/Deep2APIServer.cpp","COMMENTED_PRESENT","deep2"
"5790","src/deep2/production/Deep2ProductionRuntime.cpp","COMMENTED_PRESENT","deep2"
"5794","src/core/unlinked_symbols_batch_022.cpp","PRESENT","core"
"5796","src/core/auto_feature_real_impl.cpp","COMMENTED_PRESENT","core"
"5798","real handler defs in auto_feature_real_impl.cpp","COMMENTED_MISSING",
"5799","hollow handler defs in win32ide_handler_impls.cpp","COMMENTED_MISSING",
"5803","tree -- chat_interface.h","COMMENTED_MISSING",
"5803","universal_model_router.h","COMMENTED_MISSING",
"5803","plan_orchestrator.h","COMMENTED_MISSING",
"5803","lsp_client.h","COMMENTED_MISSING",
"5807","src/core/auto_feature_real_impl.cpp","PRESENT","core"
"5808","Ship/RawrXD_AutonomousAgenticPipeline.cpp","PRESENT","RawrXD_AutonomousAgenticPipeline.cpp"
"5809","Ship/RawrXD_AgentCoordinator.cpp","PRESENT","RawrXD_AgentCoordinator.cpp"
"5811","src/win32app/Win32IDE_FeatureManifest.cpp","PRESENT","win32app"
"5812","src/win32app/Win32IDE_GhostText.cpp","PRESENT","win32app"
"5814","src/ai_completion_real.cpp","PRESENT","ai_completion_real.cpp"
"5815","src/ide/Deep2Bridge.cpp","COMMENTED_PRESENT","ide"
"5817","src/ide/ANSIColorParser.cpp","COMMENTED_PRESENT","ide"
"5818","src/ide/FindReplaceDialog.cpp","COMMENTED_PRESENT","ide"
"5819","src/ide/GitCommitDialog.cpp","COMMENTED_PRESENT","ide"
"5820","src/ide/GitDiffViewer.cpp","COMMENTED_PRESENT","ide"
"5821","src/win32app/Win32IDE_OutlinePanel.cpp","PRESENT","win32app"
"5822","src/win32app/Win32IDE_RenamePreview.cpp","PRESENT","win32app"
"5823","src/win32app/Win32IDE_Tier2Cosmetics.cpp","PRESENT","win32app"
"5824","src/win32app/Win32IDE_Tier1Cosmetics.cpp","PRESENT","win32app"
"5825","src/win32app/Win32IDE_Breadcrumbs.cpp","PRESENT","win32app"
"5826","src/win32app/Win32IDE_PlanExecutor.cpp","PRESENT","win32app"
"5828","src/agentic/failure_intelligence_orchestrator.cpp","PRESENT","agentic"
"5833","src/win32app/Win32IDE_AgenticPlanningPanel.cpp","PRESENT","win32app"
"5834","src/win32app/Win32IDE_FailureDetector.cpp","PRESENT","win32app"
"5835","src/win32app/Win32IDE_FailureIntelligence.cpp","PRESENT","win32app"
"5837","src/win32app/Win32IDE_LocalServer.cpp","PRESENT","win32app"
"5838","src/win32app/Win32IDE_BackendSwitcher.cpp","PRESENT","win32app"
"5839","src/security/ProviderKeyStore.cpp","PRESENT","security"
"5840","src/security/ProviderKeyStore_get.cpp","PRESENT","security"
"5841","src/security/ProviderKeyStore_misc.cpp","PRESENT","security"
"5842","src/win32app/Win32IDE_AIBackend.cpp","PRESENT","win32app"
"5843","src/win32app/Win32IDE_LLMRouter.cpp","PRESENT","win32app"
"5844","src/win32app/Win32IDE_LSPClient.cpp","PRESENT","win32app"
"5845","src/win32app/Win32IDE_PeekOverlay.cpp","PRESENT","win32app"
"5846","src/win32app/Win32IDE_CaretAnimation.cpp","PRESENT","win32app"
"5847","src/win32app/Win32IDE_AgentOllamaClient.cpp","COMMENTED_PRESENT","win32app"
"5848","src/win32app/Win32IDE_ModelDiscovery.cpp","PRESENT","win32app"
"5849","src/win32app/Win32IDE_SwarmModelSelector.cpp","PRESENT","win32app"
"5850","src/win32app/Win32IDE_AsmSemantic.cpp","PRESENT","win32app"
"5851","src/win32app/Win32IDE_LSP_AI_Bridge.cpp","PRESENT","win32app"
"5852","src/win32app/Win32IDE_MultiResponse.cpp","PRESENT","win32app"
"5853","src/win32app/Win32IDE_ExecutionGovernor.cpp","PRESENT","win32app"
"5854","src/win32app/Win32IDE_LayerEviction.cpp","PRESENT","win32app"
"5855","src/win32app/Win32IDE_SubAgent.cpp","PRESENT","win32app"
"5856","src/win32app/Win32IDE_AgentHistory.cpp","PRESENT","win32app"
"5857","src/win32app/Win32IDE_AgentPanel.cpp","PRESENT","win32app"
"5858","src/win32app/Win32IDE_DiskRecovery.cpp","PRESENT","win32app"
"5859","src/win32app/Win32TerminalManager.cpp","PRESENT","win32app"
"5860","src/win32app/TransparentRenderer.cpp","PRESENT","win32app"
"5863","src/plugin_system/win32_plugin_loader.cpp","PRESENT","plugin_system"
"5864","src/win32app/Win32IDE_Plugins.cpp","PRESENT","win32app"
"5865","src/win32app/Win32IDE_HandleExtensionCommand.cpp","PRESENT","win32app"
"5870","Ship/StdReplacements.hpp","COMMENTED_MISSING","StdReplacements.hpp"
"5870","Ship/RawrCompatIo.hpp","COMMENTED_MISSING","RawrCompatIo.hpp"
"5874","src/auth/QuantumAuthUI.cpp","PRESENT","auth"
"5880","required by vulkan_kernel_bridge.cpp and rdna3_bridge.cpp","COMMENTED_MISSING",
"5881","src/backend/vulkan_compute.cpp","PRESENT","backend"
"5882","src/kernels/rdna3/RDNA3_GpuDispatcher.cpp","PRESENT","kernels"
"5887","src/agentic/OllamaProvider.cpp","PRESENT","agentic"
"5915","src/core/win32ide_watchdog_init.cpp","COMMENTED_PRESENT","core"
"5920","src/core/unlinked_symbols_batch_009.cpp","PRESENT","core"
"5921","src/core/unlinked_symbols_batch_010.cpp","PRESENT","core"
"5922","src/core/unlinked_symbols_batch_011.cpp","PRESENT","core"
"5928","src/core/unlinked_symbols_batch_021.cpp","PRESENT","core"
"5929","src/ANSIParser.cpp","PRESENT","ANSIParser.cpp"
"5933","src/rdna3_bridge.cpp","PRESENT","rdna3_bridge.cpp"
"5934","src/core/ollama_provider_stub.cpp","COMMENTED_PRESENT","core"
"5934","Real implementation in src/agentic/OllamaProvider.cpp","COMMENTED_MISSING","agentic"
"5935","src/core/gguf_runner_stub.cpp","COMMENTED_PRESENT","core"
"5935","Real implementations in unlinked_symbols_batch_002.cpp","COMMENTED_MISSING",
"5936","src/llm_adapter/rawrxd_ggufrunner_signals.cpp","PRESENT","llm_adapter"
"5937","src/core/subsystem_api_stubs.cpp","COMMENTED_PRESENT","core"
"5937","Real implementations in unlinked_symbols_batch_011.cpp","COMMENTED_MISSING",
"5937","batch_010.cpp","COMMENTED_MISSING",
"5937","batch_019.cpp","COMMENTED_MISSING",
"5938","src/core/crypto_stubs.cpp","COMMENTED_PRESENT","core"
"5938","Real implementations in unlinked_symbols_batch_005.cpp and batch_019.cpp","COMMENTED_MISSING",
"5939","src/core/watchdog_stubs.cpp","COMMENTED_PRESENT","core"
"5939","Real implementations in unlinked_symbols_batch_001.cpp","COMMENTED_MISSING",
"5939","batch_004.cpp","COMMENTED_MISSING",
"5939","batch_005.cpp","COMMENTED_MISSING",
"5940","src/core/pattern_stubs.cpp","COMMENTED_PRESENT","core"
"5940","Real implementation in unlinked_symbols_batch_019.cpp","COMMENTED_MISSING",
"5941","src/core/perf_telemetry_stubs.cpp","COMMENTED_PRESENT","core"
"5941","batch_020.cpp","COMMENTED_MISSING",
"5942","src/core/mesh_brain_stubs.cpp","COMMENTED_PRESENT","core"
"5942","Real implementations in unlinked_symbols_batch_006.cpp","COMMENTED_MISSING",
"5942","batch_007.cpp","COMMENTED_MISSING",
"5943","src/core/native_log_stub.cpp","COMMENTED_PRESENT","core"
"5943","Real implementation in unlinked_symbols_batch_012.cpp","COMMENTED_MISSING",
"5944","src/core/speciator_stubs.cpp","COMMENTED_PRESENT","core"
"5944","Real implementations in unlinked_symbols_batch_007.cpp","COMMENTED_MISSING",
"5945","src/core/neural_bridge_stubs.cpp","COMMENTED_PRESENT","core"
"5945","Real implementations in unlinked_symbols_batch_008.cpp","COMMENTED_MISSING",
"5946","src/core/hwsynth_stubs.cpp","COMMENTED_PRESENT","core"
"5946","batch_009.cpp","COMMENTED_MISSING",
"5947","src/core/spengine_stubs.cpp","COMMENTED_PRESENT","core"
"5948","src/core/collab_stubs.cpp","COMMENTED_PRESENT","core"
"5949","src/collab/cursor_widget.cpp","PRESENT","collab"
"5950","src/collab/crdt_buffer.cpp","PRESENT","collab"
"5955","src/spengine_bridge.cpp","COMMENTED_PRESENT","spengine_bridge.cpp"
"5956","src/core/model_router_stubs.cpp","COMMENTED_PRESENT","core"
"5956","Real implementations in unlinked_symbols_batch_003.cpp","COMMENTED_MISSING",
"5956","and unlinked_symbols_batch_012.cpp","COMMENTED_MISSING",
"5957","src/win32app/Win32IDE_SemanticIndex.cpp","COMMENTED_PRESENT","win32app"
"5958","src/win32app/Win32IDE_private_stubs.cpp","COMMENTED_PRESENT","win32app"
"5958","real implementations exist in Win32IDE_ChatPanel_Ollama.cpp","COMMENTED_MISSING",
"5958","Win32IDE_SemanticIndex.cpp","COMMENTED_MISSING",
"5958","Win32IDE_CodexCommands.cpp","COMMENTED_MISSING",
"5961","src/core/sdma/sdma_coordinator.cpp","PRESENT","core"
"5965","src/runtime_core.cpp","PRESENT","runtime_core.cpp"
"5996","src/utils/ErrorReporter.cpp","PRESENT","utils"
"6008","src/modules/engine_manager.cpp","PRESENT","modules"
"6034","src/core/enterprise_devunlock_bridge.cpp","PRESENT","core"
"6035","src/core/monolithic_heap_globals.cpp","PRESENT","core"
"6059","src/core/70b_gguf_hotpatch.cpp","PRESENT","core"
"6062","src/core/governor_throttling.cpp","PRESENT","core"
"6067","src/win32app/Win32IDE_SwarmPanel.cpp","PRESENT","win32app"
"6070","src/win32app/Win32IDE_DualAgentPanel.cpp","PRESENT","win32app"
"6075","src/win32app/Win32IDE_NativeDebugPanel.cpp","PRESENT","win32app"
"6087","src/win32app/Win32IDE_HotpatchPanel.cpp","PRESENT","win32app"
"6096","src/agent/meta_planner.cpp","PRESENT","agent"
"6112","src/cloud_api_client.cpp","PRESENT","cloud_api_client.cpp"
"6122","src/modules/vsix_loader_win32.cpp","PRESENT","modules"
"6123","src/modules/codex_ultimate.cpp","PRESENT","modules"
"6137","src/core/quantum_safe_transport.cpp","PRESENT","core"
"6138","src/core/adaptive_pipeline_parallel.cpp","PRESENT","core"
"6139","src/core/universal_model_merger.cpp","PRESENT","core"
"6164","missing pdb_gsi_hash.h","COMMENTED_MISSING",
"6170","src/win32app/Win32IDE_WebView2.cpp","PRESENT","win32app"
"6171","src/win32app/AgenticBrowserLayer.cpp","PRESENT","win32app"
"6172","src/win32app/Win32IDE_AgenticBrowser.cpp","PRESENT","win32app"
"6173","src/win32app/Win32IDE_MonacoThemes.cpp","PRESENT","win32app"
"6177","src/win32app/Win32IDE_LSPServer.cpp","PRESENT","win32app"
"6185","missing RawrXD_MonacoCore.h","COMMENTED_MISSING",
"6185","IDETheme.h","COMMENTED_MISSING",
"6186","src/core/MonacoCoreEngine.cpp","COMMENTED_PRESENT","core"
"6187","src/core/WebView2EditorEngine.cpp","COMMENTED_PRESENT","core"
"6188","src/core/RichEditEditorEngine.cpp","COMMENTED_PRESENT","core"
"6189","src/core/EditorEngineFactory.cpp","COMMENTED_PRESENT","core"
"6190","src/win32app/Win32IDE_EditorEngine.cpp","PRESENT","win32app"
"6195","missing lsp/RawrXD_LSPServer.h","COMMENTED_MISSING","RawrXD_LSPServer.h"
"6196","src/core/pdb_lsp_bridge.cpp","COMMENTED_PRESENT","core"
"6197","src/win32app/Win32IDE_PDBSymbols.cpp","PRESENT","win32app"
"6202","src/core/auto_discovery.cpp","PRESENT","core"
"6203","src/win32app/Win32IDE_AuditDashboard.cpp","PRESENT","win32app"
"6206","src/core/final_gauntlet.cpp","COMMENTED_PRESENT","core"
"6207","src/win32app/Win32IDE_Gauntlet.cpp","PRESENT","win32app"
"6212","src/win32app/Win32IDE_VoiceChat.cpp","PRESENT","win32app"
"6213","src/win32app/Win32IDE_VoiceAutomation.cpp","PRESENT","win32app"
"6219","src/win32app/Win32IDE_QuickWins.cpp","PRESENT","win32app"
"6222","duplicated by unified_command_dispatch.cpp","COMMENTED_MISSING",
"6224","missing agentic_failure_detector.hpp","COMMENTED_MISSING",
"6224","agentic_puppeteer.hpp","COMMENTED_MISSING",
"6227","src/core/win32ide_handler_impls.cpp","PRESENT","core"
"6231","stubs in win32ide_handler_impls.cpp","COMMENTED_MISSING",
"6233","src/refactor/RefactorChainIdeSurface.cpp","PRESENT","refactor"
"6238","src/model_trainer.cpp","PRESENT","model_trainer.cpp"
"6240","src/agentic/AgentOllamaClient_stubs.cpp","COMMENTED_PRESENT","agentic"
"6244","src/modules/autonomous_agentic_orchestrator.cpp","PRESENT","modules"
"6246","requires zlib.h","COMMENTED_MISSING",
"6249","missing native_gguf_loader.h","COMMENTED_MISSING",
"6251","src/core/beacon_link_stub.cpp","COMMENTED_PRESENT","core"
"6252","src/win32app/v280_link_bridge.cpp","PRESENT","win32app"
"6257","src/core/startup_phase_registry.cpp","PRESENT","core"
"6260","missing plugin_signature.h","COMMENTED_MISSING",
"6270","src/win32app/Win32IDE_Telemetry.cpp","PRESENT","win32app"
"6273","src/mcp_integration.cpp","PRESENT","mcp_integration.cpp"
"6274","src/win32app/Win32IDE_MCP.cpp","PRESENT","win32app"
"6277","src/win32app/Win32IDE_FlightRecorder.cpp","PRESENT","win32app"
"6328",".instructions.m","COMMENTED_MISSING",
"6330","src/win32app/Win32IDE_Instructions.cpp","PRESENT","win32app"
"6333","src/modules/unity_engine_integration.cpp","PRESENT","modules"
"6334","src/modules/unreal_engine_integration.cpp","PRESENT","modules"
"6335","src/modules/game_engine_manager.cpp","PRESENT","modules"
"6336","src/win32app/Win32IDE_GameEnginePanel.cpp","PRESENT","win32app"
"6339","src/modules/crucible_engine.cpp","PRESENT","modules"
"6340","src/win32app/Win32IDE_CruciblePanel.cpp","PRESENT","win32app"
"6343","src/modules/copilot_gap_closer.cpp","PRESENT","modules"
"6344","src/win32app/Win32IDE_CopilotGapPanel.cpp","PRESENT","win32app"
"6348","src/win32app/Win32IDE_PipelinePanel.cpp","PRESENT","win32app"
"6352","src/win32app/Win32IDE_HotpatchCtrlPanel.cpp","PRESENT","win32app"
"6358","src/win32app/Win32IDE_StaticAnalysisPanel.cpp","PRESENT","win32app"
"6361","src/win32app/Win32IDE_ProblemsPanel.cpp","PRESENT","win32app"
"6362","src/win32app/Win32IDE_BuildRunner.cpp","PRESENT","win32app"
"6363","src/win32app/Win32IDE_SecurityScans.cpp","PRESENT","win32app"
"6364","src/core/problems_panel_bridge.cpp","PRESENT","core"
"6369","src/win32app/Win32IDE_AgentStreamingBridge.cpp","PRESENT","win32app"
"6373","src/win32app/Win32IDE_SemanticPanel.cpp","PRESENT","win32app"
"6382","src/win32app/Win32IDE_TelemetryPanel.cpp","PRESENT","win32app"
"6383","src/win32app/Win32IDE_Tier3Polish.cpp","PRESENT","win32app"
"6384","src/win32app/Win32IDE_Tier3Cosmetics.cpp","PRESENT","win32app"
"6385","src/win32app/Win32IDE_Tier5Cosmetics.cpp","PRESENT","win32app"
"6386","src/win32app/Win32IDE_CrashReporter.cpp","PRESENT","win32app"
"6387","src/win32app/Win32IDE_ColorPicker.cpp","PRESENT","win32app"
"6388","src/win32app/Win32IDE_EmojiSupport.cpp","PRESENT","win32app"
"6389","src/win32app/Win32IDE_ShortcutEditor.cpp","PRESENT","win32app"
"6390","src/win32app/Win32IDE_TelemetryDashboard.cpp","PRESENT","win32app"
"6391","src/win32app/Win32IDE_MarketplacePanel.cpp","PRESENT","win32app"
"6392","src/win32app/Win32IDE_Collab.cpp","PRESENT","win32app"
"6395","src/win32app/Win32IDE_IRCBridge.cpp","PRESENT","win32app"
"6396","src/win32app/Win32IDE_IRCBridgeCommands.cpp","PRESENT","win32app"
"6397","src/collab/websocket_hub.cpp","PRESENT","collab"
"6398","src/win32app/Win32IDE_TestExplorerTree.cpp","PRESENT","win32app"
"6399","src/win32app/Win32IDE_NetworkPanel.cpp","PRESENT","win32app"
"6402","correct signatures per omega_orchestrator.hpp","COMMENTED_MISSING",
"6406","src/core/omega_asm_native_kernel.cpp","PRESENT","core"
"6412","src/core/transcendence_coordinator.cpp","PRESENT","core"
"6413","src/core/integrated_runtime.cpp","PRESENT","core"
"6419","src/core/win32ide_link_stubs.cpp","COMMENTED_PRESENT","core"
"6420","src/win32app/Win32IDE_TranscendencePanel.cpp","COMMENTED_PRESENT","win32app"
"6421","src/win32app/VulkanRenderer.cpp","PRESENT","win32app"
"6422","src/win32app/OSExplorerInterceptor.cpp","PRESENT","win32app"
"6423","src/win32app/Win32IDE_MCPHooks.cpp","PRESENT","win32app"
"6424","src/win32app/TodoManager.cpp","PRESENT","win32app"
"6425","src/win32app/IocpFileWatcher.cpp","PRESENT","win32app"
"6426","src/win32app/IDEDiagnosticAutoHealer.cpp","PRESENT","win32app"
"6427","src/win32app/ConsentPrompt.cpp","PRESENT","win32app"
"6428","src/win32app/AutonomousAgent.cpp","PRESENT","win32app"
"6491","src/win32app/Win32IDE_CursorParity.cpp","PRESENT","win32app"
"6492","src/win32app/Win32IDE_GUILayoutHotpatch.cpp","PRESENT","win32app"
"6498","src/win32app/Win32IDE_Tasks.cpp","PRESENT","win32app"
"6499","src/win32app/Win32IDE_GitPanel.cpp","PRESENT","win32app"
"6500","src/win32app/Win32IDE_Refactor.cpp","PRESENT","win32app"
"6501","src/win32app/Win32IDE_SearchPanel.cpp","PRESENT","win32app"
"6502","src/win32app/Win32IDE_FuzzySearch.cpp","PRESENT","win32app"
"6508","src/win32app/Win32IDE_Minimap.cpp","PRESENT","win32app"
"6509","src/win32app/Win32IDE_DiffView.cpp","PRESENT","win32app"
"6510","src/win32app/Win32IDE_SettingsGUI.cpp","PRESENT","win32app"
"6511","src/win32app/Win32IDE_CodeLens.cpp","PRESENT","win32app"
"6512","src/win32app/Win32IDE_InlayHints.cpp","PRESENT","win32app"
"6513","src/win32app/Win32IDE_HoverTooltips.cpp","PRESENT","win32app"
"6518","src/win32app/Win32IDE_ProvableAgent.cpp","PRESENT","win32app"
"6519","src/win32app/Win32IDE_AIReverseEngineering.cpp","PRESENT","win32app"
"6520","src/win32app/Win32IDE_AirgappedEnterprise.cpp","PRESENT","win32app"
"6521","src/win32app/Win32IDE_FlagshipFeatures.cpp","PRESENT","win32app"
"6524","src/project_context.cpp","PRESENT","project_context.cpp"
"6525","src/universal_model_router.cpp","PRESENT","universal_model_router.cpp"
"6526","src/model_registry.cpp","PRESENT","model_registry.cpp"
"6528","src/core/checkpoint_manager.cpp","COMMENTED_PRESENT","core"
"6533","src/core/model_loader_asm_stubs.cpp","COMMENTED_PRESENT","core"
"6533","Conflicts with model_loader_fallbacks.cpp","COMMENTED_MISSING",
"6535","src/ui/interpretability_panel.cpp","PRESENT","ui"
"6537","src/real_time_completion_engine.cpp","PRESENT","real_time_completion_engine.cpp"
"6538","src/LanguageServerIntegration.cpp","PRESENT","LanguageServerIntegration.cpp"
"6539","src/interpretability_panel_enhanced.cpp","PRESENT","interpretability_panel_enhanced.cpp"
"6540","src/feature_registry_panel.cpp","PRESENT","feature_registry_panel.cpp"
"6541","src/autonomous_feature_engine.cpp","PRESENT","autonomous_feature_engine.cpp"
"6542","src/autonomous_intelligence_orchestrator.cpp","PRESENT","autonomous_intelligence_orchestrator.cpp"
"6544","src/plan_orchestrator.cpp","PRESENT","plan_orchestrator.cpp"
"6545","src/tool_registry_advanced.cpp","PRESENT","tool_registry_advanced.cpp"
"6546","src/lsp_client.cpp","PRESENT","lsp_client.cpp"
"6547","src/intelligent_codebase_engine.cpp","PRESENT","intelligent_codebase_engine.cpp"
"6548","src/ai_model_caller.cpp","PRESENT","ai_model_caller.cpp"
"6549","src/hybrid_cloud_manager.cpp","PRESENT","hybrid_cloud_manager.cpp"
"6551","src/benchmark_menu_widget.cpp","PRESENT","benchmark_menu_widget.cpp"
"6552","src/benchmark_runner.cpp","PRESENT","benchmark_runner.cpp"
"6553","src/win32app/feature_registry_panel.cpp","PRESENT","win32app"
"6554","src/ui/monaco_settings_dialog.cpp","PRESENT","ui"
"6555","src/thermal/RAWRXD_ThermalDashboard.cpp","PRESENT","thermal"
"6556","src/win32app/VSCodeMarketplaceAPI.cpp","PRESENT","win32app"
"6558","src/multi_file_search.cpp","PRESENT","multi_file_search.cpp"
"6561","src/core/license_manager_panel.cpp","COMMENTED_PRESENT","core"
"6562","Win32IDE_Logger.cpp","COMMENTED_MISSING",
"6563","src/telemetry/logger.cpp","COMMENTED_PRESENT","telemetry"
"6565","src/win32app/Win32IDE_LicenseCreator.cpp","PRESENT","win32app"
"6566","featureName from license_validator_manifest.cpp","COMMENTED_MISSING",
"6566","LicenseEnforcer from license_enforcement.cpp","COMMENTED_MISSING",
"6577","src/win32app/Win32IDE_PeekView.cpp","PRESENT","win32app"
"6578","src/win32app/Win32IDE_AutoSave.cpp","PRESENT","win32app"
"6579","src/win32app/Win32IDE_TerminalSplit.cpp","PRESENT","win32app"
"6580","src/win32app/Win32IDE_SnippetEngine.cpp","PRESENT","win32app"
"6581","src/win32app/Win32IDE_MultiCursor.cpp","PRESENT","win32app"
"6654","MW_KERNEL_ASM src/asm/RawrXD_MultiWindow_Kernel.asm","ACTIVE_MISSING","asm"
"6659","src/core/multiwindow_scheduler.cpp","PRESENT","core"
"6688","Use the stub file - GPU_DMA_COMPLETE_IMPLEMENTATIONS.asm","COMMENTED_MISSING",
"6690","PROMPT_ENGINE_ASM src/asm/RawrXD_DynamicPromptEngine.asm","ACTIVE_MISSING","asm"
"6701","src/core/dynamic_prompt_engine_glue.cpp","PRESENT","core"
"6759","src/core/ssot_auto_missing_handlers.cpp","PRESENT","core"
"6760","src/core/ssot_linker_gap_handlers.cpp","PRESENT","core"
"6761","src/core/win32ide_missing_handlers.cpp","PRESENT","core"
"6764","src/core/ssot_missing_handlers_provider.cpp","PRESENT","core"
"6766","excluding ssot_handlers.cpp","ACTIVE_MISSING",
"6766","ssot_handlers_ext_isolated.cpp","ACTIVE_MISSING",
"6766","adding ssot_missing_handlers_provider.cpp","ACTIVE_MISSING",
"6773","DO NOT remove ssot_handlers_ext_isolated.cpp","COMMENTED_MISSING",
"6774","DO NOT add ssot_handlers_ext.cpp","COMMENTED_MISSING",
"6775","no win32_ide_link_stubs.cpp","COMMENTED_MISSING",
"6783","src/core/agentic_executor_link_stub.cpp","PRESENT","core"
"6784","src/core/beacon_link_stub.cpp","PRESENT","core"
"6787","ssot_handlers.cpp and auto_feature_registry.cpp","COMMENTED_MISSING",
"6790","MULTIPLE from the link line. ssot_handlers.cpp","COMMENTED_MISSING",
"6797","src/core/subsystem_mode_fallbacks.cpp","PRESENT","core"
"6798","src/core/model_loader_fallbacks.cpp","PRESENT","core"
"6799","src/core/rawrxd_native_log_impl.cpp","PRESENT","core"
"6800","src/llm_adapter/ggufrunner_link_fallbacks.cpp","PRESENT","llm_adapter"
"6801","src/win32app/collab_cursor_fallbacks.cpp","PRESENT","win32app"
"6834","APPEND WIN32IDE_SOURCES src/core/local_parity_bridge.cpp","ACTIVE_MISSING","core"
"6840","src/core/json_instantiations.cpp","PRESENT","core"
"6845","src/inference/gguf_d3d12_bridge_link_fallback.cpp","COMMENTED_PRESENT","inference"
"6847","src/win32app/rtp_protocol_fallback.cpp","COMMENTED_PRESENT","win32app"
"6865","src/win32app/ai_workers_queue.cpp","PRESENT","win32app"
"6867","src/ui/ImportBridge.cpp","PRESENT","ui"
"6868","src/ui/ExportBridge.cpp","PRESENT","ui"
"6869","src/terminal/embedded_terminal.cpp","PRESENT","terminal"
"6870","src/win32app/sovereign_gpu_link_stubs.cpp","COMMENTED_PRESENT","win32app"
"6872","src/core/hexmag_ide_link_probe.cpp","PRESENT","core"
"6873","src/win32app/Win32IDE_HexMagCopilotRoute.cpp","PRESENT","win32app"
"6874","Win32IDE_HexMag.cpp","COMMENTED_MISSING",
"6875","src/core/hexmag_control_plane.cpp","COMMENTED_PRESENT","core"
"6876","src/core/hexmag_oracle_binder.cpp","COMMENTED_PRESENT","core"
"6877","src/core/hexmag_runtime_controller.cpp","COMMENTED_PRESENT","core"
"6878","src/agent/hexmag_client.cpp","PRESENT","agent"
"6884","src/asm/RawrXD_PE_Importer.asm","PRESENT","asm"
"6886","src/asm/ghost_text_ranker.asm","PRESENT","asm"
"6887","src/asm/diff_engine.asm","PRESENT","asm"
"6888","src/asm/RawrXD_HexMag_Swarm.asm","PRESENT","asm"
"6889","src/asm/RawrXD_HexMag_RepeatTuner.asm","PRESENT","asm"
"6895","- RDNA3_MMIO_Recon.asm","COMMENTED_MISSING",
"6896","- Silicon_PUF_Signer.asm","COMMENTED_MISSING",
"6897","- Silicon_Authenticator.asm","COMMENTED_MISSING",
"6898","- Neural_Entropy_Shield.asm","COMMENTED_MISSING",
"6925","_stubs//.cpp","ACTIVE_MISSING",""
"6941","/reverse_engineered_stubs//.cpp","ACTIVE_MISSING","reverse_engineered_stubs"
"6951","src/win32app/Win32IDE_headless_stubs.cpp","PRESENT","win32app"
"6953","src/stubs.cpp","PRESENT","stubs.cpp"
"6954","src/core/stubs.cpp","PRESENT","core"
"6955","src/core/universal_stub.cpp","PRESENT","core"
"6956","src/core/link_stubs_final.cpp","PRESENT","core"
"6957","src/core/link_stubs_remaining_classes.cpp","PRESENT","core"
"6972","ai_agent_masm_core_impl.cpp","COMMENTED_MISSING",
"6973","ai_agent_masm_core_impl//.cpp","ACTIVE_MISSING",""
"6973","/agentic_bridge_headless//.cpp","ACTIVE_MISSING","agentic_bridge_headless"
"6973","/Win32IDE_headless_stubs//.cpp","ACTIVE_MISSING","Win32IDE_headless_stubs"
"7013","cot_fallback_system//.cpp","ACTIVE_MISSING",""
"7014","dml_asm_fallback//.cpp","ACTIVE_MISSING",""
"7015","link_stubs_gold//.cpp","ACTIVE_MISSING",""
"7052","Verify link_stubs_gate.cpp","COMMENTED_MISSING",
"7054","/src/core/link_stubs_gate.cpp","ACTIVE_MISSING","src"
"7063","//nlink_stubs_gate.cpp","ACTIVE_MISSING",""
"7066","link_stubs_gate.cpp","ACTIVE_MISSING",
"7082","/src/core/ai_agent_masm_core_impl.cpp","COMMENTED_MISSING","src"
"7083","Required MASM bridge provider src/core/ai_agent_masm_core_impl.cpp","COMMENTED_MISSING","core"
"7085","REMOVE_ITEM WIN32IDE_SOURCES src/core/ai_agent_masm_core_impl.cpp","COMMENTED_MISSING","core"
"7086","APPEND WIN32IDE_SOURCES src/core/ai_agent_masm_core_impl.cpp","COMMENTED_MISSING","core"
"7146","- Win32IDE_OmegaOrchestrator.cpp","COMMENTED_MISSING",
"7147","- Win32IDE_MeshBrain.cpp","COMMENTED_MISSING",
"7148","- Win32IDE_SpeciatorEngine.cpp","COMMENTED_MISSING",
"7149","- Win32IDE_NeuralBridge.cpp","COMMENTED_MISSING",
"7150","- Win32IDE_SelfHostEngine.cpp","COMMENTED_MISSING",
"7151","- Win32IDE_HardwareSynthesizer.cpp","COMMENTED_MISSING",
"7152","- Win32IDE_TranscendenceCoordinator.cpp","COMMENTED_MISSING",
"7153","Command handlers are in rawrengine_command_handlers.cpp","COMMENTED_MISSING",
"7156","src/win32app/Win32IDE_CursorParityBridge.cpp","COMMENTED_PRESENT","win32app"
"7156","Handlers in rawrengine_command_handlers.cpp","COMMENTED_MISSING",
"7157","src/win32app/Win32IDE_OmegaOrchestrator.cpp","COMMENTED_PRESENT","win32app"
"7158","src/win32app/Win32IDE_MeshBrain.cpp","COMMENTED_PRESENT","win32app"
"7159","src/win32app/Win32IDE_SpeciatorEngine.cpp","COMMENTED_PRESENT","win32app"
"7160","src/win32app/Win32IDE_NeuralBridge.cpp","COMMENTED_PRESENT","win32app"
"7161","src/win32app/Win32IDE_SelfHostEngine.cpp","COMMENTED_PRESENT","win32app"
"7162","src/win32app/Win32IDE_HardwareSynthesizer.cpp","COMMENTED_PRESENT","win32app"
"7163","src/win32app/Win32IDE_TranscendenceCoordinator.cpp","COMMENTED_PRESENT","win32app"
"7164","src/win32app/Win32IDE_TranscendencePanel.cpp","PRESENT","win32app"
"7169","Win32IDE_CommandHandlers.cpp removed - CommandResult handlers already in rawrengine_command_handlers.cpp","COMMENTED_MISSING",
"7170","src/win32app/Win32IDE_AutonomousAgent.cpp","PRESENT","win32app"
"7171","src/win32app/Win32IDE_ChatMessageRenderer.cpp","PRESENT","win32app"
"7172","src/win32app/Win32IDE_ToolActionStatus.cpp","PRESENT","win32app"
"7173","src/win32app/Win32IDE_ChatPanel.cpp","PRESENT","win32app"
"7174","src/win32app/Win32IDE_ChatPanel_Ollama.cpp","COMMENTED_PRESENT","win32app"
"7175","src/win32app/Win32IDE_VulkanRenderer.cpp","PRESENT","win32app"
"7176","src/win32app/Win32IDE_OSExplorerInterceptor.cpp","PRESENT","win32app"
"7177","src/win32app/Win32IDE_IOCPFileWatcher.cpp","PRESENT","win32app"
"7178","src/win32app/Win32IDE_IDEDiagnosticAutoHealer.cpp","PRESENT","win32app"
"7179","src/win32app/Win32IDE_ConsentPrompt.cpp","PRESENT","win32app"
"7180","src/win32app/Win32IDE_PerfTelemetry.cpp","PRESENT","win32app"
"7181","src/win32app/Win32IDE_UpdateSignature.cpp","PRESENT","win32app"
"7182","src/win32app/Win32IDE_PluginSignature.cpp","PRESENT","win32app"
"7183","src/win32app/Win32IDE_EnterpriseStressTests.cpp","PRESENT","win32app"
"7184","src/win32app/Win32IDE_SQLite3Core.cpp","PRESENT","win32app"
"7185","src/win32app/Win32IDE_TelemetryExport.cpp","PRESENT","win32app"
"7186","src/win32app/Win32IDE_RefactoringPlugin.cpp","PRESENT","win32app"
"7187","src/win32app/Win32IDE_LanguagePlugin.cpp","PRESENT","win32app"
"7188","src/win32app/Win32IDE_ResourceGenerator.cpp","PRESENT","win32app"
"7203","src/memory/UnifiedMemoryPool.cpp","PRESENT","memory"
"7264","Deep2 component files required by Deep2Engine.cpp","COMMENTED_MISSING",
"7311","src/deep2/ScaleQuality.cpp","COMMENTED_PRESENT","deep2"
"7313","src/deep2/TheDualityExample.cpp","COMMENTED_PRESENT","deep2"
"7319","src/deep2/deep2_end_to_end_bench.cpp","COMMENTED_PRESENT","deep2"
"7321","dev checkout HEAD -- rawrxd/src/deep2/TheDualityExample.cpp","COMMENTED_MISSING","src"
"7322","src/deep2/Deep2Discovery.cpp","COMMENTED_PRESENT","deep2"
"7323","src/deep2/Deep2Benchmark.cpp","COMMENTED_PRESENT","deep2"
"7324","src/deep2/Deep2InferenceEndpoint.cpp","PRESENT","deep2"
"7325","src/deep2/Deep2InferenceGateway.cpp","COMMENTED_PRESENT","deep2"
"7326","src/deep2/Deep2Integration.cpp","COMMENTED_PRESENT","deep2"
"7327","src/deep2/Deep2LocalServer.cpp","COMMENTED_PRESENT","deep2"
"7328","src/deep2/Deep2Server_Minimal.cpp","COMMENTED_PRESENT","deep2"
"7336","dev checkout HEAD -- rawrxd/src/deep2/Deep2Server_Minimal.cpp","COMMENTED_MISSING","src"
"7337","src/deep2/Deep2Server_Sovereign.cpp","COMMENTED_PRESENT","deep2"
"7347","sovereign_interface_contract.h","COMMENTED_MISSING",
"7350","deep2_openai_server.cpp","COMMENTED_MISSING",
"7355","src/deep2/GGUFDiagnostics.cpp","COMMENTED_PRESENT","deep2"
"7356","src/deep2/GGUFLoader_Fixed.cpp","COMMENTED_PRESENT","deep2"
"7364","dev checkout HEAD -- rawrxd/src/deep2/GGUFLoader_Fixed.cpp","COMMENTED_MISSING","src"
"7365","src/deep2/GGUFVerifier.cpp","COMMENTED_PRESENT","deep2"
"7373","dev checkout HEAD -- rawrxd/src/deep2/GGUFVerifier.cpp","COMMENTED_MISSING","src"
"7376","src/deep2/mcp_bridge.cpp","COMMENTED_PRESENT","deep2"
"7377","src/deep2/gpu/Deep2GPUBackend.cpp","COMMENTED_PRESENT","deep2"
"7378","src/deep2/MultiGPU/GPUDeviceRegistry.cpp","COMMENTED_PRESENT","deep2"
"7379","src/deep2/MultiGPU/MultiGPUScheduler.cpp","COMMENTED_PRESENT","deep2"
"7380","src/deep2/MultiGPU/VRAMAllocator.cpp","COMMENTED_PRESENT","deep2"
"7382","src/deep2/dump_tensors.cpp","COMMENTED_PRESENT","deep2"
"7397","src/deep2/deep2_http_gateway.cpp","COMMENTED_PRESENT","deep2"
"7398","src/deep2/Deep2Engine_KernelTest.cpp","COMMENTED_PRESENT","deep2"
"7406","dev checkout HEAD -- rawrxd/src/deep2/Deep2Engine_KernelTest.cpp","COMMENTED_MISSING","src"
"7407","src/deep2/moe_microbench.cpp","COMMENTED_PRESENT","deep2"
"7415","dev checkout HEAD -- rawrxd/src/deep2/moe_microbench.cpp","COMMENTED_MISSING","src"
"7416","src/deep2/moe_simple_bench.cpp","COMMENTED_PRESENT","deep2"
"7424","dev checkout HEAD -- rawrxd/src/deep2/moe_simple_bench.cpp","COMMENTED_MISSING","src"
"7425","src/deep2/moe_test.cpp","COMMENTED_PRESENT","deep2"
"7433","dev checkout HEAD -- rawrxd/src/deep2/moe_test.cpp","COMMENTED_MISSING","src"
"7434","src/deep2/moe_validation_test.cpp","COMMENTED_PRESENT","deep2"
"7442","dev checkout HEAD -- rawrxd/src/deep2/moe_validation_test.cpp","COMMENTED_MISSING","src"
"7443","src/deep2/router_bench.cpp","COMMENTED_PRESENT","deep2"
"7451","dev checkout HEAD -- rawrxd/src/deep2/router_bench.cpp","COMMENTED_MISSING","src"
"7452","src/deep2/router_latency_test.cpp","COMMENTED_PRESENT","deep2"
"7460","dev checkout HEAD -- rawrxd/src/deep2/router_latency_test.cpp","COMMENTED_MISSING","src"
"7461","src/deep2/test_api_server.cpp","COMMENTED_PRESENT","deep2"
"7469","dev checkout HEAD -- rawrxd/src/deep2/test_api_server.cpp","COMMENTED_MISSING","src"
"7470","src/deep2/test_real_gguf_load.cpp","COMMENTED_PRESENT","deep2"
"7478","dev checkout HEAD -- rawrxd/src/deep2/test_real_gguf_load.cpp","COMMENTED_MISSING","src"
"7479","src/deep2/test_real_gguf_validate.cpp","COMMENTED_PRESENT","deep2"
"7487","dev checkout HEAD -- rawrxd/src/deep2/test_real_gguf_validate.cpp","COMMENTED_MISSING","src"
"7488","src/deep2/test_tool_limit_hotpatch.cpp","COMMENTED_PRESENT","deep2"
"7496","dev checkout HEAD -- rawrxd/src/deep2/test_tool_limit_hotpatch.cpp","COMMENTED_MISSING","src"
"7497","src/deep2/VAL063_Deep2Certification.cpp","COMMENTED_PRESENT","deep2"
"7505","dev checkout HEAD -- rawrxd/src/deep2/VAL063_Deep2Certification.cpp","COMMENTED_MISSING","src"
"7506","src/deep2/VAL038_Benchmark_Harness.cpp","COMMENTED_PRESENT","deep2"
"7514","dev checkout HEAD -- rawrxd/src/deep2/VAL038_Benchmark_Harness.cpp","COMMENTED_MISSING","src"
"7515","src/deep2/deep2_end_to_end_bench.cpp","PRESENT","deep2"
"7516","src/deep2/deep2_moe_bench_standalone.cpp","COMMENTED_PRESENT","deep2"
"7524","dev checkout HEAD -- rawrxd/src/deep2/deep2_moe_bench_standalone.cpp","COMMENTED_MISSING","src"
"7553","src/core/sdma/sdma_scheduler.cpp","PRESENT","core"
"7554","src/core/sdma/sdma_ring_allocator.cpp","PRESENT","core"
"7567","src/sovereign/spine/ExecutionSpine.cpp","PRESENT","sovereign"
"7568","src/sovereign/build/BuildStateGraph.cpp","PRESENT","sovereign"
"7569","src/sovereign/ide/SovereignIDEIntegration.cpp","PRESENT","sovereign"
"7570","src/sovereign/terminal/TerminalOwnership.cpp","PRESENT","sovereign"
"7571","src/sovereign/bus/CapabilityBus.cpp","PRESENT","sovereign"
"7572","src/sovereign/bus/BeaconBus.cpp","PRESENT","sovereign"
"7573","src/sovereign/awareness/SystemAwareness.cpp","PRESENT","sovereign"
"7574","src/sovereign/validator/RealityValidator.cpp","PRESENT","sovereign"
"7575","src/sovereign/recovery/AutonomousRecovery.cpp","PRESENT","sovereign"
"7576","src/sovereign/control/SovereignControlPlane.cpp","PRESENT","sovereign"
"7577","src/sovereign/compression/IntentCompression.cpp","PRESENT","sovereign"
"7578","src/sovereign/capsule/ExecutionCapsule.cpp","PRESENT","sovereign"
"7583","src/sovereign_autonomy/SovereignBlackboard.cpp","PRESENT","sovereign_autonomy"
"7584","src/sovereign_autonomy/SovereignTaskGraph.cpp","PRESENT","sovereign_autonomy"
"7585","src/sovereign_autonomy/SovereignMissionPlanner.cpp","PRESENT","sovereign_autonomy"
"7586","src/sovereign_autonomy/SovereignReflectionEngine.cpp","PRESENT","sovereign_autonomy"
"7587","src/sovereign_autonomy/SovereignCritic.cpp","PRESENT","sovereign_autonomy"
"7588","src/sovereign_autonomy/SovereignAgentRuntime.cpp","PRESENT","sovereign_autonomy"
"7595","src/win32ide/Omega1IPCClient.cpp","PRESENT","win32ide"
"7596","src/win32ide/GhostTextRenderer.cpp","PRESENT","win32ide"
"7597","src/win32ide/StatusBarTelemetry.cpp","PRESENT","win32ide"
"7598","src/win32ide/Omega1IDEIntegration.cpp","PRESENT","win32ide"
"7599","src/win32ide/Win32IDE_Omega1Integration.cpp","PRESENT","win32ide"
"7642","src/engine/Omega1Engine_Server.cpp","PRESENT","engine"
"7656","keep MASMKernelStubs.cpp","COMMENTED_MISSING",
"7669","APPEND WIN32IDE_SOURCES src/closure/RawrXDAutoClosure.cpp","ACTIVE_MISSING","closure"
"7677","see _n2_final_classification_receipt.m","COMMENTED_MISSING",
"7678","APPEND WIN32IDE_SOURCES src/core/runtime_symbol_bridge.cpp","ACTIVE_MISSING","core"
"7679","APPEND WIN32IDE_SOURCES src/core/inference_link_production.cpp","ACTIVE_MISSING","core"
"7680","APPEND WIN32IDE_SOURCES src/core/win32ide_asm_kernel_bridge.cpp","ACTIVE_MISSING","core"
"7681","APPEND WIN32IDE_SOURCES src/core/kquant_nonmsvc.cpp","ACTIVE_MISSING","core"
"7683","resolves runAgenticE2EGate/formatAgenticE2EReceipt externals from main_win32.cpp","COMMENTED_MISSING","formatAgenticE2EReceipt externals from main_win32.cpp"
"7684","APPEND WIN32IDE_SOURCES src/agentic/RawrXDAgenticE2E.cpp","ACTIVE_MISSING","agentic"
"7685","runAgenticGate from main_win32.cpp","COMMENTED_MISSING",
"7686","APPEND WIN32IDE_SOURCES src/win32app/ide_agentic_gate.cpp","ACTIVE_MISSING","win32app"
"7688","excluded because hotpatch_telemetry_safety.h","COMMENTED_MISSING",
"7690","APPEND WIN32IDE_SOURCES src/core/live_binary_patcher.cpp","ACTIVE_MISSING","core"
"7693","APPEND WIN32IDE_SOURCES src/agentic/AgentOllamaClient.cpp","ACTIVE_MISSING","agentic"
"7695","for the IDE registry. main_win32.cpp","COMMENTED_MISSING",
"7696","Win32IDE_GitPanel.cpp","COMMENTED_MISSING",
"7701","APPEND WIN32IDE_SOURCES src/agentic/GitSafetyAuthority.cpp","ACTIVE_MISSING","agentic"
"7702","APPEND WIN32IDE_SOURCES src/agentic/GitSafetyAuthorityTools.cpp","ACTIVE_MISSING","agentic"
"7703","APPEND WIN32IDE_SOURCES src/agentic/GitSafetyAuthorityIdeSurface.cpp","ACTIVE_MISSING","agentic"
"7705","src/deep2/ReceiptAuthority.cpp","COMMENTED_PRESENT","deep2"
"7712","APPEND WIN32IDE_SOURCES src/deep2/ReceiptAuthority.cpp","ACTIVE_MISSING","deep2"
"7715","APPEND WIN32IDE_SOURCES src/win32app/IDELogger.cpp","ACTIVE_MISSING","win32app"
"7717","include/enterprise_license.h","COMMENTED_PRESENT","enterprise_license.h"
"7718","APPEND WIN32IDE_SOURCES src/core/enterprise_license_manifest.cpp","ACTIVE_MISSING","core"
"7721","APPEND WIN32IDE_SOURCES src/win32app/Win32IDE_StatusBar.cpp","ACTIVE_MISSING","win32app"
"7722","APPEND WIN32IDE_SOURCES src/win32app/Win32IDE_EditorEngine.cpp","ACTIVE_MISSING","win32app"
"7727","APPEND WIN32IDE_SOURCES src/win32app/Win32IDE_GhostText.cpp","ACTIVE_MISSING","win32app"
"7731","GGUFLoader via sovereign_gguf_mapper.h","COMMENTED_MISSING",
"7732","APPEND WIN32IDE_SOURCES src/core/embedding_engine.cpp","ACTIVE_MISSING","core"
"7738","APPEND WIN32IDE_SOURCES src/core/vision_encoder.cpp","ACTIVE_MISSING","core"
"7740","APPEND WIN32IDE_SOURCES src/lsp/lsp_hotpatch_impl.cpp","ACTIVE_MISSING","lsp"
"7741","APPEND WIN32IDE_SOURCES src/lsp/lsp_hotpatch_bridge_impl.cpp","ACTIVE_MISSING","lsp"
"7743","APPEND WIN32IDE_SOURCES src/closure/ToolGateway.cpp","ACTIVE_MISSING","closure"
"7746","APPEND WIN32IDE_SOURCES src/closure/WorkspaceGuard.cpp","ACTIVE_MISSING","closure"
"7749","APPEND WIN32IDE_SOURCES src/agent/local_reasoning_engine_real.cpp","ACTIVE_MISSING","agent"
"7750","APPEND WIN32IDE_SOURCES src/agent/local_reasoning_integration.cpp","ACTIVE_MISSING","agent"
"7753","APPEND WIN32IDE_SOURCES src/core/autonomous_workflow_engine.cpp","ACTIVE_MISSING","core"
"7754","APPEND WIN32IDE_SOURCES src/core/agentic_task_graph.cpp","ACTIVE_MISSING","core"
"7755","APPEND WIN32IDE_SOURCES src/core/pdb_native.cpp","ACTIVE_MISSING","core"
"7756","pdb_gsi_hash.cpp","COMMENTED_MISSING",
"7757","pdb_gsi_hash.h","COMMENTED_MISSING",
"7758","APPEND WIN32IDE_SOURCES src/core/pdb_gsi_hash.cpp","ACTIVE_MISSING","core"
"7761","APPEND WIN32IDE_SOURCES src/core/win32ide_debugger_bridge.cpp","ACTIVE_MISSING","core"
"7762","APPEND WIN32IDE_SOURCES src/core/win32ide_quadbuffer_bridge.cpp","ACTIVE_MISSING","core"
"7767","APPEND WIN32IDE_SOURCES src/reverse_engineering/re_api_bridge.cpp","ACTIVE_MISSING","reverse_engineering"
"7768","APPEND WIN32IDE_SOURCES src/reverse_engineering/disassembler.cpp","ACTIVE_MISSING","reverse_engineering"
"7772","APPEND WIN32IDE_SOURCES src/runtime/memory/TransferScheduler.cpp","ACTIVE_MISSING","runtime"
"7775","ssot_handlers.cpp","COMMENTED_MISSING",
"7782","src/repointel/RepositoryIntelligence.cpp","PRESENT","repointel"
"7785","workspace_model.cpp","COMMENTED_MISSING",
"7797","APPEND WIN32IDE_SOURCES src/core/workspace_model.cpp","ACTIVE_MISSING","core"
"7803","task_config_bridge.cpp  compiles src/core/task_system.hpp","COMMENTED_MISSING","core"
"7809","launch_config.cpp","COMMENTED_MISSING",
"7814","core/file_watcher.cpp   compiled only after core/file_watcher.h","COMMENTED_MISSING","file_watcher.cpp   compiled only after core"
"7815","the .cpp","COMMENTED_MISSING",
"7818","ide_project_config.cpp","COMMENTED_MISSING",
"7819","src/config/IDEConfig.cpp","COMMENTED_PRESENT","config"
"7822","src/core/task_config_bridge.cpp","PRESENT","core"
"7823","src/win32app/launch_config.cpp","PRESENT","win32app"
"7824","src/core/file_watcher.cpp","PRESENT","core"
"7920","/bin/RawrXD-Win32IDE.m","ACTIVE_MISSING","bin"
"7921","/RawrXD-Win32IDE.m","ACTIVE_MISSING","RawrXD-Win32IDE.m"
"8180","REMOVE_ITEM WIN32IDE_SOURCES src/core/model_loader_fallbacks.cpp","ACTIVE_MISSING","core"
"8181","removing src/core/model_loader_fallbacks.cpp","ACTIVE_MISSING","core"
"8234","model_llm_harvester.asm","COMMENTED_MISSING",
"8340","/src/security/uac_bypass_impl_stub.cpp","ACTIVE_MISSING","src"
"8342","src/crypto_masm.asm","PRESENT","crypto_masm.asm"
"8343","src/security/uac_bypass_impl_stub.cpp","PRESENT","security"
"8365","uses uac_bypass_impl_stub.cpp","ACTIVE_MISSING",
"8367","uac_bypass_impl_stub.cpp","ACTIVE_MISSING",
"8386","See docs/PMASSA_BYE_OLLAMA.m","COMMENTED_MISSING","PMASSA_BYE_OLLAMA.m"
"8412","/src/core/ssot_missing_handlers_provider.cpp","ACTIVE_MISSING","src"
"8520","src/sovereign/tests/SovereignTest_Main.cpp","PRESENT","sovereign"
"8521","src/sovereign/tests/SovereignTest_AtomicRollback.cpp","PRESENT","sovereign"
"8522","src/sovereign/tests/SovereignTest_CacheCoherency.cpp","PRESENT","sovereign"
"8523","src/sovereign/tests/SovereignTest_Correctness.cpp","PRESENT","sovereign"
"8551","src/sovereign/tests/SovereignTest_VAL038_E2E.cpp","PRESENT","sovereign"
"8580","src/sovereign/tests/SovereignTest_Deep2_Batch.cpp","PRESENT","sovereign"
"8608","src/deep2/test_generate_one_token.cpp","PRESENT","deep2"
"8631","src/deep2/test_generate_313_tokens.cpp","PRESENT","deep2"
"8652","src/deep2/test_q2k_single_tensor_oracle.cpp","PRESENT","deep2"
"8672","tests/test_embed_parity.cpp","PRESENT","test_embed_parity.cpp"
"8696","tests/generation_quality_gate.cpp","PRESENT","generation_quality_gate.cpp"
"8716","src/deep2/test_tokenizer.cpp","PRESENT","deep2"
"8738","src/deep2/test_q4k_gemv_parity.cpp","PRESENT","deep2"
"8756","src/deep2/test_q_elemdiff.cpp","PRESENT","deep2"
"8774","src/deep2/test_embed_q4k_token.cpp","PRESENT","deep2"
"8796","src/deep2/test_chat_template.cpp","PRESENT","deep2"
"8820","src/deep2/test_chat_template_unit.cpp","PRESENT","deep2"
"8842","src/deep2/test_streaming.cpp","PRESENT","deep2"
"8865","from tools/deep2_streamer_cert.cpp","COMMENTED_MISSING","deep2_streamer_cert.cpp"
"8871","src/deep2/deep2_streamer_cert.cpp","PRESENT","deep2"
"8872","src/deep2/StreamerGpuSoloGate.cpp","PRESENT","deep2"
"8896","src/deep2/deep2_streamer_parity.cpp","PRESENT","deep2"
"8897","src/deep2/StreamerParity_Harness.cpp","PRESENT","deep2"
"8898","src/deep2/StreamerParity_Post.cpp","PRESENT","deep2"
"8899","src/deep2/Deep2StreamApi.cpp","PRESENT","deep2"
"8923","src/deep2/deep2_gpu_solo_cert.cpp","PRESENT","deep2"
"8925","src/deep2/StreamerGpuSoloVk.cpp","PRESENT","deep2"
"8952","src/asm/Deep2Device_Score.asm src/asm/Deep2Device_Pick.asm","ACTIVE_MISSING","asm"
"8960","src/deep2/deep2_gpu_solo_decode_cert.cpp","PRESENT","deep2"
"8983","src/deep2/deep2_topology_portability_cert.cpp","PRESENT","deep2"
"9006","src/deep2/deep2_multi_gpu_layer_cert.cpp","PRESENT","deep2"
"9029","src/deep2/deep2_hybrid_all_hw_cert.cpp","PRESENT","deep2"
"9052","src/deep2/deep2_gpu_forward_ops_cert.cpp","PRESENT","deep2"
"9075","src/deep2/deep2_gpu_resident_decode_cert.cpp","PRESENT","deep2"
"9098","src/deep2/deep2_gpu_transfer_counter_cert.cpp","PRESENT","deep2"
"9116","src/deep2/deep2_gpu_transfer_overlap_cert.cpp","PRESENT","deep2"
"9138","src/deep2/deep2_gpu_weight_window_cert.cpp","PRESENT","deep2"
"9161","src/deep2/deep2_gpu_weight_prefetch_cert.cpp","PRESENT","deep2"
"9184","src/deep2/deep2_gpu_numeric_parity_cert.cpp","PRESENT","deep2"
"9207","src/deep2/deep2_gpu_q4k_gemv_cert.cpp","PRESENT","deep2"
"9230","src/deep2/deep2_gpu_q6k_gemv_cert.cpp","PRESENT","deep2"
"9253","src/deep2/deep2_gpu_quant_family_cert.cpp","PRESENT","deep2"
"9276","src/deep2/deep2_gpu_packed_forward_cert.cpp","PRESENT","deep2"
"9299","src/deep2/deep2_engine_ssvk_decode_bind_cert.cpp","PRESENT","deep2"
"9323","src/deep2/deep2_gpu_dynamic_window_cert.cpp","PRESENT","deep2"
"9346","src/deep2/deep2_runtime_batch1_cert.cpp","PRESENT","deep2"
"9369","src/deep2/deep2_runtime_batch2_cert.cpp","PRESENT","deep2"
"9392","src/deep2/deep2_runtime_batch3_cert.cpp","PRESENT","deep2"
"9408","src/deep2/deep2_k2_live_gen_perf_cert.cpp","PRESENT","deep2"
"9430","src/deep2/deep2_k2_live_policy_crossover_cert.cpp","PRESENT","deep2"
"9456","src/deep2/deep2_k2_live_policy_e2e_cert.cpp","PRESENT","deep2"
"9482","src/deep2/deep2_k2_gpu_stream_copy_cert.cpp","PRESENT","deep2"
"9508","src/deep2/deep2_k2_gpu_copy_compute_overlap_cert.cpp","PRESENT","deep2"
"9534","src/deep2/deep2_k2_live_gpu_stream_e2e_cert.cpp","PRESENT","deep2"
"9560","src/deep2/deep2_k2_gpu_stream_compute_cert.cpp","PRESENT","deep2"
"9586","src/deep2/deep2_k2_gpu_stream_mla_cert.cpp","PRESENT","deep2"
"9612","src/deep2/deep2_k2_gpu_mla_full_cert.cpp","PRESENT","deep2"
"9638","src/deep2/deep2_k2_gpu_mla_full_depth_cert.cpp","PRESENT","deep2"
"9664","src/deep2/deep2_k2_gpu_mla_re_cert.cpp","PRESENT","deep2"
"9690","src/deep2/deep2_k2_stream_miss_reality_cert.cpp","PRESENT","deep2"
"9716","src/deep2/deep2_deepseek_live_gen_perf_cert.cpp","PRESENT","deep2"
"9738","src/deep2/deep2_local_agent_audit_001.cpp","PRESENT","deep2"
"9762","src/deep2/p0_process_alive_001.cpp","PRESENT","deep2"
"9779","src/deep2/vwa_range_contract_001.cpp","PRESENT","deep2"
"9799","src/deep2/deep2_k2_logits_vwa_lineage_001.cpp","PRESENT","deep2"
"9822","src/deep2/vwa_address_contract_001.cpp","PRESENT","deep2"
"9846","/src/deep2/VwaRangeX64.asm","ACTIVE_MISSING","src"
"9848","Assembling VwaRangeX64.asm","ACTIVE_MISSING",
"9851","src/deep2/vwa_poc_1_001.cpp","PRESENT","deep2"
"9900","src/asm/Deep2R1_Smoke.asm src/asm/Deep2OuterSmoke.asm","ACTIVE_MISSING","asm"
"9905","src/asm/Deep2R1_Smoke.asm","PRESENT","asm"
"9918","src/asm/Deep2OuterSmoke.asm","PRESENT","asm"
"9932","src/deep2/deep2_outer_engine_bridge_cert.cpp","PRESENT","deep2"
"9933","src/deep2/Deep2OuterEngineBridge.cpp","PRESENT","deep2"
"9959","src/deep2/deep2_live_path_effectiveness_cert.cpp","PRESENT","deep2"
"9978","src/deep2/deep2_live_path_fused_control_cert.cpp","PRESENT","deep2"
"9979","src/deep2/LivePathFusedCert_Arm.cpp","PRESENT","deep2"
"9999","src/deep2/deep2_live_path_interaction_bounds_cert.cpp","PRESENT","deep2"
"10018","src/deep2/deep2_k2_full_depth_effectiveness_cert.cpp","PRESENT","deep2"
"10037","src/deep2/deep2_k2_full_depth_combined_policy_cert.cpp","PRESENT","deep2"
"10038","src/deep2/K2FullDepthCombined_Arm.cpp","PRESENT","deep2"
"10039","src/deep2/K2FullDepthCombined_Proof.cpp","PRESENT","deep2"
"10059","src/deep2/deep2_k2_full_depth_trampoline_promotion_cert.cpp","PRESENT","deep2"
"10081","src/deep2/deep2_k2_full_depth_fused_rebench_cert.cpp","PRESENT","deep2"
"10102","src/deep2/deep2_k2_trampoline_full_depth_opt_cert.cpp","PRESENT","deep2"
"10122","src/deep2/deep2_k2_auto_workload_policy_cert.cpp","PRESENT","deep2"
"10143","src/deep2/deep2_k2_e2e_model_size_matrix_cert.cpp","PRESENT","deep2"
"10161","src/deep2/deep2_k2_live_generate_policy_cert.cpp","PRESENT","deep2"
"10180","src/deep2/deep2_k2_live_policy_split_cert.cpp","PRESENT","deep2"
"10199","src/deep2/deep2_k2_policy_hysteresis_cert.cpp","PRESENT","deep2"
"10222","src/deep2/deep2_k2_mla_rebench_promote_cert.cpp","PRESENT","deep2"
"10241","src/deep2/deep2_k2_mla_reuse_promote_cert.cpp","PRESENT","deep2"
"10260","src/deep2/deep2_k2_mla_full_depth_soak_cert.cpp","PRESENT","deep2"
"10280","src/deep2/deep2_k2_live_decode_mla_cert.cpp","PRESENT","deep2"
"10299","/certs/mla_cert_001.cpp","ACTIVE_MISSING","certs"
"10300","mla_cert_001 certs/mla_cert_001.cpp","ACTIVE_MISSING","mla_cert_001.cpp"
"10321","src/deep2/deep2_k2_mla_fused_q4kt_cert.cpp","PRESENT","deep2"
"10341","src/deep2/deep2_k2_shard_attn_residency_cert.cpp","PRESENT","deep2"
"10361","src/deep2/deep2_k2_logits_q6k_resident_cert.cpp","PRESENT","deep2"
"10381","src/deep2/deep2_k2_mla_kv_expand_cert.cpp","PRESENT","deep2"
"10401","src/deep2/deep2_k2_mla_kv_expand_opt_cert.cpp","PRESENT","deep2"
"10421","src/deep2/deep2_k2_mla_qkv_proj_cert.cpp","PRESENT","deep2"
"10441","src/deep2/deep2_k2_mla_qa_critical_cert.cpp","PRESENT","deep2"
"10461","src/deep2/deep2_ucf_bounce_smoke.cpp","PRESENT","deep2"
"10480","src/deep2/deep2_ucf_no_stale_dispatch_001.cpp","PRESENT","deep2"
"10499","src/deep2/deep2_ucf_read_converge_001.cpp","PRESENT","deep2"
"10518","src/deep2/deep2_ucf_logits_range_bounce_001.cpp","PRESENT","deep2"
"10536","src/deep2/deep2_ucf_semantic_abi_v1_cert.cpp","PRESENT","deep2"
"10555","src/deep2/deep2_ucf_generation_ticket_001.cpp","PRESENT","deep2"
"10573","src/deep2/deep2_ucf_gpu_ready_e2e.cpp","PRESENT","deep2"
"10592","src/deep2/deep2_ucf_bouncehouse_example.cpp","PRESENT","deep2"
"10610","src/deep2/deep2_ucf_halo_spark_001.cpp","PRESENT","deep2"
"10628","src/deep2/deep2_rmv_mount_001.cpp","PRESENT","deep2"
"10647","src/deep2/deep2_vwa_e2e_001.cpp","PRESENT","deep2"
"10648","src/deep2/vwa/VwaScheduler_Fulfill.cpp","PRESENT","deep2"
"10649","src/deep2/vwa/VwaScheduler_Lease.cpp","PRESENT","deep2"
"10666","src/deep2/deep2_vwa_range_contract_001.cpp","PRESENT","deep2"
"10693","src/deep2/deep2_vwa_poc_1_001.cpp","PRESENT","deep2"
"10716","src/deep2/deep2_vwa_iocp_range_001.cpp","PRESENT","deep2"
"10738","src/deep2/deep2_ucf_mobility_fault_001.cpp","PRESENT","deep2"
"10756","src/deep2/deep2_k2_semantic_seal_cert.cpp","PRESENT","deep2"
"10776","src/deep2/deep2_k2_serverless_stream_latency_cert.cpp","PRESENT","deep2"
"10796","src/deep2/deep2_k2_live_decode_sustained_cert.cpp","PRESENT","deep2"
"10816","src/deep2/deep2_k2_wall_attribution_cert.cpp","PRESENT","deep2"
"10836","src/deep2/deep2_k2_logits_climb_cert.cpp","PRESENT","deep2"
"10856","src/deep2/deep2_k2_trygpu_logits_split_cert.cpp","PRESENT","deep2"
"10874","src/deep2/deep2_k2_logits_gpu_range_attribution_001.cpp","PRESENT","deep2"
"10933","src/deep2/rawrxd_run_modelname_001.cpp","PRESENT","deep2"
"10947","/src/deep2/rawr_run.cpp","ACTIVE_MISSING","src"
"10949","src/deep2/rawr_run.cpp","PRESENT","deep2"
"10951","src/deep2/ReceiptAuthority.cpp","PRESENT","deep2"
"10952","src/cli/RawrDumpAuthority.cpp","PRESENT","cli"
"10953","src/cli/RawrDumpInitConfig.cpp","PRESENT","cli"
"10954","src/cli/RawrDumpRebuild.cpp","PRESENT","cli"
"10955","src/models/ModelCatalogAuthority.cpp","PRESENT","models"
"10956","src/models/ModelClassificationAuthority.cpp","PRESENT","models"
"10957","src/models/OllamaCatalogReader.cpp","PRESENT","models"
"10958","src/models/GgufMetadataProbe.cpp","PRESENT","models"
"10959","src/models/RawrDumpRules.cpp","PRESENT","models"
"10960","src/agentmodes/ImmutableReceiptAuthority.cpp","PRESENT","agentmodes"
"10961","src/agent/AgentCore.cpp","PRESENT","agent"
"10962","src/agent/ResponseCodedAgent.cpp","PRESENT","agent"
"10963","src/agentmodes/AgentModeRegistry.cpp","PRESENT","agentmodes"
"10964","src/agentmodes/RawrAuditAuthority.cpp","PRESENT","agentmodes"
"10965","src/agentmodes/RawrReceiptValidator.cpp","PRESENT","agentmodes"
"10966","src/agentmodes/RawrGateVerifier.cpp","PRESENT","agentmodes"
"10967","src/agentmodes/RawrCertAuthority.cpp","PRESENT","agentmodes"
"10968","src/agentmodes/RawrFailureLedger.cpp","PRESENT","agentmodes"
"10969","src/agentmodes/RawrModesCli.cpp","PRESENT","agentmodes"
"10979","src/repointel/RepoIntelCli.cpp","PRESENT","repointel"
"10998",".../src/deep2/deep2_k2_useful_tps_001.cpp","COMMENTED_MISSING","src"
"11012","/src/deep2/deep2_k2_useful_tps_001.cpp","ACTIVE_MISSING","src"
"11014","src/deep2/deep2_k2_useful_tps_001.cpp","PRESENT","deep2"
"11051","it compiles Sampler.cpp","COMMENTED_MISSING",
"11054","/certs/rawrxd_sampler_combined_oob_001.cpp","ACTIVE_MISSING","certs"
"11056","certs/rawrxd_sampler_combined_oob_001.cpp","PRESENT","rawrxd_sampler_combined_oob_001.cpp"
"11070","missing certs/rawrxd_sampler_combined_oob_001.cpp","ACTIVE_MISSING","rawrxd_sampler_combined_oob_001.cpp"
"11074","failure recorded in audit/RAWRXD_HTTP_AUTHORITY_CHAIN_001.m","COMMENTED_MISSING","RAWRXD_HTTP_AUTHORITY_CHAIN_001.m"
"11087","/certs/http_template_marker_probe_001.cpp","ACTIVE_MISSING","certs"
"11089","certs/http_template_marker_probe_001.cpp","PRESENT","http_template_marker_probe_001.cpp"
"11109","/certs/http_oracle_suite_001.cpp","ACTIVE_MISSING","certs"
"11111","certs/http_oracle_suite_001.cpp","PRESENT","http_oracle_suite_001.cpp"
"11138","/certs/http_template_format_sweep_001.cpp","ACTIVE_MISSING","certs"
"11140","certs/http_template_format_sweep_001.cpp","PRESENT","http_template_format_sweep_001.cpp"
"11158","/src/deep2/deep2_openai_server_main.cpp","ACTIVE_MISSING","src"
"11160","src/deep2/deep2_openai_server_main.cpp","PRESENT","deep2"
"11161","src/deep2/deep2_openai_server.cpp","PRESENT","deep2"
"11166","src/agentic/ToolRegistry.h","COMMENTED_PRESENT","agentic"
"11166","ToolRegistry.cpp","COMMENTED_MISSING",
"11167","IdeToolImplementations.cpp","COMMENTED_MISSING",
"11170","src/agentic/IdeToolImplementations.cpp","COMMENTED_PRESENT","agentic"
"11175","include/agentic/AgentToolRegistry.h","COMMENTED_PRESENT","agentic"
"11194","src/agentic/GitSafetyAuthority.cpp","PRESENT","agentic"
"11195","src/agentic/GitSafetyAuthorityTools.cpp","PRESENT","agentic"
"11196","src/core/ToolRegistry.cpp","COMMENTED_PRESENT","core"
"11199","Legacy ToolRegistry.cpp","COMMENTED_MISSING",
"11243","configure. Canonical agent authority is src/rawr_agent.cpp","COMMENTED_MISSING","rawr_agent.cpp"
"11266","src/deep2/deep2_k2_tps_rainbow_cert.cpp","PRESENT","deep2"
"11286","src/deep2/deep2_k2_gpu_mla_slot_reuse_cert.cpp","PRESENT","deep2"
"11311","src/deep2/deep2_nu_live_consumer_cert.cpp","PRESENT","deep2"
"11336","src/deep2/deep2_k2_gpu_mla_nu_bridge_cert.cpp","PRESENT","deep2"
"11360","/src/deep2/deep2_nu_perf_cert.cpp","ACTIVE_MISSING","src"
"11361","deep2_nu_perf_cert src/deep2/deep2_nu_perf_cert.cpp","ACTIVE_MISSING","deep2"
"11387","src/deep2/deep2_nu_gemv_parity_cert.cpp","PRESENT","deep2"
"11413","src/deep2/deep2_nu_gpu_gemv_cert.cpp","PRESENT","deep2"
"11438","src/deep2/deep2_nu_pack_format_cert.cpp","PRESENT","deep2"
"11459","src/rkc/rkc_deep2_model_authority_cert.cpp","PRESENT","rkc"
"11476","/src/rkc/rkc_model_inventory_cert.cpp","ACTIVE_MISSING","src"
"11477","rkc_model_inventory_cert src/rkc/rkc_model_inventory_cert.cpp","ACTIVE_MISSING","rkc"
"11493","/src/rkc/rkc_negative_knowledge_cert.cpp","ACTIVE_MISSING","src"
"11494","rkc_negative_knowledge_cert src/rkc/rkc_negative_knowledge_cert.cpp","ACTIVE_MISSING","rkc"
"11510","/src/rkc/rkc_minimal_source_cert.cpp","ACTIVE_MISSING","src"
"11511","rkc_minimal_source_cert src/rkc/rkc_minimal_source_cert.cpp","ACTIVE_MISSING","rkc"
"11527","/src/rkc/rkc_code_world_cert.cpp","ACTIVE_MISSING","src"
"11528","rkc_code_world_cert src/rkc/rkc_code_world_cert.cpp","ACTIVE_MISSING","rkc"
"11544","/src/rkc/rkc_smoke.cpp","ACTIVE_MISSING","src"
"11545","rkc_smoke src/rkc/rkc_smoke.cpp","ACTIVE_MISSING","rkc"
"11560","/src/rkc/rkc_product_context_smoke.cpp","ACTIVE_MISSING","src"
"11561","rkc_product_context_smoke src/rkc/rkc_product_context_smoke.cpp","ACTIVE_MISSING","rkc"
"11582","src/deep2/deep2_giant_moe_paragraph_perf_cert.cpp","PRESENT","deep2"
"11605","src/agentic/agent_runtime_batch1_cert.cpp","PRESENT","agentic"
"11628","src/deep2/deep2_placement_cost_cert.cpp","PRESENT","deep2"
"11653","src/deep2/deep2_mars_e2e.cpp","PRESENT","deep2"
"11674","src/deep2/mars/test_mars_controller.cpp","PRESENT","deep2"
"11698","src/deep2/deep2_execution_policy_smoke.cpp","PRESENT","deep2"
"11722","src/deep2/p1_ide_exec_policy_apply_001.cpp","PRESENT","deep2"
"11745","src/deep2/p1_ide_exec_policy_live_gguf_001.cpp","PRESENT","deep2"
"11768","src/deep2/p1_real_speedup_001.cpp","PRESENT","deep2"
"11792","src/deep2/p1_repeatability_trial_validity_diag_001.cpp","PRESENT","deep2"
"11815","src/deep2/p1_policy_sha_lifecycle_diag_001.cpp","PRESENT","deep2"
"11838","src/deep2/p1_repeatability_state_drift_diag_001.cpp","PRESENT","deep2"
"11861","src/win32app/p1_ui_encoding_cert.cpp","PRESENT","win32app"
"11883","src/win32app/p1_ui_menu_e2e_cert.cpp","PRESENT","win32app"
"11902","src/win32app/p1_ui_sidebar_encoding_cert.cpp","PRESENT","win32app"
"11920","src/win32app/p1_ui_menu_lifetime_cert.cpp","PRESENT","win32app"
"11936","External llama.cpp","COMMENTED_MISSING",
"11941","src/deep2/deep2_parity_cert.cpp","PRESENT","deep2"
"11961","Replaces the stubbed deep2_end_to_end_bench.cpp","COMMENTED_MISSING",
"11994","src/agentic/ide_agent_loop_cert.cpp","PRESENT","agentic"
"12026","src/deep2/test_deterministic_replay.cpp","PRESENT","deep2"
"12049","src/deep2/dump_qwen35_meta.cpp","PRESENT","deep2"
"12084","src/agentic/rawrxd_agentic_runtime_all.cpp","PRESENT","agentic"
"12104","tests/hexmag_repeat_tuner_cert.cpp","PRESENT","hexmag_repeat_tuner_cert.cpp"
"12121","tests/hexmag_ide_e2e_cert.cpp","PRESENT","hexmag_ide_e2e_cert.cpp"
"12146","tests/hexmag_runtime_controller_cert.cpp","PRESENT","hexmag_runtime_controller_cert.cpp"
"12175","src/deep2/layer_harness.cpp","PRESENT","deep2"
"12193","src/deep2/test_l10_ffn_inp_same_source.cpp","PRESENT","deep2"
"12215","src/deep2/qwen35_attn_contract.cpp","PRESENT","deep2"
"12239","src/deep2/test_val_051_3_multi_token.cpp","PRESENT","deep2"
"12266","tests/val_051_5_fifteen_token.cpp","PRESENT","val_051_5_fifteen_token.cpp"
"12293","tests/val_051_5_diag_1_token.cpp","PRESENT","val_051_5_diag_1_token.cpp"
"12332","src/deep2/ResidencyLease.cpp","PRESENT","deep2"
"12333","src/deep2/VAL0517BaselineFixture.cpp","PRESENT","deep2"
"12375","tests/val_bp16_int_1_token.cpp","PRESENT","val_bp16_int_1_token.cpp"
"12453","tests/val_051_5_q6k_synthetic.cpp","PRESENT","val_051_5_q6k_synthetic.cpp"
"12475","tests/val_051_5_bp16_streamer.cpp","PRESENT","val_051_5_bp16_streamer.cpp"
"12499","tests/val_051_5_bp16_e2e.cpp","PRESENT","val_051_5_bp16_e2e.cpp"
"12577","tests/val_051_5_bp16_compare.cpp","PRESENT","val_051_5_bp16_compare.cpp"
"12662","tests/val_051_5_bp16_weights.cpp","PRESENT","val_051_5_bp16_weights.cpp"
"12740","tests/val_051_5_bp16_verify.cpp","PRESENT","val_051_5_bp16_verify.cpp"
"12769","tests/val_051_5_bp16_logits.cpp","PRESENT","val_051_5_bp16_logits.cpp"
"12847","tests/val_051_6_bp16_perf.cpp","PRESENT","val_051_6_bp16_perf.cpp"
"12925","tests/val_051_7_bp16_profile.cpp","PRESENT","val_051_7_bp16_profile.cpp"
"13003","tests/val_051_7_bp16_lightweight_profile.cpp","PRESENT","val_051_7_bp16_lightweight_profile.cpp"
"13080","tests/minimal_1token_profiler.cpp","PRESENT","minimal_1token_profiler.cpp"
"13157","tests/quick_1layer_profiler.cpp","PRESENT","quick_1layer_profiler.cpp"
"13235","tests/q4k_gemv_bench.cpp","PRESENT","q4k_gemv_bench.cpp"
"13257","tests/q5k_gemv_bench.cpp","PRESENT","q5k_gemv_bench.cpp"
"13279","tests/val_051_5_bp16_diag.cpp","PRESENT","val_051_5_bp16_diag.cpp"
"13358","tests/val_051_5_bp16_bench.cpp","PRESENT","val_051_5_bp16_bench.cpp"
"13437","tests/val_051_5_bp16_loadbench.cpp","PRESENT","val_051_5_bp16_loadbench.cpp"
"13467","tests/val_051_5_q4k_fused_verify.cpp","PRESENT","val_051_5_q4k_fused_verify.cpp"
"13485","tests/val_051_5_q4k_gemv_bench.cpp","PRESENT","val_051_5_q4k_gemv_bench.cpp"
"13491","/CMakeFiles/val_051_5_diag_1_token.dir/src/deep2/sovereign_q4k_gemv_v2.asm","ACTIVE_MISSING","CMakeFiles"
"13506","tests/val_051_5_q2k_gemv_verify.cpp","PRESENT","val_051_5_q2k_gemv_verify.cpp"
"13524","tests/val_051_5_q2k_gemv_bench.cpp","PRESENT","val_051_5_q2k_gemv_bench.cpp"
"13542","tests/val_051_5_q5k_gemv_verify.cpp","PRESENT","val_051_5_q5k_gemv_verify.cpp"
"13560","tests/val_051_5_q5k_gemv_bench.cpp","PRESENT","val_051_5_q5k_gemv_bench.cpp"
"13578","tests/val_051_5_q5k_forward_bench.cpp","PRESENT","val_051_5_q5k_forward_bench.cpp"
"13596","tests/val_051_8_linearw_thread_scaling.cpp","PRESENT","val_051_8_linearw_thread_scaling.cpp"
"13674","tests/val_051_8_layer_profile.cpp","PRESENT","val_051_8_layer_profile.cpp"
"13752","tests/val_051_5_q2k_profile.cpp","PRESENT","val_051_5_q2k_profile.cpp"
"13771","src/sovereign/tests/SovereignTest_PatchRegistry.cpp","PRESENT","sovereign"
"13802","src/sovereign/patcher/HotPatcher.cpp","PRESENT","sovereign"
"13803","src/sovereign/tests/SovereignTest_HotPatcher.cpp","PRESENT","sovereign"
"13834","src/sovereign/session/SessionStore.cpp","PRESENT","sovereign"
"13835","src/sovereign/agent/AgentGraphRuntime.cpp","PRESENT","sovereign"
"13836","src/sovereign/agent/AutonomousAgent.cpp","PRESENT","sovereign"
"13837","src/sovereign/tool/ToolRegistry.cpp","PRESENT","sovereign"
"13838","src/sovereign/tests/SovereignTest_AutonomousAgent.cpp","PRESENT","sovereign"
"13871","/src/sovereign/patcher/AntiHallucinationHotPatcher.asm","ACTIVE_MISSING","src"
"13878","Assembling AntiHallucinationHotPatcher.asm","ACTIVE_MISSING",
"13884","src/sovereign/tests/SovereignTest_AntiHallucination.cpp","PRESENT","sovereign"
"13971","tests/test_autonomous_pipeline.cpp","PRESENT","test_autonomous_pipeline.cpp"
"13983","/src/cpu_inference_engine_autofix_stub.cpp","ACTIVE_MISSING","src"
"13985","src/app/cli_entrypoint.cpp","PRESENT","app"
"13986","Removed quantum_agent_orchestrator.cpp","COMMENTED_MISSING",
"13989","src/cpu_inference_engine_autofix_stub.cpp","PRESENT","cpu_inference_engine_autofix_stub.cpp"
"14008","uses cpu_inference_engine_autofix_stub.cpp","ACTIVE_MISSING",
"14010","cpu_inference_engine_autofix_stub.cpp","ACTIVE_MISSING",
"14135","src/deep2/ResidencyTrace.asm","PRESENT","deep2"
"14140","src/deep2/sovereign_q4_0_gemv.asm","PRESENT","deep2"
"14146","src/deep2/sovereign_fp8_gemv.asm","PRESENT","deep2"
"14147","src/deep2/sovereign_iq2_xxs_gemv.asm","PRESENT","deep2"
"14148","src/deep2/sovereign_iq3_xxs_gemv.asm","PRESENT","deep2"
"14149","src/deep2/sovereign_iq4_nl_gemv.asm","PRESENT","deep2"
"14150","sovereign_q2_k_gemv.asm","COMMENTED_MISSING",
"14152","sovereign_q3_k_gemv.asm","COMMENTED_MISSING",
"14155","QuantKernelRegistry.cpp","COMMENTED_MISSING",
"14161","src/deep2/Sovereign_Attention_KV_AVX512.asm","PRESENT","deep2"
"14342","src/benchmark/Fix3_NHWC_Benchmark_Stub.cpp","COMMENTED_PRESENT","benchmark"
"14672","src/benchmark/tree_attention_masm_val038.asm","PRESENT","benchmark"
"14679","Enable MASM for the .asm","COMMENTED_MISSING",
"14754","src/tools/RawrXD_TpsSmoke.cpp","PRESENT","tools"
"14785","docs/ANALYSIS_QUICKSTART.m","COMMENTED_MISSING","ANALYSIS_QUICKSTART.m"
"14786","gguf_k_quants.cpp","COMMENTED_MISSING",
"14789","src/core/model_anatomy.cpp","PRESENT","core"
"14790","src/core/neurological_diff.cpp","PRESENT","core"
"14832","Implant_Model_Analysis.ps1 / ANALYSIS_QUICKSTART.m","COMMENTED_MISSING"," ANALYSIS_QUICKSTART.m"
"14850","src/tests/swarm_smoke_stubs.cpp","COMMENTED_PRESENT","tests"
"14861","uses swarm_smoke_stubs.cpp","ACTIVE_MISSING",
"14867","src/tests/backend_orchestrator_shard_smoke_stubs.cpp","COMMENTED_PRESENT","tests"
"14921","tests/autonomy/recovery/GoldenRecoveryTests.cpp","PRESENT","autonomy"
"15168","The production half of the regime ladder. regime_sweep.cpp","COMMENTED_MISSING",
"15182","/production_regime_sweep.cpp","ACTIVE_MISSING","production_regime_sweep.cpp"
"15184","production_regime_sweep.cpp","PRESENT",
"15220","llama.cpp","COMMENTED_MISSING",
"15237","/tools/address_resolver_native.cpp","ACTIVE_MISSING","tools"
"15239","tools/address_resolver_native.cpp","PRESENT","address_resolver_native.cpp"
"15322","/src/lsp/RawrXD_LSPServer.cpp","ACTIVE_MISSING","src"
"15351","/src/script/debug/minimal_dap_server.cpp","ACTIVE_MISSING","src"
"15353","src/script/debug/minimal_dap_server.cpp","PRESENT","script"
"15499","/tests/test_q4_fused_pipeline.cpp","ACTIVE_MISSING","tests"
"15505","/tests/test_q4_cache_alignment.cpp","ACTIVE_MISSING","tests"
"15511","/tests/test_q4_asm_debug.cpp","ACTIVE_MISSING","tests"
"15518","/src/kernels/q4_preprocessed_avx512.asm","ACTIVE_MISSING","src"
"15521","src/kernels/q4_preprocessed_avx512.asm","PRESENT","kernels"
"15533","remote.inc","COMMENTED_MISSING",
"15554","/tests/test_q4_scalar_simd.cpp","ACTIVE_MISSING","tests"
"15587","/tests/benchmark_dispatch_overhead.cpp","ACTIVE_MISSING","tests"
"15592","/tests/benchmark_planner_amortization.cpp","ACTIVE_MISSING","tests"
"15597","/tests/validate_end_to_end.cpp","ACTIVE_MISSING","tests"
"15602","/tests/nevm_determinism_validation.cpp","ACTIVE_MISSING","tests"
"15609","/tests/nevm_stress_test.cpp","ACTIVE_MISSING","tests"
"15616","/src/profiling/pmc_profiler.cpp","ACTIVE_MISSING","src"
"15618","src/profiling/pmc_profiler.cpp","PRESENT","profiling"
"15630","/src/profiling/flame_graph.cpp","ACTIVE_MISSING","src"
"15632","src/profiling/flame_graph.cpp","PRESENT","profiling"
"15647","/tests/benchmark_dispatch_pmc.cpp","ACTIVE_MISSING","tests"
"15671","src/soloide/main.cpp","PRESENT","soloide"
"15672","src/soloide/Core/Bus.cpp","PRESENT","soloide"
"15673","src/soloide/UI/SoloIDE.cpp","PRESENT","soloide"
"15674","src/soloide/UI/Panels/EditorPanel.cpp","PRESENT","soloide"
"15675","src/soloide/UI/Panels/ChatPanel.cpp","PRESENT","soloide"
"15676","src/soloide/UI/Panels/DebugPanel.cpp","PRESENT","soloide"
"15677","src/soloide/UI/Panels/TerminalPanel.cpp","PRESENT","soloide"
"15678","src/soloide/UI/Panels/ProjectPanel.cpp","PRESENT","soloide"
"15679","src/soloide/UI/Panels/StatusPanel.cpp","PRESENT","soloide"
"15680","src/soloide/AI/CompletionEngine.cpp","PRESENT","soloide"
"15681","src/soloide/AI/AdvancedCodingAgent.cpp","PRESENT","soloide"
"15682","src/soloide/AI/MultiModalModelRouter.cpp","PRESENT","soloide"
"15683","src/soloide/Debug/DAPClient.cpp","PRESENT","soloide"
"15684","src/soloide/LSP/LSPClient.cpp","PRESENT","soloide"
"15688","src/soloide/Core/Bus.hpp","PRESENT","soloide"
"15689","src/soloide/UI/SoloIDE.hpp","PRESENT","soloide"
"15690","src/soloide/UI/Panels/EditorPanel.hpp","PRESENT","soloide"
"15691","src/soloide/UI/Panels/ChatPanel.hpp","PRESENT","soloide"
"15692","src/soloide/UI/Panels/DebugPanel.hpp","PRESENT","soloide"
"15693","src/soloide/UI/Panels/TerminalPanel.hpp","PRESENT","soloide"
"15694","src/soloide/UI/Panels/ProjectPanel.hpp","PRESENT","soloide"
"15695","src/soloide/UI/Panels/StatusPanel.hpp","PRESENT","soloide"
"15696","src/soloide/AI/CompletionEngine.hpp","PRESENT","soloide"
"15697","src/soloide/AI/AdvancedCodingAgent.hpp","PRESENT","soloide"
"15698","src/soloide/AI/MultiModalModelRouter.hpp","PRESENT","soloide"
"15699","src/soloide/Debug/DAPClient.hpp","PRESENT","soloide"
"15700","src/soloide/LSP/LSPClient.hpp","PRESENT","soloide"
"15703","/src/soloide/main.cpp","ACTIVE_MISSING","src"
"15739","/tests/test_generation.cpp","COMMENTED_MISSING","tests"
"15740","test_generation tests/test_generation.cpp","COMMENTED_MISSING","test_generation.cpp"
"15746","test_llama_native tests/test_llama_native.cpp","ACTIVE_MISSING","test_llama_native.cpp"
"15779","tests/deep2_link_stubs.cpp","PRESENT","deep2_link_stubs.cpp"
"15794","k2_runtime_validation tests/k2_runtime_validation.cpp","ACTIVE_MISSING","k2_runtime_validation.cpp"
"15849","test_q4k_decoder tests/test_q4k_decoder.cpp","ACTIVE_MISSING","test_q4k_decoder.cpp"
"15860","Certifies sovereign_q6_k_gemv.asm","COMMENTED_MISSING",
"15864","/tests/test_quant_dequant_crosscheck.cpp","ACTIVE_MISSING","tests"
"15869","k2_native_smoke_test tests/k2_native_smoke_test.cpp","ACTIVE_MISSING","k2_native_smoke_test.cpp"
"15919","k2_002_tensor_streaming tests/k2_002_tensor_streaming.cpp","ACTIVE_MISSING","k2_002_tensor_streaming.cpp"
"15970","k2_003_layer_execution tests/k2_003_layer_execution.cpp","ACTIVE_MISSING","k2_003_layer_execution.cpp"
"16022","k2_003b_native_gemv_validation tests/k2_003b_native_gemv_validation.cpp","ACTIVE_MISSING","k2_003b_native_gemv_validation.cpp"
"16036","k2_003c_single_layer_forward tests/k2_003c_single_layer_forward.cpp","ACTIVE_MISSING","k2_003c_single_layer_forward.cpp"
"16049","k2_004_bounded_prefill tests/k2_004_bounded_prefill.cpp","ACTIVE_MISSING","k2_004_bounded_prefill.cpp"
"16101","k2_004_bounded_multi_layer_prefill tests/k2_004_bounded_multi_layer_prefill.cpp","ACTIVE_MISSING","k2_004_bounded_multi_layer_prefill.cpp"
"16115","k2_005_autoregressive_kv_cache tests/k2_005_autoregressive_kv_cache.cpp","ACTIVE_MISSING","k2_005_autoregressive_kv_cache.cpp"
"16130","k2_006_bounded_token_generation tests/k2_006_bounded_token_generation.cpp","ACTIVE_MISSING","k2_006_bounded_token_generation.cpp"
"16146","k2_007_real_output_projection tests/k2_007_real_output_projection.cpp","ACTIVE_MISSING","k2_007_real_output_projection.cpp"
"16158","/tests/k2_007a_tokenizer_metadata.cpp","ACTIVE_MISSING","tests"
"16164","k2_007b_projection_logits_interface tests/k2_007b_projection_logits_interface.cpp","ACTIVE_MISSING","k2_007b_projection_logits_interface.cpp"
"16178","k2_008_end_to_end_semantic_generation tests/k2_008_end_to_end_semantic_generation.cpp","ACTIVE_MISSING","k2_008_end_to_end_semantic_generation.cpp"
"16197","k2_009_token_embedding_lookup tests/k2_009_token_embedding_lookup.cpp","ACTIVE_MISSING","k2_009_token_embedding_lookup.cpp"
"16209","tests/b004_transformer_router_streaming_integration.cpp","PRESENT","b004_transformer_router_streaming_integration.cpp"
"16217","the sole definition site for rawrxd_transformer.cpp","COMMENTED_MISSING",
"16290","B012/build/amortization_test.cpp","PRESENT","build"
"16346","B013/build/stability_test.cpp","PRESENT","build"
"16396","B014/build/compute_decomposition.cpp","PRESENT","build"
"16398","B014/build/B014_RingAdapter.cpp","PRESENT","build"
"16449","B014/build/b014_boundary_probe.cpp","PRESENT","build"
"16499","B014/build/b014_single_boundary.cpp","PRESENT","build"
"16549","B014/build/b014_lifetime_probe.cpp","PRESENT","build"
"16599","tests/b005_canonical_model_certification.cpp","PRESENT","b005_canonical_model_certification.cpp"
"16600","src/canonical/gguf_adapter.cpp","PRESENT","canonical"
"16601","src/canonical/unified_model_loader.cpp","PRESENT","canonical"
"16623","tests/b006_kv_cache_verification.cpp","PRESENT","b006_kv_cache_verification.cpp"
"16705","tests/b007_performance_baseline.cpp","PRESENT","b007_performance_baseline.cpp"
"16787","tests/b008_ci_integration.cpp","PRESENT","b008_ci_integration.cpp"
"16798","tests/b010/b010_weight_residency_profile.cpp","PRESENT","b010"
"16824","/tests/b010/b010_weight_residency_profile.cpp","ACTIVE_MISSING","tests"
"16873","EXISTS b010_weight_residency_profile.cpp","COMMENTED_MISSING",
"16879","tests/b011_weight_residency_optimization.cpp","PRESENT","b011_weight_residency_optimization.cpp"
"16958","tests/b015/b015_residency_validation.cpp","PRESENT","b015"
"17037","tests/b015/b015_pool_microbench.cpp","PRESENT","b015"
"17106","tests/b015/b015_pool_direct_test.cpp","PRESENT","b015"
"17153","B015/build/b015_cert_test.cpp","PRESENT","build"
"17178","tests/b010_b011_fast_experiment.cpp","PRESENT","b010_b011_fast_experiment.cpp"
"17238","tests/b009/b009_batched_prefill_certification.cpp","PRESENT","b009"
"17311","tests/b009/b009a_fast_validation.cpp","PRESENT","b009"
"17378","tests/b009/b009_t128_certification.cpp","PRESENT","b009"
"17448","tests/b016/b016_gemm_efficiency_probe.cpp","PRESENT","b016"
"17519","tests/b009/b009_t128_instrumented.cpp","PRESENT","b009"
"17585","certification/CertificationHarness.cpp","PRESENT","CertificationHarness.cpp"
"17680","certification/native_toolchain_cert.cpp","PRESENT","native_toolchain_cert.cpp"
"17721","src/deep2/test_v_proj_parity.cpp","PRESENT","deep2"
"17740","src/deep2/RealGGUFParity.cpp","PRESENT","deep2"
"17757","/src/deep2/test_attn_out_bisect.cpp","ACTIVE_MISSING","src"
"17758","test_attn_out_bisect src/deep2/test_attn_out_bisect.cpp","ACTIVE_MISSING","deep2"
"17769","/src/deep2/test_o_proj_gemv.cpp","ACTIVE_MISSING","src"
"17770","test_o_proj_gemv src/deep2/test_o_proj_gemv.cpp","ACTIVE_MISSING","deep2"
"17781","/src/deep2/test_o_proj_mulmat_002.cpp","ACTIVE_MISSING","src"
"17782","test_o_proj_mulmat_002 src/deep2/test_o_proj_mulmat_002.cpp","ACTIVE_MISSING","deep2"
"17795","/src/deep2/_probe_chat_quality.cpp","ACTIVE_MISSING","src"
"17796","_probe_chat_quality src/deep2/_probe_chat_quality.cpp","ACTIVE_MISSING","deep2"
"17807","tools/ev512_ide_gui_lifecycle_smoke.cpp","PRESENT","ev512_ide_gui_lifecycle_smoke.cpp"
"17826","tools/ev512_ops_remaining_smoke.cpp","PRESENT","ev512_ops_remaining_smoke.cpp"
"17844","tools/ev512_ide_workflow_smoke.cpp","PRESENT","ev512_ide_workflow_smoke.cpp"
"17862","tools/ev512_ide_restore_reload_fault_smoke.cpp","PRESENT","ev512_ide_restore_reload_fault_smoke.cpp"
"17895","src/authority/SingleWriterAuthority.cpp","PRESENT","authority"
"17917","only consumer was tools/single_writer_adversarial_test.cpp","COMMENTED_MISSING","single_writer_adversarial_test.cpp"
"17931","tools/ckpt_rollback_crash_cert.cpp","PRESENT","ckpt_rollback_crash_cert.cpp"
"17937","tools/decode_step_instrument.cpp","PRESENT","decode_step_instrument.cpp"
"17962","tools/server_generation_parity.cpp","PRESENT","server_generation_parity.cpp"
"17994","device. Certifies the mechanism behind vulkan_compute.cpp","COMMENTED_MISSING",
"17997","tools/mla_upload_contract_cert.cpp","PRESENT","mla_upload_contract_cert.cpp"
"18013","tools/mla_forward_chain_cert.cpp","PRESENT","mla_forward_chain_cert.cpp"
"18039","tools/single_writer_adversarial_test.cpp","PRESENT","single_writer_adversarial_test.cpp"
"18072","tools/deep2_generation_lifecycle_test.cpp","PRESENT","deep2_generation_lifecycle_test.cpp"
"18106","tools/deep2_ssm_norm_layout_gate.cpp","PRESENT","deep2_ssm_norm_layout_gate.cpp"
"18128","ModelRegistry was declared in Deep2ModelRegistry.hpp","COMMENTED_MISSING",
"18148","Deliberately links only QuantKernelRegistry.cpp","COMMENTED_MISSING",
"18161","ModelRegistry.cpp reaches QuantKernelRegistry.hpp","COMMENTED_MISSING",
"18161","which requires GGUFLoader.hpp","COMMENTED_MISSING",
"18162","and GGUFLoader.hpp","COMMENTED_MISSING",
"18163","src/deep2/vulkan_compute.h","COMMENTED_PRESENT","deep2"
"18185","so QuantKernelRegistry.cpp","COMMENTED_MISSING",
"18188","QuantKernelRegistry.cpp","ACTIVE_MISSING",
"18199","tools/deep2_model_registry_admission_test.cpp","PRESENT","deep2_model_registry_admission_test.cpp"
"18210","Deep2ModelRegistry.hpp","COMMENTED_MISSING",
"18210","Deep2Engine.h","COMMENTED_MISSING",
"18234","because ModelRegistry.cpp and QuantKernelRegistry.cpp","COMMENTED_MISSING",
"18238","tools/deep2_loader_admission_probe.cpp","PRESENT","deep2_loader_admission_probe.cpp"
"18265","tools/deep2_canonical_inference_probe.cpp","PRESENT","deep2_canonical_inference_probe.cpp"
"18299","tools/q4k_gemv_parity.cpp","PRESENT","q4k_gemv_parity.cpp"
"18332","inference_authority_ladder.cpp","COMMENTED_PRESENT",
"18355","Win32IDE_ChatPanel.cpp","COMMENTED_MISSING",
"18361","inference_authority_ladder.cpp","PRESENT",
"18363","Win32IDE_Core.cpp","COMMENTED_MISSING",
"18364","ChatPanel.cpp","COMMENTED_MISSING",
"18421","tools/q3k_block_diff.cpp","PRESENT","q3k_block_diff.cpp"
"18433","Deep2_PreparedWeightCache.hpp","COMMENTED_MISSING",
"18443","tools/prepared_cache_unit.cpp","PRESENT","prepared_cache_unit.cpp"
"18463","tools/thread_geometry_probe.cpp","PRESENT","thread_geometry_probe.cpp"
"18489","src/deep2/k_quant_gemv_avx512.h","COMMENTED_PRESENT","deep2"
"18496","immintrin.h","COMMENTED_MISSING",
"18534","full_model_inference.cpp","PRESENT",
"18587","tools/repo_intelligence_cert.cpp","COMMENTED_PRESENT","repo_intelligence_cert.cpp"
"18617","tools/repo_intelligence_cert.cpp","PRESENT","repo_intelligence_cert.cpp"
"18648","tools/semantic_code_intelligence_cert.cpp","PRESENT","semantic_code_intelligence_cert.cpp"
"18695","src/agentic/GitSafetyAuthorityIdeSurface.cpp","PRESENT","agentic"
"18698","AgentToolRegistry.cpp","COMMENTED_MISSING",
"18707","GitSafetyAuthorityIdeSurface.cpp","COMMENTED_MISSING",
"18727","tools/git_safety_authority_cert.cpp","PRESENT","git_safety_authority_cert.cpp"
"18750","src/agentic/GitSafetyAuthority.h","PRESENT","agentic"
"18752","src/agentic/GitSafetyAuthorityTools.h","PRESENT","agentic"
"18755","src/agentic/CommandExecutor.h","PRESENT","agentic"
"18759","include/agentic/AgentToolRegistry.h","PRESENT","agentic"
"18760","src/deep2/AgentToolRegistry.hpp","PRESENT","deep2"
"18762","src/deep2/ReceiptAuthority.h","PRESENT","deep2"
"18921","1. The shipping surface is COMMAND_TABLE in src/core/command_registry.hpp","COMMENTED_MISSING","core"
"18960","It deliberately does NOT link command_registry.hpp","COMMENTED_MISSING",
"18975","3. src/refactor/RefactorChainIdeSurface.cpp","COMMENTED_MISSING","refactor"
"18980","win32ide_handler_impls.cpp","COMMENTED_MISSING",
"18983","tools/refactor_chain_cert.cpp","PRESENT","refactor_chain_cert.cpp"
"19051","tools/model_tool_protocol_cert.cpp","PRESENT","model_tool_protocol_cert.cpp"
"19084","src/streamer/ModelInventory.cpp","PRESENT","streamer"
"19093","tools/deep2_streamer_cert.cpp","PRESENT","deep2_streamer_cert.cpp"
"19106","Deep2StackGuard.cpp","COMMENTED_MISSING",
"19107","Layer0Guard.cpp","COMMENTED_MISSING",
"19127","INFERENCE_ENGINE_SOURCES via src/deep2/expert_cache/Deep2StackGuard.cpp","COMMENTED_MISSING","deep2"
"19128","and that copy is byte-identical to src/deep2/Deep2StackGuard.cpp","COMMENTED_MISSING","deep2"
"19134","src/deep2/Layer0Guard.cpp","PRESENT","deep2"
"19142","tools/deep2_streamer_parity.cpp","PRESENT","deep2_streamer_parity.cpp"
"19154","certs/direct_io_probe_001.cpp","PRESENT","direct_io_probe_001.cpp"
"19168","certs/rawr_dog_harness.cpp","PRESENT","rawr_dog_harness.cpp"
